Window,Label,Max_Acc,Mean_Acc,Std_Acc,Max_Gyro,Mean_Gyro,Std_Gyro,Rep_Count,Smoothness
0,5,0.0565946,0.0180584,0.010999,0.0858092,0.0341101,0.0209271,0,0.00166694
1,5,0.0274604,0.0112929,0.00630439,0.0566921,0.022786,0.0105617,0,0.00165516
2,5,0.0204617,0.00978889,0.00410254,0.0566921,0.0270031,0.00933546,0,0.00192671
3,5,0.0204617,0.00882165,0.00439672,0.0406646,0.0214562,0.00864173,0,0.00182165
4,5,0.0164469,0.00667996,0.00350329,0.0497137,0.0184196,0.0077282,0,0.00150612
5,5,0.0121461,0.00617981,0.0027719,0.0497137,0.0177525,0.00912792,0,0.0014806
6,5,0.0279284,0.00850683,0.0050732,0.0467948,0.0181328,0.0100967,0,0.00198016
7,5,0.0279284,0.011917,0.00631549,0.0467948,0.0190939,0.00891544,0,0.00191536
8,5,0.0276963,0.00981352,0.00603627,0.0386332,0.0143957,0.00673971,0,0.00188132
9,5,0.0193382,0.00874321,0.00434499,0.0536705,0.0190758,0.0124248,0,0.0023867
10,5,0.0193382,0.00831103,0.00449237,0.0536705,0.0183742,0.0124333,0,0.00201904
11,5,0.0124433,0.00601603,0.00261199,0.0234322,0.00964646,0.00422067,0,0.00136547
12,5,0.0124433,0.00582884,0.00252929,0.017344,0.00769403,0.00328431,0,0.00144258
13,5,0.010689,0.00536028,0.00219331,0.0150174,0.00637621,0.0027363,0,0.00147107
14,5,0.0950648,0.0367468,0.0313664,0.326497,0.158181,0.0645852,2,0.00208085
15,5,0.0220544,0.0095297,0.00418926,0.14975,0.0705055,0.0429429,0,0.00133997
16,5,0.01579,0.00796935,0.00356651,0.0652528,0.0308209,0.011555,0,0.00130267
17,5,0.0164726,0.0059152,0.00324398,0.0398082,0.022973,0.00793363,0,0.00155141
18,5,0.0164726,0.0046697,0.00237347,0.0295458,0.0151692,0.00515525,0,0.00154135
19,5,0.010977,0.00492677,0.00211922,0.022798,0.0104334,0.00440716,0,0.00121638
20,5,0.0124304,0.00476698,0.00226741,0.0137615,0.0070424,0.00242308,0,0.00141667
21,5,0.0136583,0.0049545,0.00235246,0.0165191,0.00695462,0.00272681,0,0.00156704
22,5,0.0136583,0.00563514,0.00239721,0.0165191,0.00642469,0.00297414,0,0.00161615
23,5,0.0135887,0.00586621,0.00253967,0.0153759,0.0066761,0.00310516,0,0.00154886
24,5,0.0146212,0.00621441,0.00282695,0.0153759,0.00828255,0.00330293,0,0.00162453
25,5,0.0146212,0.00568423,0.00292517,0.0205795,0.00870028,0.00393603,0,0.00171114
26,5,0.0133843,0.0047291,0.00230943,0.0205795,0.00815954,0.0041348,0,0.00161328
27,4,0.48633,0.156081,0.151508,0.196453,0.125946,0.0180272,1,0.00410872
28,4,0.0572804,0.0265225,0.014422,0.146434,0.10535,0.0271139,1,0.00150769
29,4,0.0349964,0.0120746,0.00722422,0.115133,0.0611486,0.0263555,0,0.00141944
30,4,0.327804,0.0670146,0.0924326,1.1469,0.311369,0.390818,1,0.0137399
31,4,0.346213,0.172086,0.0956666,1.1469,0.39736,0.3451,2,0.0135577
32,4,0.346213,0.133368,0.096779,0.444585,0.145517,0.102968,1,0.00820082
33,4,0.0983858,0.0328739,0.0214779,0.147279,0.0657734,0.0194421,1,0.00219547
34,4,0.0391032,0.0128208,0.00988413,0.0695549,0.0390408,0.0151817,0,0.00152535
35,4,0.0146667,0.00585836,0.0027254,0.0398411,0.0192879,0.00888794,0,0.00134795
36,4,0.0109422,0.00455363,0.00206946,0.0240974,0.0100311,0.00521325,0,0.00130573
37,4,0.0149116,0.00491334,0.00270835,0.0240974,0.00738191,0.0038561,0,0.00130965
38,4,0.0687255,0.0293712,0.0118465,0.50609,0.365298,0.0891093,1,0.00249751
39,4,0.0413284,0.0150841,0.0115275,0.392456,0.208756,0.0938652,2,0.00143042
40,4,0.0144741,0.00663774,0.00267521,0.202056,0.0798554,0.0593241,0,0.0012014
41,4,0.0154118,0.00647185,0.0030247,0.0664459,0.0211391,0.0144129,0,0.0014919
42,4,0.0154118,0.00733183,0.00322044,0.0441216,0.018288,0.00925004,0,0.00157103
43,4,0.0179162,0.00847902,0.00314149,0.0441216,0.022718,0.00761093,0,0.00142838
44,4,0.0179162,0.0076015,0.00299694,0.0331164,0.0154052,0.00708755,0,0.0013363
45,4,0.0141173,0.00661285,0.00232542,0.0224258,0.0103443,0.00473434,0,0.00114752
46,4,0.0141173,0.00623045,0.00221841,0.0224258,0.0092873,0.00484669,0,0.00120572
47,4,0.0135299,0.00643402,0.0025346,0.0201233,0.0084497,0.00374711,0,0.00139427
48,4,0.0135299,0.00674339,0.00283471,0.0201233,0.00891604,0.00382654,0,0.00152267
49,4,0.013225,0.00694427,0.00284203,0.025925,0.00952685,0.00425226,0,0.00133743
50,4,0.0134757,0.00714079,0.00274988,0.0328818,0.0102418,0.00493905,0,0.00132522
51,6,0.165597,0.0365644,0.0328757,0.519927,0.218978,0.102427,2,0.00844047
52,6,0.0276163,0.00851351,0.00586018,0.200238,0.086017,0.0560128,0,0.0016805
53,6,0.0121176,0.00492157,0.00261574,0.0781143,0.0298198,0.0163498,0,0.00163941
54,6,0.010901,0.00440471,0.00213571,0.0328063,0.0214183,0.00559899,0,0.00139378
55,6,0.0123104,0.00455694,0.00221518,0.0322279,0.0191838,0.00485347,0,0.00147916
56,6,0.0166193,0.00511177,0.00265705,0.0232178,0.0155782,0.00390789,0,0.00177684
57,6,0.0166193,0.0051151,0.00257232,0.022059,0.0113597,0.00512038,0,0.00168942
58,6,0.0189815,0.00516197,0.00286842,0.0190479,0.00800195,0.00309175,0,0.00166689
59,6,0.0189815,0.00567704,0.00302199,0.0182535,0.00718828,0.002935,0,0.00176891
60,6,0.0128464,0.00564372,0.00267106,0.0146512,0.0069714,0.00267628,0,0.0017719
61,6,0.0128129,0.00505768,0.0024474,0.0130745,0.00739342,0.00240027,0,0.00162357
62,6,0.0114147,0.00496259,0.00213994,0.0164338,0.00775977,0.00295426,0,0.00137753
63,6,0.0108578,0.00514947,0.00212215,0.0164338,0.00803718,0.00339557,0,0.00151167
64,6,0.474545,0.0990891,0.109157,0.758468,0.383351,0.108999,1,0.0121224
65,6,0.0561597,0.0236913,0.0162747,0.404728,0.243698,0.0848453,3,0.00181415
66,6,0.578558,0.168328,0.197752,2.26818,0.391351,0.423174,2,0.0260252
67,6,0.578558,0.221592,0.162642,2.26818,0.441585,0.408897,2,0.0246401
68,6,0.259415,0.114512,0.0427498,0.593346,0.195785,0.130353,1,0.00710148
69,6,0.306838,0.12862,0.0571019,2.22279,0.278692,0.301965,2,0.0187481
70,6,1.04554,0.323529,0.242628,3.53723,0.582569,0.681603,2,0.0494864
71,6,1.04554,0.445441,0.17843,3.53723,0.502327,0.673586,2,0.050564
72,6,0.573467,0.232187,0.176127,0.827102,0.261459,0.152114,2,0.0104683
73,6,0.211556,0.055568,0.0479185,0.295859,0.205023,0.0514965,0,0.00298783
74,6,0.0600268,0.0210069,0.0178212,0.221256,0.123567,0.048145,2,0.00193517
75,6,0.0221783,0.00770689,0.00371234,0.112104,0.0512486,0.0348272,0,0.00130555
76,6,0.0156004,0.00745243,0.00334906,0.0626928,0.0163263,0.0123756,0,0.00141897
77,6,0.0142283,0.00685934,0.00278116,0.0267618,0.0118091,0.00528806,0,0.00151979
78,1,0.698104,0.268461,0.142156,1.87258,0.936794,0.445892,4,0.0655816
79,1,0.698104,0.301873,0.146682,1.76008,0.833885,0.42034,5,0.0702675
80,1,0.617937,0.290425,0.13855,1.63889,0.878649,0.380418,5,0.0702331
81,1,0.713246,0.319928,0.150046,2.34361,0.922358,0.487559,4,0.0713326
82,1,0.713246,0.328113,0.147117,2.34361,0.949336,0.51184,5,0.0702359
83,1,0.690202,0.318606,0.142195,1.94112,0.835878,0.446361,4,0.0643209
84,1,0.690202,0.312439,0.142854,1.86517,0.780325,0.398966,5,0.0670286
85,1,0.70979,0.306323,0.143469,1.98053,0.828627,0.402712,5,0.0745535
86,1,0.658478,0.287178,0.126923,1.82668,0.762618,0.414002,5,0.0580573
87,1,0.689305,0.308357,0.141373,1.82668,0.79732,0.400394,5,0.0667775
88,1,0.689305,0.300748,0.138279,1.65074,0.789815,0.383879,4,0.0618345
89,1,0.727135,0.309265,0.139382,1.96818,0.81262,0.399831,4,0.0655541
90,1,0.727135,0.323434,0.146793,1.96818,0.897415,0.424805,6,0.0682181
91,1,0.880077,0.338977,0.159638,2.01,0.874128,0.445458,4,0.0755044
92,1,0.880077,0.33285,0.157342,2.01,0.821598,0.39444,5,0.072259
93,1,0.689857,0.323791,0.144546,2.106,0.850159,0.421272,4,0.0652935
94,1,0.689857,0.320164,0.147688,2.106,0.847941,0.47534,4,0.0700673
95,1,0.665045,0.314365,0.147663,2.01574,0.851169,0.468947,4,0.0649246
96,1,0.69002,0.306427,0.14178,2.02357,0.881443,0.482543,5,0.0655085
97,1,0.69002,0.274541,0.136948,2.02357,0.838661,0.459501,4,0.0643759
98,1,0.726215,0.329209,0.148479,1.97126,0.932275,0.396178,5,0.0792703
99,1,0.726215,0.342664,0.152219,1.77913,0.844809,0.409975,5,0.0804545
100,1,0.670135,0.329897,0.141624,1.78053,0.783651,0.413243,5,0.0699965
101,1,1.03229,0.330757,0.155872,2.0706,0.861823,0.461905,4,0.0849568
102,1,1.03229,0.316392,0.161018,2.10676,0.884395,0.47421,4,0.0854716
103,1,0.870839,0.320885,0.163666,2.10676,0.879668,0.476355,5,0.0795801
104,1,0.870839,0.321282,0.156983,2.06776,0.832904,0.43862,5,0.0703286
105,1,0.662872,0.315352,0.144509,1.83653,0.765764,0.406338,5,0.0614852
106,1,0.730523,0.323026,0.156572,2.00749,0.817026,0.439352,5,0.0731643
107,1,0.758472,0.329145,0.151655,2.00749,0.860801,0.431313,4,0.0732044
108,1,0.758472,0.322286,0.138166,1.78229,0.868239,0.426395,4,0.0651017
109,1,0.651983,0.309294,0.140106,2.27976,0.879068,0.455748,5,0.0639873
110,1,0.651983,0.295195,0.139373,2.27976,0.845268,0.456341,5,0.0624341
111,1,0.806559,0.335238,0.171628,2.23781,1.048,0.506658,6,0.0727594
112,1,0.730447,0.307049,0.141707,2.05707,0.884083,0.443014,4,0.0663457
113,1,0.730447,0.301917,0.134434,1.99277,0.842467,0.422643,5,0.065037
114,1,0.697428,0.308966,0.144034,1.99277,0.859357,0.441454,5,0.0674737
115,1,0.697428,0.316494,0.148819,1.91836,0.831101,0.456312,4,0.0703411
116,1,0.690368,0.322001,0.140234,1.91836,0.799679,0.420699,5,0.0652805
117,1,0.615965,0.303868,0.133301,1.61099,0.778589,0.372176,5,0.0628307
118,1,0.615965,0.26408,0.127763,1.9523,0.76867,0.396946,5,0.0618843
119,1,0.60336,0.259658,0.129392,1.9523,0.732829,0.429302,5,0.0595205
120,1,0.704553,0.26205,0.131014,1.97438,0.719901,0.42269,5,0.0573294
121,1,0.704553,0.261049,0.128465,1.97438,0.78839,0.414299,4,0.0548795
122,1,0.752657,0.279115,0.137361,2.0044,0.88864,0.387745,5,0.0595733
123,1,0.752657,0.288798,0.139352,2.0044,0.871443,0.426561,4,0.06119
124,1,0.66591,0.274617,0.129902,2.19521,0.756108,0.475932,4,0.0587578
125,3,0.834191,0.286901,0.151317,1.56806,0.602835,0.292134,4,0.0736756
126,3,0.803957,0.32834,0.164408,2.853,0.662715,0.383517,4,0.0779661
127,3,0.832496,0.314808,0.177261,2.853,0.936478,0.514686,3,0.0829232
128,3,0.919762,0.311349,0.188409,2.11919,0.968354,0.458851,3,0.08695
129,3,0.990713,0.354662,0.219818,1.73642,0.769192,0.327119,4,0.0908808
130,3,0.990713,0.372327,0.221931,2.63374,0.978169,0.449817,3,0.100371
131,3,1.01261,0.336226,0.194364,2.63374,1.03704,0.419102,4,0.10256
132,3,1.01261,0.321003,0.167798,1.91914,0.840964,0.299744,5,0.0886831
133,3,0.82756,0.318472,0.160377,1.91914,0.723814,0.326908,5,0.0869261
134,3,1.19351,0.390418,0.230639,2.50226,0.90559,0.478092,4,0.115564
135,3,1.19351,0.386618,0.213613,2.32403,0.860832,0.438546,5,0.10351
136,3,1.22229,0.395255,0.208906,2.41396,1.09659,0.573037,3,0.101473
137,3,1.22229,0.379103,0.205515,2.42806,1.12872,0.574799,3,0.0933938
138,3,0.948017,0.386175,0.188303,3.18226,0.999688,0.522925,5,0.0796894
139,3,0.943852,0.369888,0.178107,3.18226,0.986635,0.556423,4,0.0777581
140,3,1.08387,0.375345,0.199362,3.09504,0.961957,0.43194,4,0.0937293
141,3,1.08387,0.40364,0.211043,2.0735,0.894204,0.332874,6,0.0921213
142,3,0.759267,0.365564,0.181146,1.86745,0.869121,0.395332,7,0.0857377
143,3,0.887332,0.365249,0.17461,1.92206,0.858167,0.421689,8,0.0899095
144,3,0.887332,0.338813,0.164739,2.77657,1.07684,0.561426,4,0.0807042
145,3,0.879977,0.369501,0.195434,2.77657,1.10575,0.543849,5,0.0763958
146,3,0.879977,0.358664,0.214538,2.47072,0.955804,0.447896,5,0.0739016
147,3,0.816782,0.324566,0.175158,2.00516,0.921339,0.431121,4,0.0745328
148,3,0.781634,0.339171,0.153813,1.86421,0.877994,0.329927,5,0.0740868
149,3,0.79054,0.33953,0.171397,1.62851,0.832154,0.316859,5,0.0735187
150,2,0.629897,0.295733,0.12434,2.03942,0.759867,0.449883,5,0.0453762
151,2,0.556659,0.283388,0.114567,1.82932,0.697343,0.43763,5,0.0429877
152,2,0.504543,0.296436,0.106522,2.3494,0.920924,0.589737,5,0.0402569
153,2,0.661783,0.305887,0.128452,2.3494,0.983365,0.540212,3,0.0458284
154,2,0.661783,0.306288,0.132229,2.41425,0.81431,0.421304,4,0.0573427
155,2,0.587757,0.290151,0.110598,2.41425,0.743512,0.445062,4,0.051149
156,2,0.586782,0.29201,0.114076,2.12447,0.762636,0.450996,4,0.04134
157,2,0.585547,0.298434,0.114896,2.12447,0.81769,0.454453,5,0.0439901
158,2,0.668258,0.314956,0.144208,1.7662,0.759617,0.428756,4,0.0443224
159,2,0.668258,0.29265,0.126693,1.96418,0.721039,0.457102,5,0.0419373
160,2,0.543947,0.301641,0.111847,2.48439,0.965846,0.588253,5,0.0372273
161,2,0.565476,0.299801,0.107187,2.48439,0.984511,0.536311,3,0.0373231
162,2,0.565476,0.273111,0.104721,1.60172,0.778464,0.345088,4,0.0378963
163,2,0.659944,0.28961,0.114615,1.60172,0.737114,0.379138,4,0.0424277
164,2,0.659944,0.278946,0.127252,1.69764,0.760665,0.363052,4,0.040336
165,2,0.500356,0.254938,0.123271,1.69764,0.793343,0.351414,4,0.0317872
166,2,0.469475,0.264629,0.11706,1.66942,0.68571,0.397585,5,0.0325222
167,2,0.663909,0.304221,0.12436,1.75066,0.900334,0.402865,3,0.0346907
168,2,0.781407,0.295933,0.133693,1.89195,0.775272,0.433954,5,0.0536898
169,2,0.781407,0.305484,0.127232,2.49597,0.962454,0.596713,5,0.0561768
170,2,0.580065,0.306389,0.118166,2.49597,0.987437,0.532731,3,0.0431655
171,2,0.580065,0.286985,0.108138,1.82238,0.713228,0.343981,4,0.0450099
172,2,0.575842,0.276957,0.11751,1.71853,0.664229,0.379226,3,0.0443071
173,2,0.618995,0.293651,0.137116,1.71853,0.787752,0.391982,3,0.0422066
174,2,0.693977,0.281856,0.131712,1.59094,0.813495,0.34634,4,0.0409852
175,2,0.843177,0.279441,0.136109,1.69417,0.771145,0.346407,3,0.0615301
176,5,0.0784551,0.0299254,0.0153394,0.275971,0.116726,0.064828,0,0.00234956
177,5,0.04349,0.0174987,0.00931399,0.109313,0.0542516,0.0216818,0,0.00176232
178,5,0.0241921,0.0112038,0.00464963,0.0757855,0.0388826,0.0157048,0,0.00175041
179,5,0.0372623,0.0120852,0.00694197,0.130554,0.0490983,0.0277881,0,0.00285581
180,5,0.0372623,0.0169221,0.00748611,0.130554,0.0515374,0.0315828,0,0.00302133
181,5,0.0322878,0.0140673,0.00729963,0.112702,0.0281948,0.0227192,0,0.00259396
182,5,0.023692,0.00863973,0.0047212,0.0498426,0.0152312,0.00950864,0,0.00220365
183,5,0.0170606,0.00625388,0.00330917,0.0250998,0.0114529,0.00502233,0,0.00137592
184,5,0.0215285,0.00672952,0.00371287,0.0331046,0.0117655,0.00672968,0,0.00248383
185,5,0.0215285,0.00754493,0.00390996,0.0331046,0.0115638,0.00667461,0,0.00248881
186,5,0.0205036,0.00622261,0.00343027,0.0209951,0.00886109,0.0043198,0,0.00175419
187,5,0.0205036,0.00596789,0.00307964,0.0300717,0.0104283,0.00657253,0,0.0016102
188,5,0.0145819,0.00709194,0.00297292,0.0677414,0.0212191,0.0161251,0,0.00141151
189,5,0.0183525,0.00766507,0.00350289,0.115195,0.0255484,0.0190451,0,0.00176058
190,5,0.10312,0.0437293,0.0326222,0.306242,0.148573,0.0609257,3,0.00225095
191,5,0.0464047,0.0132601,0.00662661,0.131498,0.0714374,0.0308784,0,0.00184898
192,5,0.0208228,0.00831251,0.00471495,0.0600404,0.0297158,0.0175026,0,0.00144681
193,5,0.0128322,0.00606916,0.00259044,0.0359875,0.0162993,0.00749838,0,0.00142658
194,5,0.0146751,0.00798097,0.00298096,0.0359875,0.0154452,0.00712151,0,0.00160767
195,5,0.0146751,0.00751953,0.00306073,0.0323145,0.0115453,0.00544347,0,0.00137361
196,5,0.0128595,0.00576093,0.00252308,0.0228331,0.0105925,0.00495353,0,0.00117813
197,5,0.0105476,0.00456778,0.00232705,0.0197197,0.00937497,0.0046107,0,0.00109515
198,5,0.0101653,0.00440581,0.00205189,0.0210581,0.00806163,0.00389969,0,0.00117671
199,5,0.0129025,0.00567593,0.00238263,0.0237229,0.0101983,0.00469728,0,0.00155105
200,5,0.0129025,0.00537155,0.00252549,0.0237229,0.0111353,0.0045531,0,0.00163921
201,5,0.0127254,0.00502765,0.00248681,0.0285186,0.0103383,0.00629251,0,0.00148253
202,4,0.238471,0.0589217,0.049259,0.251497,0.194143,0.0341131,0,0.00312967
203,4,0.0582888,0.0193788,0.0151419,0.201216,0.123103,0.0489618,1,0.00170756
204,4,0.0171242,0.00768128,0.00358727,0.124837,0.0542826,0.0315364,0,0.00203433
205,4,0.0169988,0.00564059,0.00298942,0.0486841,0.0185346,0.0122764,0,0.00222134
206,4,0.01577,0.0053818,0.00275521,0.0219027,0.0105554,0.00397342,0,0.00197515
207,4,0.0156383,0.00514914,0.00244031,0.0219027,0.0102869,0.00380397,0,0.00160127
208,4,0.0147786,0.00522079,0.00218192,0.0153505,0.00784647,0.00311985,0,0.00148335
209,4,0.0119033,0.00483253,0.00206967,0.0175637,0.00719769,0.00348594,0,0.00139638
210,4,0.0119033,0.00451982,0.00219677,0.0175637,0.00653542,0.00313027,0,0.0014822
211,4,0.0125284,0.00498759,0.00223702,0.0173362,0.00568711,0.00283277,0,0.00145172
212,4,0.0125284,0.00517839,0.00226867,0.0174035,0.0058581,0.00318261,0,0.00140829
213,6,0.0669032,0.0334178,0.0155488,0.409717,0.25518,0.0977389,3,0.00383626
214,6,0.0435264,0.0138526,0.0120406,0.262427,0.111382,0.0707393,3,0.00150318
215,6,0.014219,0.00490651,0.00264351,0.0958227,0.0338662,0.0256937,0,0.00161583
216,6,0.014219,0.00525006,0.00277436,0.0322187,0.0201847,0.00781874,0,0.0018152
217,6,0.0141334,0.0054095,0.00247768,0.0322187,0.0216299,0.0058362,0,0.0015786
218,6,0.0115186,0.00498147,0.00217758,0.0310447,0.0172763,0.00370099,0,0.00134458
219,6,0.0160304,0.0050447,0.00253288,0.0243845,0.0137062,0.00461881,0,0.0014896
220,6,0.0160304,0.00522837,0.00266292,0.0204114,0.00916562,0.00403265,0,0.00168366
221,6,0.0112742,0.00513064,0.00223853,0.0239614,0.00927973,0.00435067,0,0.00149873
222,6,0.0106036,0.00492407,0.0020809,0.0239614,0.00892838,0.00435586,0,0.00129348
223,6,0.0132201,0.00489464,0.00239114,0.0164233,0.0082497,0.00365034,0,0.00146493
224,6,0.0132201,0.00494958,0.00236198,0.0231876,0.008266,0.00369001,0,0.00135172
225,4,0.144249,0.0581547,0.0445495,0.507698,0.358374,0.0764442,2,0.00283038
226,4,0.031326,0.0174182,0.00674405,0.388551,0.220808,0.0842848,0,0.00196282
227,4,0.0278553,0.011508,0.00443479,0.218056,0.094889,0.0617024,0,0.00195491
228,4,0.0196177,0.00827994,0.00360976,0.0784225,0.0303603,0.0190187,0,0.00151456
229,4,0.0196177,0.00616163,0.00317575,0.0398374,0.0201318,0.00896658,0,0.00197755
230,4,0.0175205,0.00688241,0.00318907,0.0327271,0.0173531,0.00574298,0,0.00188731
231,4,0.0166205,0.006809,0.00300918,0.0298567,0.0157968,0.00562257,0,0.0013596
232,4,0.0120061,0.00541023,0.00225751,0.0298567,0.0116793,0.00771712,0,0.0011769
233,4,0.0120061,0.0057567,0.00260294,0.0161787,0.00749703,0.00343461,0,0.00119037
234,4,0.0118135,0.00607923,0.00242728,0.0199093,0.00880767,0.00382096,0,0.000990784
235,4,0.0142099,0.00670599,0.00276845,0.0199093,0.00856335,0.00385798,0,0.00103085
236,4,0.0206713,0.00795385,0.00328417,0.219923,0.0165513,0.0302632,0,0.00136995
237,6,0.69984,0.335604,0.164277,2.80326,0.601091,0.542906,2,0.0265739
238,6,0.69984,0.181597,0.190054,1.97511,0.276635,0.277324,2,0.0217015
239,6,0.0775909,0.0354177,0.0173048,0.546537,0.170251,0.111599,1,0.00360629
240,6,0.159607,0.0605902,0.041908,0.546537,0.161837,0.141374,1,0.00404858
241,6,0.159607,0.0495026,0.0464019,0.458992,0.0907266,0.105358,1,0.00334677
242,6,0.0409141,0.0148809,0.00913268,0.124134,0.033955,0.0212524,0,0.00185455
243,6,0.0265789,0.0122977,0.00437296,0.0575423,0.0298641,0.0144706,0,0.0016992
244,6,0.0265789,0.0127638,0.00454706,0.0563502,0.0228291,0.0118819,0,0.00172243
245,6,0.14867,0.0352677,0.0415719,0.195036,0.0703713,0.0640927,1,0.00253452
246,6,0.14867,0.0645455,0.045985,0.195036,0.0902281,0.0492948,1,0.00266848
247,6,0.148461,0.0479779,0.0380336,0.0948322,0.0534133,0.0197287,1,0.00219666
248,1,0.708872,0.252995,0.123708,1.70355,0.689598,0.389797,3,0.055509
249,1,0.743748,0.264603,0.137459,2.03112,0.701899,0.397554,3,0.0744025
250,1,0.743748,0.267151,0.134026,2.03112,0.707476,0.390773,3,0.0668057
251,1,0.654984,0.283147,0.136856,1.78402,0.707155,0.392964,4,0.060423
252,1,0.654984,0.279447,0.138669,1.87378,0.742417,0.427727,5,0.0620952
253,1,0.703906,0.273783,0.133774,1.87378,0.751781,0.433802,4,0.0636886
254,1,0.703906,0.283201,0.144894,1.86597,0.761286,0.428817,4,0.0679306
255,1,0.682655,0.262248,0.139937,1.92857,0.73445,0.439542,4,0.0592523
256,1,0.680539,0.286243,0.130772,1.70955,0.759903,0.409024,4,0.0595453
257,1,0.785729,0.305897,0.150176,1.70955,0.805141,0.424744,4,0.0709414
258,1,0.785729,0.29608,0.142852,1.68041,0.804397,0.396212,5,0.0683804
259,1,0.63472,0.276666,0.125557,1.62148,0.720003,0.400219,4,0.0601628
260,1,0.697406,0.284357,0.136084,1.85364,0.697397,0.431195,4,0.0676121
261,1,0.697406,0.297967,0.142967,1.85364,0.742066,0.414789,5,0.0658682
262,1,0.741157,0.291559,0.141661,1.5462,0.733419,0.383136,5,0.0672932
263,1,0.741157,0.293556,0.14218,1.9389,0.766156,0.414739,4,0.0763134
264,1,0.728381,0.302905,0.147574,1.9389,0.780928,0.463238,4,0.0837607
265,1,0.728381,0.283459,0.152374,1.92364,0.743345,0.421719,4,0.0714075
266,1,0.69924,0.279061,0.14416,1.77789,0.770915,0.389794,5,0.0585218
267,1,0.829948,0.31205,0.149197,2.18621,0.861161,0.471269,4,0.0769805
268,1,0.829948,0.316893,0.152889,2.28791,0.916283,0.529479,3,0.0834977
269,1,0.865343,0.293241,0.164119,2.01789,1.02176,0.469597,3,0.0991733
270,1,0.787081,0.285504,0.14103,2.00536,0.947896,0.486903,3,0.0651627
271,1,0.744652,0.304138,0.154194,2.31757,0.805586,0.498374,5,0.0717465
272,1,0.759769,0.308558,0.167857,2.31757,0.818533,0.488676,5,0.0829195
273,1,0.759769,0.296156,0.158598,2.15311,0.834333,0.466941,4,0.0869335
274,1,0.860431,0.291259,0.154335,2.15311,0.789531,0.451051,4,0.0839236
275,1,0.860431,0.283054,0.155563,1.91389,0.756462,0.421397,4,0.0734965
276,1,0.709341,0.279965,0.145247,1.91389,0.754997,0.403974,4,0.0634931
277,1,0.764023,0.293367,0.149379,1.88622,0.78982,0.454239,4,0.0811934
278,1,0.764023,0.285932,0.157393,1.88622,0.77569,0.469581,5,0.0824283
279,1,0.750605,0.268794,0.142481,1.62084,0.726735,0.396691,4,0.064217
280,1,0.750605,0.278991,0.139016,1.74162,0.722305,0.4125,4,0.0748549
281,1,0.739522,0.268442,0.132505,1.74162,0.708681,0.430043,4,0.0729356
282,1,0.852086,0.296451,0.15097,2.03225,0.853909,0.455694,4,0.0748167
283,1,0.852086,0.302865,0.154601,2.15711,0.818392,0.484751,4,0.0765482
284,1,0.794151,0.285701,0.155627,2.15711,0.783309,0.465814,4,0.0660795
285,1,0.72298,0.266138,0.144347,1.88221,0.742488,0.404102,4,0.0612226
286,1,0.741438,0.27192,0.142629,1.71724,0.731541,0.397996,4,0.0722141
287,1,0.781092,0.283729,0.152816,1.83337,0.76451,0.425855,4,0.0773741
288,1,0.781092,0.312746,0.163083,2.12148,0.84868,0.469214,4,0.0770425
289,1,0.857883,0.32117,0.167265,2.12148,0.884365,0.454323,5,0.0912463
290,1,0.857883,0.316066,0.158747,1.88918,0.849538,0.434333,4,0.0915712
291,1,0.718677,0.311185,0.14859,1.97684,0.805818,0.46047,4,0.0751726
292,1,0.829788,0.322438,0.164886,2.72855,0.841324,0.50448,5,0.084139
293,1,0.829788,0.316002,0.159118,2.72855,0.87827,0.503319,6,0.0846008
294,1,0.626686,0.275367,0.13633,1.90646,0.824094,0.446593,4,0.0656909
295,1,0.688416,0.270041,0.147079,1.85713,0.788691,0.432438,4,0.0624489
296,3,0.805692,0.307317,0.181362,1.43894,0.626829,0.26808,5,0.0625018
297,3,0.947564,0.329114,0.182571,1.53419,0.703695,0.301783,5,0.0842237
298,3,1.05827,0.318358,0.198877,3.13765,0.935404,0.507423,5,0.0885766
299,3,1.05827,0.377077,0.212433,3.13765,1.01208,0.499373,5,0.0989163
300,3,0.911221,0.339504,0.201551,2.18075,0.934712,0.423525,3,0.0902314
301,3,0.911221,0.329689,0.184395,1.92549,0.847581,0.330908,4,0.0775745
302,3,0.891555,0.370604,0.188931,1.69911,0.801898,0.301668,4,0.0790787
303,2,0.590325,0.299142,0.119597,1.79593,0.922155,0.352131,5,0.0381353
304,2,0.632482,0.294707,0.126027,1.76497,0.787981,0.420892,4,0.0452101
305,2,0.632482,0.309141,0.124674,3.13437,1.04018,0.747098,4,0.0479489
306,2,0.599606,0.311108,0.116747,3.13437,1.05463,0.724875,5,0.0415356
307,2,0.571991,0.320286,0.116535,1.9848,0.846737,0.422809,4,0.0421252
308,2,0.664867,0.325596,0.12071,1.9848,0.884467,0.432722,2,0.0494259
309,2,0.664867,0.311617,0.132647,1.88346,0.861188,0.419176,3,0.048596
310,2,0.744998,0.293449,0.138041,1.91764,0.898092,0.410339,5,0.0508074
311,2,0.744998,0.292475,0.141721,1.91764,0.859481,0.421604,4,0.050622
312,2,0.662237,0.335732,0.146712,1.91204,0.875064,0.449509,3,0.0441705
313,2,0.620982,0.313155,0.138369,1.69885,0.725736,0.406667,4,0.0420705
314,2,0.60791,0.293623,0.126251,2.921,1.02715,0.643779,4,0.0427426
315,2,0.683755,0.33373,0.138374,2.921,1.07264,0.615192,4,0.0530538
316,2,0.683755,0.326755,0.135919,1.75621,0.841281,0.401337,5,0.0523957
317,2,0.683488,0.311009,0.12342,2.10012,0.862837,0.4154,3,0.0464398
318,2,0.683488,0.325926,0.128855,2.10012,0.853515,0.436008,4,0.0501871
319,2,0.638174,0.324425,0.138463,2.06121,0.86787,0.482633,5,0.0500735
320,2,0.638174,0.303281,0.139651,1.9194,0.781981,0.453123,5,0.0451366
321,2,0.758043,0.306968,0.138352,1.8852,0.830591,0.404631,5,0.0475524
322,2,0.541018,0.291098,0.131584,1.46899,0.744717,0.381927,5,0.0387952
323,2,0.705572,0.315928,0.133817,2.94993,1.03311,0.620655,5,0.0482644
324,2,0.705572,0.321557,0.124487,2.94993,1.03777,0.599694,4,0.0512887
325,2,0.771333,0.301976,0.120585,1.73248,0.772269,0.401327,5,0.0538138
326,2,0.771333,0.297703,0.11377,1.73248,0.799847,0.427764,3,0.0490319
327,2,0.705185,0.304548,0.127527,2.00663,0.853462,0.430709,4,0.0492681
328,2,0.705185,0.306277,0.145101,2.00663,0.887384,0.429257,4,0.0583904
329,2,0.675869,0.296662,0.141135,1.95793,0.839538,0.424375,4,0.0510758
330,3,1.05714,0.403659,0.219907,1.71906,0.927297,0.322162,4,0.0858027
331,3,1.09186,0.392909,0.216839,1.61218,0.830159,0.347947,4,0.0936055
332,3,1.09186,0.368541,0.195132,2.45956,0.999212,0.489275,4,0.10406
333,3,1.04192,0.333163,0.179174,2.45956,1.028,0.495519,4,0.0980317
334,3,1.04192,0.341544,0.190617,1.82875,0.793898,0.358328,4,0.0933526
335,3,0.856578,0.333003,0.173242,1.78592,0.877172,0.378665,3,0.0802665
336,3,1.01366,0.374631,0.190188,2.10711,0.938935,0.375577,4,0.0743879
337,3,1.01366,0.395803,0.194835,2.10711,0.858721,0.345468,5,0.0819059
338,3,0.979463,0.354406,0.194727,1.7595,0.739466,0.340478,5,0.0902569
339,3,0.949935,0.389827,0.192476,2.32826,0.916765,0.430515,6,0.107586
340,3,0.949935,0.373821,0.186872,2.41914,0.903702,0.500678,6,0.0995804
341,3,0.851256,0.344902,0.173774,2.41914,0.906032,0.478952,5,0.0805537
342,3,1.0571,0.352739,0.18492,1.90618,0.851006,0.390558,4,0.0831117
343,3,1.0571,0.364104,0.182337,2.24658,0.96261,0.455593,5,0.101436
344,3,1.04524,0.347363,0.186865,2.24658,0.968058,0.461578,5,0.0967396
345,3,1.04298,0.336776,0.188214,2.02931,0.890858,0.362069,6,0.0892322
346,3,1.04298,0.347394,0.179072,2.02931,0.84101,0.349045,6,0.0893305
347,5,0.368597,0.114945,0.074382,1.60883,0.310581,0.278405,3,0.0197324
348,5,0.121826,0.0320211,0.0276006,0.349846,0.119213,0.0896727,2,0.00473523
349,5,0.0245246,0.00941002,0.00528951,0.129873,0.0553342,0.0196367,0,0.00217419
350,5,0.0531244,0.0172555,0.0127166,0.162115,0.0677117,0.0279843,2,0.00336402
351,5,0.0979923,0.030822,0.0183552,0.353892,0.103651,0.0668066,2,0.00511596
352,5,0.099465,0.0409225,0.0250323,0.428807,0.152936,0.0872698,4,0.0074619
353,5,0.123203,0.0486897,0.024544,0.490654,0.184096,0.0993554,4,0.00797545
354,5,0.123203,0.0442107,0.0220385,0.490654,0.171938,0.0967247,3,0.0078916
355,5,0.148465,0.0457884,0.0299932,0.588683,0.172438,0.09779,1,0.0113258
356,5,0.148465,0.0545822,0.0329659,0.588683,0.193697,0.128542,3,0.0141204
357,5,0.124841,0.0494736,0.0272572,0.673963,0.194689,0.152102,4,0.01267
358,5,0.106142,0.0518626,0.0285155,0.673963,0.173271,0.128265,2,0.00836653
359,5,0.106142,0.0476548,0.0258156,0.330479,0.133745,0.0637558,1,0.00334668
360,5,0.0736754,0.0350542,0.014801,0.500716,0.142849,0.0860662,3,0.00494658
361,5,0.0872097,0.0367432,0.018417,0.500716,0.17089,0.0932042,5,0.0081005
362,5,0.0872097,0.0347012,0.0179031,0.407083,0.144455,0.0837016,3,0.00813439
363,5,0.205411,0.0927319,0.0604396,0.485656,0.238614,0.0773985,1,0.00473952
364,5,0.129197,0.0298225,0.0312354,0.213374,0.13182,0.0543844,0,0.00185382
365,5,0.0284978,0.0128354,0.00563464,0.153297,0.0594884,0.0380376,0,0.0018149
366,5,0.0211216,0.00927234,0.00473799,0.0637507,0.0304939,0.0142177,0,0.00197457
367,5,0.0238486,0.00932763,0.00595642,0.21445,0.0647103,0.0604764,0,0.00230023
368,5,0.0364985,0.013457,0.00830052,0.21445,0.0868164,0.0527741,0,0.0028482
369,5,0.0364985,0.0146128,0.00774762,0.159561,0.0581979,0.0288153,0,0.00293407
370,5,0.0260726,0.0119308,0.00632406,0.100707,0.0316931,0.0210511,0,0.00236455
371,5,0.0242782,0.00881951,0.00570127,0.0597001,0.0194227,0.0128432,0,0.00170161
372,5,0.0146196,0.00613056,0.00319697,0.0597001,0.0192455,0.0134499,0,0.00157642
373,5,0.0125198,0.00535435,0.00235627,0.0575958,0.0152736,0.0122185,0,0.00136339
374,5,0.011968,0.00473818,0.0022271,0.0231801,0.00932022,0.00462989,0,0.00134641
375,5,0.0157893,0.00511889,0.00263188,0.0213079,0.00822324,0.00417397,0,0.0016421
376,5,0.0157893,0.00554978,0.00238121,0.0216073,0.00930364,0.00444726,0,0.001505
377,5,0.0554903,0.0135085,0.0115934,0.170444,0.040362,0.0371859,3,0.00286078
378,4,0.509007,0.125252,0.117311,0.20293,0.143367,0.0311354,0,0.00634198
379,4,0.120512,0.0464631,0.0347977,0.167325,0.0953582,0.0300905,2,0.0039014
380,4,0.0423518,0.0165176,0.00799487,0.0993219,0.0534436,0.0224337,0,0.00342791
381,4,0.0257539,0.0104461,0.00590926,0.057643,0.023607,0.0157428,0,0.00229855
382,4,0.0337578,0.01028,0.0072646,0.0522512,0.017591,0.0123894,0,0.00154673
383,4,0.0495083,0.0190044,0.011124,0.195971,0.0391528,0.041508,1,0.00174704
384,4,0.317398,0.110305,0.102063,0.387861,0.161343,0.118993,1,0.00492219
385,4,0.425558,0.221302,0.085828,0.387861,0.229522,0.0687988,1,0.00757788
386,4,0.425558,0.14615,0.119167,0.330484,0.165972,0.0515176,2,0.00780331
387,4,0.116835,0.0308538,0.0227549,0.184638,0.119789,0.0259428,1,0.00483301
388,4,0.034225,0.0152306,0.00666821,0.127069,0.072411,0.0308492,0,0.00507788
389,4,0.034225,0.0140804,0.0054127,0.0778804,0.0333279,0.0181917,0,0.00425891
390,4,0.267179,0.0998932,0.0624056,0.340175,0.210291,0.0503239,3,0.00907597
391,4,0.0833047,0.0374454,0.0192273,0.272901,0.155796,0.0580362,1,0.00275176
392,4,0.047829,0.0171922,0.0119553,0.171805,0.0761727,0.0386726,2,0.0019663
393,4,0.023404,0.00952866,0.00435808,0.0680415,0.0365445,0.0147612,0,0.00174438
394,4,0.023404,0.00970314,0.00456275,0.0576307,0.0226922,0.010224,0,0.00191858
395,4,0.0229477,0.00813155,0.00423937,0.0380653,0.0183106,0.00811718,0,0.00166018
396,4,0.0138839,0.00575121,0.00258044,0.0380653,0.0156382,0.00946826,0,0.00138622
397,4,0.0313266,0.0104204,0.0086174,0.0837326,0.0195457,0.0164067,0,0.00191158
398,4,0.0457003,0.0152476,0.00891873,0.100558,0.0266499,0.0197104,0,0.00254647
399,4,0.0457003,0.0119597,0.0069506,0.100558,0.0205281,0.0163348,0,0.00259027
400,4,0.0183664,0.00727673,0.00344224,0.0368068,0.0115926,0.00761069,0,0.00204739
401,4,0.0183664,0.00605479,0.00311989,0.0226101,0.00679288,0.00369013,0,0.00188675
402,4,0.013286,0.00578557,0.0026665,0.0276322,0.00863283,0.00537223,0,0.00181061
403,4,0.0165073,0.00681534,0.0035626,0.0276322,0.01034,0.00557657,0,0.00169857
404,6,0.25745,0.0493504,0.0400292,0.720592,0.306595,0.118879,2,0.0129778
405,6,0.0682181,0.0221648,0.0139345,0.340423,0.17198,0.0695495,3,0.00363586
406,6,0.0450414,0.0115275,0.00862717,0.215852,0.0763117,0.0491564,0,0.00315455
407,6,0.0291474,0.00672174,0.00475977,0.0788422,0.0283984,0.0135276,0,0.00251497
408,6,0.0263563,0.00771656,0.00415909,0.0404575,0.0214536,0.00730078,0,0.00224895
409,6,0.0263563,0.0103836,0.00529517,0.0807637,0.0308357,0.0157854,0,0.00233041
410,6,0.0241519,0.0105987,0.00482355,0.0807637,0.0298119,0.0163578,0,0.00223288
411,6,0.0406175,0.0126118,0.00714589,0.100824,0.0330418,0.0207997,0,0.0027019
412,6,0.0439678,0.0150917,0.00935483,0.135809,0.0428426,0.0309136,0,0.00302875
413,6,0.0533836,0.0135102,0.0111584,0.251317,0.0372294,0.0419026,0,0.0056573
414,6,0.0533836,0.0144221,0.0104083,0.251317,0.0275386,0.0342625,0,0.00562113
415,6,0.0434321,0.0130396,0.00710117,0.0555392,0.0180112,0.0112908,0,0.00242602
416,6,0.037788,0.0123763,0.00586402,0.099476,0.0264443,0.0215124,0,0.00310651
417,6,0.0688721,0.0204391,0.0117742,0.157038,0.0532934,0.030622,0,0.00524724
418,6,0.080454,0.0255165,0.0169781,0.441821,0.197167,0.0742973,2,0.00630301
419,6,0.0335514,0.0123003,0.00749955,0.240192,0.0998617,0.0525506,0,0.00270026
420,6,0.018455,0.0065079,0.00377911,0.09361,0.0352772,0.0254166,0,0.00177235
421,6,0.0138735,0.00576198,0.0025439,0.028511,0.0141642,0.00511282,0,0.00161412
422,6,0.0146359,0.00608523,0.00270859,0.0267623,0.0136093,0.0044767,0,0.00160194
423,6,0.0146359,0.0054483,0.00268263,0.0260902,0.011844,0.00456503,0,0.00170688
424,6,0.0133593,0.00518822,0.00238196,0.0179528,0.00804421,0.00347831,0,0.00167745
425,6,0.0118792,0.00519044,0.00235373,0.014026,0.00639723,0.00264924,0,0.0013583
426,6,0.012565,0.00499357,0.00221043,0.0136945,0.00571513,0.00276984,0,0.00137349
427,6,0.018388,0.00745425,0.00423311,0.0447202,0.0120398,0.0106255,0,0.00147533
428,6,0.018388,0.0087398,0.00438258,0.0447202,0.0158429,0.00917678,0,0.00154149
429,6,0.0175414,0.00795321,0.00380905,0.0334398,0.0120682,0.00504114,0,0.0019079
430,6,0.0175368,0.00715156,0.00357812,0.0263374,0.0112097,0.00447374,0,0.00214451
431,6,0.0175368,0.00507751,0.00283496,0.0224525,0.00961391,0.00424094,0,0.00187079
432,6,0.0154871,0.00467915,0.00243955,0.0179733,0.00825185,0.00382789,0,0.00160924
433,6,0.0154871,0.00534838,0.0027416,0.0179733,0.00826049,0.00374161,0,0.00182428
434,1,0.504567,0.202316,0.0934417,1.08288,0.448369,0.202665,5,0.0356008
435,1,0.490084,0.210498,0.104698,0.983909,0.413265,0.177063,4,0.0373721
436,1,0.759739,0.234264,0.114973,0.983909,0.424912,0.200409,4,0.0487721
437,1,0.759739,0.24557,0.118727,1.07086,0.466093,0.221973,4,0.0563612
438,1,0.696501,0.239321,0.117582,1.07086,0.503455,0.211782,3,0.0481705
439,1,0.693329,0.247145,0.11731,1.0335,0.514848,0.209681,3,0.0434077
440,1,0.693329,0.260044,0.124598,1.06347,0.509241,0.226751,4,0.0473832
441,1,0.632707,0.25227,0.125023,1.06347,0.482012,0.219925,4,0.0435886
442,1,0.657229,0.243747,0.120583,1.03104,0.499039,0.210895,4,0.0460237
443,1,0.826255,0.261796,0.137257,1.07926,0.527661,0.233181,4,0.0639385
444,1,0.826255,0.265951,0.141047,1.07926,0.516651,0.222615,3,0.066106
445,1,0.738643,0.245918,0.115505,0.94978,0.502608,0.192189,4,0.0522719
446,1,0.602885,0.238542,0.105314,0.94978,0.470369,0.196926,4,0.0492704
447,1,0.726717,0.249425,0.121505,1.1624,0.469718,0.223815,4,0.0525889
448,1,0.726717,0.257758,0.130868,1.19444,0.497173,0.232982,2,0.0555234
449,1,0.71331,0.242028,0.121331,1.19444,0.497476,0.235495,2,0.0547928
450,1,0.467179,0.179676,0.0970473,1.01847,0.45256,0.22798,3,0.0400028
451,1,0.539506,0.191145,0.102533,0.962257,0.447958,0.213673,3,0.0453526
452,1,0.539506,0.232245,0.1035,0.942443,0.441879,0.194048,4,0.0471025
453,1,0.672788,0.271269,0.111057,1.17711,0.508958,0.211863,3,0.0481945
454,1,0.691342,0.296342,0.132526,1.35164,0.563863,0.250813,3,0.0648735
455,1,0.718655,0.282031,0.136929,1.35164,0.5733,0.244514,4,0.0771886
456,1,0.718655,0.274629,0.127115,1.21303,0.528602,0.228861,3,0.0720355
457,1,0.718599,0.264487,0.11882,1.08597,0.474958,0.200473,3,0.0549211
458,1,0.857913,0.269348,0.132082,1.26287,0.482992,0.225098,2,0.047338
459,1,0.857913,0.292194,0.146951,1.52852,0.555679,0.272364,3,0.0701696
460,1,0.74776,0.276721,0.13125,1.52852,0.543681,0.243605,3,0.0705051
461,1,0.709398,0.262454,0.119543,1.13416,0.52413,0.204509,3,0.0527555
462,1,0.709398,0.259199,0.119517,1.13416,0.529768,0.214123,4,0.050419
463,1,0.655809,0.2568,0.120979,1.11474,0.544339,0.226841,4,0.0496018
464,1,0.626287,0.240485,0.120721,1.11474,0.529755,0.222437,3,0.0479684
465,3,0.964075,0.299546,0.156264,1.46478,0.573489,0.240293,4,0.0748577
466,3,0.964075,0.305312,0.171558,1.77094,0.643277,0.351101,3,0.0693973
467,3,0.816361,0.259755,0.155629,1.96429,0.830994,0.438685,4,0.060869
468,3,0.979909,0.272586,0.144638,1.96429,0.766898,0.403956,4,0.073592
469,3,0.979909,0.297954,0.164799,2.17057,0.705881,0.420051,4,0.0831001
470,3,0.896324,0.298116,0.165431,2.17057,0.764686,0.438644,4,0.0713569
471,3,0.94613,0.32096,0.160073,1.8007,0.671819,0.301438,4,0.0686059
472,3,0.94613,0.302347,0.153695,1.26655,0.645,0.231197,5,0.0701217
473,3,0.964975,0.356018,0.153718,2.02009,0.827271,0.359684,5,0.0705792
474,3,0.964975,0.363327,0.166389,2.02009,0.759086,0.359464,5,0.0797564
475,3,0.953754,0.316948,0.181343,2.55988,0.892419,0.457394,4,0.0912982
476,3,0.902285,0.295646,0.17201,2.55988,0.870289,0.495768,4,0.085321
477,3,1.05094,0.325401,0.176584,1.96257,0.777989,0.430561,3,0.0774201
478,3,1.05094,0.337219,0.169702,1.88949,0.907959,0.397584,4,0.0784453
479,3,0.943291,0.365928,0.174622,1.87508,0.755755,0.376239,4,0.0818123
480,3,1.03116,0.427717,0.19861,2.01152,0.697018,0.405518,4,0.0937386
481,3,1.21302,0.45113,0.222596,2.08048,0.713227,0.340627,5,0.117436
482,3,1.09364,0.383488,0.19991,3.16755,1.02269,0.708151,4,0.110159
483,3,1.09364,0.379721,0.205787,3.16755,1.07931,0.705244,4,0.108701
484,3,1.05577,0.396121,0.200694,2.22079,0.749229,0.375258,4,0.0960268
485,3,1.05577,0.404462,0.216816,1.72922,0.797327,0.34129,4,0.0930267
486,3,1.24856,0.452319,0.240763,2.14108,0.813098,0.398969,4,0.118494
487,3,1.24856,0.473444,0.259571,3.3692,1.15742,0.765702,3,0.122403
488,2,0.548334,0.242962,0.0968974,1.02583,0.480645,0.176653,4,0.0432511
489,2,0.62401,0.239656,0.105874,0.771664,0.394149,0.142171,4,0.0443007
490,2,0.62401,0.23056,0.105201,1.71124,0.557947,0.377403,5,0.0440128
491,2,0.623962,0.219835,0.0924426,1.71124,0.731538,0.452728,5,0.0454669
492,2,0.638775,0.238734,0.109958,1.53972,0.621261,0.353034,6,0.0513201
493,2,0.638775,0.244186,0.114417,0.894849,0.443873,0.159538,6,0.0454685
494,2,0.564755,0.238316,0.115122,1.38789,0.513828,0.262652,5,0.0448887
495,2,0.597787,0.243954,0.116325,1.38789,0.565805,0.256167,5,0.0474682
496,2,0.597787,0.251805,0.10268,1.03242,0.532126,0.217998,5,0.0417141
497,2,0.724291,0.297531,0.127158,1.92872,0.719619,0.340579,4,0.051867
498,2,0.949261,0.281188,0.138045,1.29232,0.577626,0.286749,3,0.054661
499,2,0.949261,0.272948,0.144245,2.07692,0.843209,0.474565,3,0.07324
500,2,0.709119,0.284535,0.126445,2.07692,0.878648,0.439492,5,0.0603489
501,2,0.619548,0.320902,0.129539,1.35711,0.549593,0.254521,8,0.0534756
502,2,0.652414,0.324702,0.132195,1.23974,0.536945,0.25828,6,0.0532882
503,2,0.652414,0.30346,0.137354,1.49374,0.685468,0.267479,5,0.056129
504,2,0.644677,0.302825,0.134075,1.49374,0.648223,0.258487,4,0.0540636
505,2,0.610029,0.290873,0.116334,1.24315,0.460647,0.209673,6,0.0479777
506,2,0.610029,0.293122,0.11987,1.24315,0.446127,0.195741,5,0.0491133
507,2,0.582445,0.288048,0.0984101,2.11696,0.77239,0.492398,3,0.0404981
508,2,0.612124,0.298796,0.114452,2.11696,0.787852,0.500396,5,0.0404798
509,2,0.651149,0.308324,0.127956,1.5534,0.510791,0.309403,6,0.0458478
510,2,0.773873,0.29205,0.132437,1.5534,0.549704,0.30401,5,0.0598587
511,2,0.773873,0.301513,0.144353,1.392,0.654654,0.327031,6,0.0604123
512,2,0.692662,0.308285,0.15038,1.392,0.655204,0.329302,6,0.0614322
513,2,0.692662,0.296281,0.13891,1.93019,0.779903,0.418705,6,0.0600344
514,2,0.747321,0.349039,0.144349,1.13762,0.472691,0.220743,7,0.0650771
515,2,0.85467,0.336241,0.164962,1.13762,0.45372,0.20417,6,0.0695849
516,2,0.85467,0.304517,0.146935,2.4921,0.797734,0.588619,6,0.0580988
517,2,0.67529,0.312677,0.126866,2.4921,0.89432,0.560397,5,0.0526251
518,2,0.568069,0.312698,0.117392,1.43654,0.619591,0.334237,5,0.0561682
519,2,0.568069,0.313844,0.119001,1.62732,0.664249,0.336391,4,0.0515915
520,2,0.615498,0.329951,0.134797,1.62732,0.741216,0.294505,6,0.0501723
521,2,0.736633,0.354829,0.154376,1.82037,0.728124,0.329879,7,0.0582571
522,5,0.292855,0.0928349,0.0603366,0.768551,0.209217,0.12648,2,0.0113011
523,5,0.0946721,0.0456946,0.0283853,0.279331,0.102092,0.0543651,2,0.00583878
524,5,0.0733417,0.0239357,0.0137826,0.279331,0.086447,0.0561615,2,0.00882461
525,5,0.0733417,0.0240719,0.0129795,0.271848,0.0827867,0.047033,3,0.00737566
526,5,0.0547398,0.0226655,0.011645,0.231279,0.107651,0.0616435,0,0.00426267
527,5,0.0547398,0.0194937,0.0113671,0.244513,0.128826,0.0728242,3,0.0030753
528,5,0.0417069,0.0142895,0.00732135,0.244513,0.0636993,0.0730711,0,0.00184858
529,5,0.0225375,0.0105339,0.00450733,0.0362503,0.0190383,0.0070525,0,0.00155897
530,5,0.0232535,0.00904987,0.00448353,0.0389609,0.0192447,0.00793491,0,0.00188587
531,5,0.0232535,0.00953365,0.00444107,0.0816719,0.0254991,0.0152004,0,0.0018503
532,5,0.0212619,0.00807557,0.00419654,0.0816719,0.0228149,0.0161257,0,0.00154451
533,5,0.0167539,0.00644822,0.00289935,0.0282025,0.0117903,0.00545918,0,0.0016942
534,5,0.0167539,0.00690319,0.00253659,0.0234584,0.0106604,0.00476398,0,0.00171298
535,5,0.0160762,0.00725079,0.00258354,0.0266332,0.0120592,0.00543548,0,0.00144609
536,5,0.331132,0.128889,0.0696225,0.707825,0.393073,0.114265,1,0.00946864
537,5,0.182036,0.0777449,0.0422861,0.572087,0.251643,0.149627,3,0.0157023
538,5,0.182036,0.0597153,0.040309,0.341457,0.139098,0.0694855,3,0.0166885
539,5,0.152556,0.0482736,0.0279791,0.515968,0.185441,0.144081,3,0.0102494
540,5,0.0933566,0.0338665,0.019854,0.515968,0.14026,0.150996,3,0.00530359
541,5,0.0995946,0.0310791,0.0193101,0.479085,0.150407,0.125753,2,0.00584144
542,5,0.101153,0.0388405,0.020526,0.479085,0.210669,0.11297,3,0.00659721
543,5,0.101153,0.0291182,0.0189709,0.405286,0.150206,0.0801898,2,0.00515946
544,5,0.0473354,0.0194735,0.0103687,0.263017,0.125874,0.0551101,0,0.00331761
545,5,0.0612863,0.021112,0.0124703,0.364098,0.167104,0.07822,2,0.00451105
546,5,0.0612863,0.0189476,0.0120621,0.364098,0.168067,0.0766975,2,0.00438731
547,5,0.0450845,0.0153212,0.00960602,0.21235,0.119723,0.054728,0,0.00343625
548,5,0.0450845,0.0118669,0.00910102,0.161685,0.0599604,0.0511012,0,0.0027906
549,5,0.0190011,0.00749196,0.00393453,0.0778224,0.0198079,0.0142739,0,0.00193546
550,5,0.0338659,0.0120514,0.00851687,0.194859,0.051431,0.04555,0,0.00211432
551,5,0.0338659,0.016406,0.0060178,0.194859,0.0607473,0.0413472,0,0.00185025
552,4,0.49342,0.123595,0.116469,0.429271,0.236248,0.0562781,0,0.00922559
553,4,0.0881129,0.0502825,0.0148646,0.278221,0.178068,0.0572881,2,0.00344949
554,4,0.0620471,0.0278044,0.0176782,0.169188,0.0969067,0.0365105,3,0.00221263
555,4,0.0388204,0.00885695,0.00684824,0.117331,0.0452612,0.0276117,0,0.00170938
556,4,0.0116112,0.00521481,0.00242583,0.0376028,0.0178124,0.00813091,0,0.00169551
557,4,0.0112502,0.00508396,0.00225587,0.0249059,0.0121095,0.00342287,0,0.00146356
558,4,0.0136936,0.0056838,0.00247463,0.0266006,0.0120219,0.00468488,0,0.00141948
559,4,0.0190503,0.00746917,0.00390357,0.0752191,0.0167048,0.0113061,0,0.00226958
560,4,0.0190503,0.0083062,0.00403335,0.0752191,0.0190371,0.0115592,0,0.00233521
561,4,0.0165931,0.0073128,0.00326806,0.0397858,0.0150394,0.00741911,0,0.00180636
562,4,0.025649,0.00924274,0.00459743,0.0553158,0.0202635,0.0116028,0,0.0026118
563,4,0.025649,0.01157,0.00445032,0.0666748,0.0310143,0.0131222,0,0.00281985
564,4,0.527961,0.268913,0.138195,1.9752,0.677571,0.496863,3,0.0201873
565,4,0.349665,0.125897,0.087617,0.64794,0.216704,0.128595,3,0.0136146
566,4,0.155736,0.0530112,0.0358143,0.398435,0.149363,0.0758473,1,0.00695834
567,4,0.132576,0.0428241,0.0301056,0.398435,0.140315,0.0794208,2,0.0059264
568,4,0.132576,0.0417682,0.0278808,0.280276,0.08907,0.0728047,1,0.00386874
569,4,0.0706427,0.0230455,0.0160079,0.070423,0.030843,0.0156603,1,0.00236539
570,4,0.0238795,0.0125524,0.00465778,0.0322396,0.016688,0.00836083,0,0.00182967
571,4,0.0195692,0.00845797,0.00455139,0.0455026,0.0152271,0.00942648,0,0.00180221
572,4,0.0445258,0.014194,0.00998797,0.052671,0.0247385,0.0115828,0,0.00255584
573,4,0.0445258,0.0172965,0.00859753,0.0668524,0.0277311,0.0109323,0,0.00289339
574,4,0.0295166,0.0113002,0.00589972,0.103764,0.0304094,0.0190175,0,0.00269147
575,4,0.132586,0.0366197,0.0373066,0.399979,0.0839988,0.0822346,2,0.00458524
576,4,0.132586,0.0624943,0.0378358,0.399979,0.128295,0.0850481,2,0.0050179
577,4,0.137879,0.068035,0.0394049,0.32241,0.139328,0.0889991,3,0.00542896
578,6,0.269671,0.0646797,0.0490558,0.675071,0.318773,0.123972,2,0.0093693
579,6,0.107085,0.0250194,0.0227716,0.307115,0.151812,0.0758749,1,0.00342352
580,6,0.0217132,0.011274,0.00438142,0.164624,0.0545959,0.0402214,0,0.00200374
581,6,0.0253086,0.00949018,0.00388768,0.0388155,0.0223405,0.00757424,0,0.00234579
582,6,0.0253086,0.00959836,0.00340016,0.0333243,0.0210426,0.00498674,0,0.00212256
583,6,0.0147995,0.00759827,0.00296016,0.0287359,0.0179474,0.0045271,0,0.00116928
584,6,0.0179921,0.00546263,0.00295932,0.022236,0.012661,0.00480662,0,0.00164694
585,6,0.0179921,0.00458711,0.00267908,0.041268,0.0101019,0.0059969,0,0.0018248
586,6,0.0321525,0.00908016,0.00665789,0.116285,0.0214346,0.0233102,0,0.00181705
587,6,0.0424597,0.0146445,0.00889688,0.146721,0.0401283,0.0311238,0,0.00369936
588,6,0.0424597,0.0169664,0.00949718,0.170271,0.0527306,0.0322228,0,0.0037698
589,6,0.0760378,0.0248822,0.0164342,0.331297,0.0855393,0.0612904,3,0.00613209
590,6,0.0760378,0.0302582,0.0175137,0.331297,0.102,0.0602853,4,0.0063771
591,6,0.0678619,0.0234988,0.0128883,0.192874,0.058951,0.046245,3,0.00457785
592,6,0.0406115,0.0155875,0.00909485,0.145862,0.0334216,0.0265412,0,0.00342405
593,6,0.0429432,0.0194116,0.0113266,0.145862,0.040033,0.0297032,0,0.00445113
594,6,0.213829,0.0520944,0.0454336,0.53746,0.271816,0.0781657,1,0.0102765
595,6,0.0573452,0.0285696,0.00913566,0.281749,0.166604,0.0679154,0,0.00349651
596,6,0.0573452,0.0210343,0.0131167,0.25723,0.0780324,0.0547411,3,0.00348366
597,6,0.0204408,0.00930818,0.00389789,0.0670997,0.0294195,0.0146642,0,0.00179101
598,6,0.0165522,0.00696583,0.00312258,0.0353519,0.0189344,0.00432982,0,0.00207064
599,6,0.0160303,0.0060217,0.00288139,0.0353519,0.0156624,0.00451965,0,0.00215694
600,6,0.0149441,0.00555155,0.00271747,0.0246805,0.0116776,0.00362892,0,0.00181678
601,6,0.0128973,0.00535256,0.00267067,0.0169969,0.00892723,0.00329448,0,0.00160203
602,6,0.015418,0.00582499,0.00304742,0.018846,0.00760275,0.00331139,0,0.0015219
603,6,0.015418,0.00645283,0.00307618,0.0243311,0.00971625,0.00481522,0,0.00180397
604,6,0.0219672,0.00707469,0.00401501,0.0277098,0.011687,0.00461779,0,0.00188318
605,6,0.0219672,0.00764647,0.00425382,0.0277098,0.0104794,0.00477448,0,0.00183108
606,6,0.0176765,0.00702731,0.00358084,0.0276849,0.00987108,0.00568168,0,0.0018457
607,6,0.0488135,0.0113437,0.0116109,0.154623,0.0285346,0.03777,1,0.00269305
608,6,0.0488135,0.0131172,0.0118069,0.154623,0.0366459,0.0397891,2,0.00287602
609,6,0.0362473,0.00865876,0.00561125,0.150038,0.0242103,0.0214017,0,0.00191605
610,1,0.649615,0.281872,0.126554,1.33898,0.616932,0.255657,4,0.0554338
611,1,0.754542,0.297306,0.149854,1.54235,0.611806,0.276841,4,0.0664646
612,1,0.754871,0.285757,0.15032,1.54235,0.585981,0.271551,4,0.0642771
613,1,0.754871,0.270143,0.139356,1.42038,0.520588,0.231529,4,0.0583666
614,1,0.722574,0.274675,0.137716,1.55534,0.530032,0.27989,4,0.0628239
615,1,0.871308,0.285775,0.145505,1.55534,0.573847,0.27732,5,0.0688461
616,1,0.871308,0.278104,0.145594,1.33523,0.548029,0.214803,5,0.070578
617,1,0.638872,0.265439,0.129876,1.12097,0.516919,0.2204,4,0.0652004
618,1,0.910604,0.263375,0.138913,1.56594,0.526704,0.269146,4,0.0652563
619,1,0.910604,0.269751,0.137326,1.56594,0.526907,0.269796,3,0.0621789
620,1,0.757251,0.283024,0.129474,1.1668,0.512253,0.237138,2,0.052367
621,1,0.757251,0.277429,0.135449,1.34599,0.524452,0.245086,4,0.0524261
622,1,0.63862,0.250899,0.11887,1.34599,0.553154,0.263356,3,0.0519839
623,1,0.687134,0.224238,0.108055,1.28385,0.551471,0.272521,2,0.0527989
624,1,0.813964,0.261161,0.129197,1.5092,0.607732,0.285872,3,0.0688051
625,1,0.745872,0.26299,0.120647,1.38914,0.558739,0.229824,3,0.0517002
626,1,0.672923,0.267341,0.1276,1.35316,0.582816,0.235915,5,0.0488755
627,1,0.771326,0.276681,0.128864,1.56414,0.554013,0.261985,4,0.0532725
628,1,0.771326,0.267813,0.128725,1.56414,0.529181,0.27149,4,0.0555588
629,1,0.716343,0.268493,0.128153,1.471,0.520948,0.274876,4,0.0596529
630,1,0.716343,0.271992,0.129575,1.73877,0.512193,0.258455,4,0.0562683
631,1,0.802798,0.274296,0.144854,1.73877,0.536655,0.278357,3,0.0608704
632,1,0.838784,0.266467,0.140794,1.57716,0.547911,0.285833,2,0.0682567
633,1,0.838784,0.258125,0.117412,1.57716,0.519521,0.262635,3,0.0584639
634,1,0.680631,0.255637,0.116287,1.47022,0.496754,0.225682,4,0.0493988
635,1,0.680631,0.246321,0.124907,1.27497,0.506165,0.208631,4,0.0523724
636,1,0.668146,0.244522,0.11924,1.27497,0.514823,0.22066,4,0.0594514
637,3,0.835897,0.275587,0.170123,1.14568,0.496031,0.223491,4,0.0664111
638,3,0.832522,0.263758,0.159418,1.14568,0.474831,0.223146,4,0.0707871
639,3,1.07042,0.25718,0.180705,2.83758,0.764186,0.607975,4,0.0879846
640,3,1.07042,0.238831,0.172777,2.83758,0.879119,0.583518,3,0.0821493
641,3,0.968905,0.278035,0.165203,1.84495,0.650475,0.298425,3,0.0653547
642,3,1.01114,0.29995,0.187264,1.91503,0.692781,0.336456,3,0.0810641
643,3,1.01114,0.270223,0.165503,1.91503,0.731829,0.354773,3,0.084955
644,3,0.868068,0.282675,0.156719,1.68499,0.670493,0.311183,4,0.0769093
645,3,0.868068,0.288302,0.157021,1.68499,0.573652,0.288889,4,0.0723632
646,3,0.749417,0.275459,0.160082,1.34542,0.624909,0.266766,4,0.0672003
647,3,0.708023,0.262814,0.14437,1.19925,0.573829,0.24593,4,0.0669253
648,3,0.778878,0.245602,0.153809,2.81834,0.862163,0.662206,4,0.0696776
649,3,0.950309,0.242246,0.169357,2.81834,0.937809,0.684385,4,0.0791258
650,3,0.950309,0.295059,0.176388,2.35905,0.675199,0.36172,4,0.0837303
651,3,0.894509,0.308201,0.16482,1.63322,0.727078,0.351217,3,0.0721415
652,3,0.879269,0.28247,0.160693,1.92411,0.753773,0.385598,3,0.0695059
653,3,1.0333,0.33048,0.192704,1.92411,0.660987,0.345687,4,0.0916975
654,3,1.0333,0.328066,0.198256,1.54448,0.592253,0.312248,4,0.0888038
655,3,0.949858,0.320925,0.17214,1.75915,0.86033,0.328921,3,0.0829942
656,3,0.949858,0.326908,0.182497,1.35417,0.7303,0.303574,4,0.0877834
657,3,1.0652,0.32775,0.194513,2.6749,1.00555,0.629809,4,0.0948872
658,3,1.0652,0.322949,0.185687,2.6749,1.03504,0.621533,4,0.0850174
659,3,1.04901,0.361103,0.187476,1.38836,0.682217,0.316925,4,0.0785028
660,3,1.04901,0.344843,0.190726,1.37063,0.724647,0.308606,4,0.0767327
661,3,0.938011,0.352615,0.19121,1.8654,0.767926,0.339652,5,0.0773093
662,3,0.998424,0.387658,0.19033,1.8654,0.771679,0.383389,4,0.0782983
663,2,0.722609,0.275691,0.130417,1.32471,0.572761,0.249141,4,0.0553277
664,2,0.646093,0.26402,0.120154,0.811127,0.409272,0.162624,6,0.0570475
665,2,0.646093,0.259346,0.122425,1.07171,0.485746,0.216312,5,0.0611588
666,2,0.789433,0.277174,0.138959,1.67431,0.722182,0.354865,5,0.0643119
667,2,0.789433,0.293861,0.14248,1.67431,0.73509,0.360798,5,0.0632628
668,2,0.659822,0.276919,0.124424,1.93376,0.717074,0.38917,5,0.052706
669,2,0.729099,0.275264,0.135046,1.93376,0.743489,0.391248,4,0.0627926
670,2,0.729099,0.266191,0.137047,1.58796,0.628994,0.277295,5,0.066451
671,2,0.668428,0.260976,0.120992,1.58796,0.537663,0.247165,5,0.0554749
672,2,0.694426,0.290181,0.123733,1.29416,0.615264,0.245486,5,0.0567291
673,2,0.685623,0.2953,0.125125,1.42026,0.541014,0.246556,5,0.0609857
674,2,0.644998,0.288217,0.121695,2.50132,0.779214,0.527443,4,0.0576829
675,2,0.734917,0.269283,0.126099,2.50132,0.821717,0.496149,4,0.0528823
676,2,0.734917,0.269916,0.131142,1.28716,0.546413,0.235324,4,0.0616098
677,2,0.649814,0.281723,0.118623,1.28716,0.569941,0.247874,5,0.0630176
678,2,0.63511,0.294898,0.120973,1.70745,0.677126,0.28136,6,0.0611371
679,2,0.63511,0.283121,0.122231,1.70745,0.632168,0.285518,4,0.0578903
680,2,0.750338,0.284297,0.136982,1.54299,0.770986,0.273425,5,0.0710982
681,2,0.704007,0.251155,0.127085,1.54299,0.645291,0.252425,4,0.0586455
682,2,0.650239,0.25322,0.112142,2.14529,0.845102,0.460486,3,0.0479321
683,2,0.643849,0.263003,0.108956,2.14529,0.8285,0.488074,4,0.0487912
684,2,0.524064,0.264163,0.097947,1.38794,0.496501,0.278009,5,0.0469097
685,2,0.633476,0.268234,0.107398,1.40217,0.53144,0.265974,5,0.0484621
686,2,0.633476,0.264897,0.110237,1.57245,0.67359,0.278518,6,0.0501751
687,2,0.661637,0.25404,0.106761,1.57245,0.642015,0.281957,5,0.0518138
688,5,0.320111,0.118962,0.0748508,1.2543,0.31932,0.234053,3,0.0178673
689,5,0.140543,0.05747,0.0347268,0.637835,0.233455,0.141033,2,0.00630336
690,5,0.294956,0.0873905,0.058855,0.829226,0.297681,0.164546,2,0.00791518
691,5,0.294956,0.106341,0.0668228,0.829226,0.275108,0.141733,2,0.0103862
692,5,0.253894,0.0696028,0.0546261,0.479701,0.15777,0.115381,1,0.00950453
693,5,0.0873018,0.0345631,0.0158816,0.26972,0.072001,0.0366706,4,0.00524982
694,5,0.0645591,0.0179308,0.0131909,0.126175,0.046656,0.0233657,2,0.00342704
695,5,0.0514677,0.0141984,0.00954508,0.0971966,0.0417178,0.0211559,0,0.00316413
696,5,0.0514677,0.0189925,0.00858961,0.100611,0.0483258,0.0220312,0,0.00337299
697,5,0.131267,0.0289536,0.0308936,0.71773,0.18801,0.239073,1,0.00380296
698,5,0.14475,0.0574675,0.0405305,1.02318,0.389136,0.30376,2,0.00627273
699,5,0.14475,0.0518614,0.0356827,1.02318,0.25265,0.303167,4,0.00608862
700,5,0.0949634,0.0244404,0.0166908,0.207964,0.0578331,0.0427599,1,0.00403574
701,5,0.0563335,0.016903,0.00884765,0.207964,0.0468693,0.0310278,0,0.00393447
702,5,0.0260775,0.0107649,0.0055277,0.0770488,0.0237671,0.0140579,0,0.00189146
703,5,0.496989,0.173406,0.136628,0.64456,0.195457,0.153386,2,0.0123872
704,5,0.12239,0.0410669,0.0293072,0.263491,0.0805217,0.0580717,2,0.00700404
705,5,0.0957978,0.0234755,0.018578,0.64038,0.09343,0.122551,3,0.00859175
706,5,0.0957978,0.0257727,0.0158681,0.64038,0.1169,0.122457,2,0.00784791
707,5,0.0428818,0.0203885,0.00779047,0.287198,0.0739865,0.0584229,0,0.00442425
708,5,0.0601375,0.017796,0.0115836,0.27983,0.0587954,0.0527615,0,0.00478794
709,5,0.0601375,0.0151997,0.0120787,0.27983,0.0472777,0.0530539,2,0.00487726
710,5,0.0269137,0.0101727,0.00467638,0.0371905,0.0183858,0.00756906,0,0.00247477
711,5,0.019236,0.00794628,0.00324882,0.0318065,0.0138784,0.0071624,0,0.00199688
712,5,0.0205901,0.0076463,0.00296482,0.0316031,0.0134181,0.00715678,0,0.0020089
713,5,0.0208324,0.0073613,0.00353003,0.0307608,0.0128085,0.00602239,0,0.00196655
714,5,0.0208324,0.00642315,0.00343399,0.0341686,0.0122234,0.00560217,0,0.00166014
715,5,0.0159103,0.0065135,0.0032644,0.0341686,0.0127666,0.00628004,0,0.001727
716,4,0.572008,0.133817,0.143039,0.443253,0.202271,0.0719704,2,0.0121721
717,4,0.146735,0.0532728,0.0303619,0.695847,0.183528,0.0944553,2,0.0106066
718,4,0.146735,0.0439593,0.029762,0.695847,0.125676,0.106855,2,0.00828534
719,4,0.0571992,0.0206659,0.0108169,0.0911484,0.0481089,0.0201041,0,0.00300047
720,4,0.0216776,0.0106225,0.00472176,0.0767599,0.0265361,0.0152471,0,0.00213723
721,4,0.0195118,0.00892503,0.00420522,0.0467211,0.0197636,0.00930382,0,0.00229493
722,4,0.0653536,0.0116082,0.0091389,0.275752,0.0317459,0.0387204,0,0.00657127
723,4,0.0653536,0.0215638,0.0151492,0.275752,0.0655845,0.0579126,3,0.00775603
724,4,0.0608327,0.0212985,0.0135701,0.25263,0.0614661,0.0487631,2,0.00531047
725,4,0.0347338,0.014203,0.00698698,0.0689012,0.0261382,0.016541,0,0.00252616
726,4,0.0585763,0.0136172,0.00944919,0.299703,0.0277834,0.0455003,0,0.00350299
727,4,0.174789,0.092259,0.0516517,0.879734,0.421316,0.217632,2,0.00702997
728,4,0.150964,0.0519297,0.0299648,0.425174,0.174653,0.0919755,1,0.00572533
729,4,0.08795,0.0342557,0.0205424,0.186451,0.0808548,0.0366764,3,0.00402131
730,4,0.0575828,0.0182046,0.0105615,0.109307,0.0461781,0.0240358,0,0.00550954
731,4,0.0575828,0.0152664,0.0111503,0.11549,0.0374012,0.0227077,0,0.00618276
732,4,0.0546834,0.0222946,0.0142267,0.199025,0.0594543,0.0364921,3,0.00623751
733,4,0.0546834,0.0257147,0.0120699,0.199025,0.0533906,0.0379282,0,0.00531087
734,4,0.0416455,0.0168453,0.00782949,0.064957,0.0262343,0.0127514,0,0.00255295
735,4,0.0278412,0.0112651,0.00571103,0.064957,0.0215599,0.012839,0,0.00204312
736,4,0.0179183,0.00813302,0.00382893,0.0490129,0.0151348,0.00921681,0,0.00187341
737,4,0.0273826,0.0121357,0.00658213,0.0767174,0.0203353,0.0138088,0,0.00224928
738,4,0.0850877,0.0178097,0.0132807,0.667561,0.0577562,0.119465,2,0.00455689
739,6,0.290984,0.0768836,0.0610597,0.510527,0.284403,0.0955283,1,0.0122989
740,6,0.106483,0.0338265,0.0251758,0.355391,0.157755,0.0846631,1,0.00454994
741,6,0.0787364,0.0241093,0.0109247,0.190958,0.0860485,0.0400068,0,0.00415751
742,6,0.0787364,0.0280394,0.0119935,0.190958,0.0660155,0.0376452,2,0.00459148
743,6,0.0549744,0.0240714,0.00913856,0.124906,0.0422352,0.0220587,0,0.00359303
744,6,0.0364006,0.0154777,0.00748758,0.0645024,0.0236402,0.011114,0,0.00211043
745,6,0.0198225,0.00864182,0.00363484,0.0339915,0.0149364,0.00731061,0,0.00212362
746,6,0.016264,0.00692044,0.00313828,0.0346916,0.0105755,0.00694363,0,0.00226586
747,6,0.0181336,0.00657784,0.00325753,0.0346916,0.0106946,0.00639573,0,0.00217949
748,6,0.0181336,0.00636066,0.00322102,0.0290859,0.0113911,0.00560136,0,0.00218793
749,6,0.016976,0.00657829,0.00355851,0.0412781,0.0118581,0.00692687,0,0.00221458
750,6,0.016976,0.00679517,0.00346275,0.0412781,0.0119548,0.0079302,0,0.00232503
751,6,0.015543,0.00620653,0.003071,0.0294709,0.00898493,0.00557995,0,0.00220778
752,6,0.03162,0.00789761,0.0059185,0.14744,0.0217065,0.0294165,0,0.00294153
753,6,0.396941,0.0875046,0.0877319,0.687597,0.332339,0.105907,0,0.0085677
754,6,0.0639579,0.0275117,0.0175425,0.31783,0.182231,0.0779901,3,0.00193682
755,6,0.0246712,0.0115727,0.00537093,0.179087,0.0777229,0.0457822,0,0.0019977
756,6,0.021669,0.00997171,0.00449477,0.0708476,0.0309959,0.0162435,0,0.00174052
757,6,0.0203185,0.00865599,0.00417948,0.0657656,0.0247619,0.00991314,0,0.00178576
758,6,0.0213387,0.00814963,0.00388075,0.0657656,0.0250227,0.00768273,0,0.00187958
759,6,0.0213387,0.00771652,0.00322943,0.0395643,0.0197154,0.00733428,0,0.00173842
760,6,0.0146299,0.00707417,0.00271153,0.0394621,0.0173914,0.00811852,0,0.00165185
761,6,0.0172306,0.00788574,0.00345032,0.0459178,0.0192985,0.00917891,0,0.00232346
762,6,0.0187633,0.00871775,0.00355966,0.0506829,0.0219669,0.00896083,0,0.00243982
763,6,0.0187633,0.00761344,0.00322003,0.0506829,0.0187838,0.00864148,0,0.00181066
764,6,0.0146667,0.00691911,0.00273384,0.0405527,0.0177785,0.00819439,0,0.00145199
765,6,0.032558,0.00780166,0.00417279,0.0986998,0.0195238,0.0113375,0,0.00185535
766,6,0.037623,0.00953613,0.00612509,0.113385,0.0229606,0.0176356,0,0.00287473
767,1,0.519766,0.258126,0.111943,2.08738,0.74698,0.379642,4,0.0450311
768,1,0.660775,0.253566,0.113994,1.27564,0.594653,0.23477,3,0.0510246
769,1,0.660775,0.255444,0.118099,1.30621,0.585573,0.244946,3,0.0528672
770,1,0.616128,0.255921,0.111272,1.48664,0.606493,0.27609,3,0.0528823
771,1,0.768519,0.258766,0.124988,1.59467,0.64302,0.312554,3,0.0652395
772,1,0.768519,0.228085,0.113728,1.59467,0.582318,0.285172,1,0.0571702
773,1,0.486425,0.213526,0.0834932,1.11685,0.477262,0.202246,3,0.0407511
774,1,0.501703,0.224579,0.0918428,1.11685,0.473468,0.214873,4,0.046041
775,1,0.568524,0.234558,0.112992,1.23146,0.546043,0.231326,4,0.0469586
776,1,0.602293,0.252619,0.118751,1.23146,0.592787,0.232629,4,0.0468728
777,1,0.608126,0.269675,0.119094,1.5604,0.618327,0.278978,5,0.0554133
778,1,0.608126,0.278616,0.119969,1.5604,0.678471,0.317053,4,0.0556705
779,1,0.590826,0.262637,0.10768,1.49105,0.603662,0.295248,4,0.0430645
780,1,0.594901,0.25358,0.101937,1.32858,0.559581,0.265025,4,0.0440309
781,1,0.594901,0.252085,0.0950939,1.32858,0.573662,0.241477,4,0.0432573
782,1,0.746342,0.257105,0.109616,1.89965,0.644988,0.304669,4,0.0502264
783,1,0.607408,0.27743,0.113493,1.53767,0.773812,0.304514,3,0.0518408
784,1,0.607408,0.305851,0.107801,1.41567,0.665515,0.242284,4,0.0462506
785,1,0.567246,0.298417,0.104887,1.44661,0.601261,0.24465,7,0.0429655
786,1,0.567246,0.278442,0.0975714,1.44661,0.592718,0.243052,7,0.0403253
787,1,0.53101,0.269618,0.0958331,1.22893,0.577474,0.24792,6,0.041353
788,1,0.56301,0.267549,0.103835,1.22893,0.567544,0.260324,5,0.043271
789,1,0.56301,0.256935,0.100548,1.37844,0.577608,0.273854,3,0.0425326
790,1,0.567862,0.270319,0.0990307,1.37844,0.608226,0.284676,3,0.0452477
791,1,0.586106,0.282314,0.104187,1.28471,0.60856,0.283627,5,0.0499951
792,1,0.586106,0.26307,0.104118,1.28471,0.594549,0.265621,5,0.0486957
793,1,0.588302,0.259561,0.111977,1.52151,0.604586,0.276988,4,0.0504748
794,1,0.588302,0.267499,0.111357,1.52151,0.5512,0.278946,4,0.0518032
795,1,0.537949,0.26467,0.0975255,1.15739,0.506155,0.235269,5,0.0422194
796,1,0.575338,0.26748,0.105202,1.15739,0.551792,0.233236,4,0.044368
797,3,1.16617,0.389163,0.226091,2.25238,0.718959,0.348741,4,0.102659
798,3,1.16617,0.377812,0.217091,2.25238,0.685953,0.321465,4,0.0983433
799,3,0.932955,0.366242,0.195094,1.69244,0.755639,0.308243,4,0.0802969
800,3,1.01802,0.364881,0.21234,2.237,0.738341,0.35927,4,0.0829818
801,3,1.01802,0.358505,0.211624,2.237,0.624007,0.315957,4,0.0768356
802,3,1.04638,0.363167,0.217483,1.83097,0.75105,0.317601,4,0.0755163
803,3,1.04638,0.376291,0.221012,1.87961,0.834923,0.311169,4,0.0898618
804,3,1.08861,0.388695,0.216281,1.87961,0.753373,0.313555,4,0.0962162
805,3,1.08861,0.392152,0.212894,1.45604,0.628714,0.264405,4,0.0951215
806,3,1.07262,0.40465,0.21336,1.45522,0.696819,0.289216,4,0.0725805
807,3,1.07262,0.367394,0.195874,1.59715,0.583777,0.236495,4,0.0752837
808,3,1.04607,0.361704,0.193253,2.18179,0.75153,0.392364,4,0.0869619
809,3,1.04607,0.365814,0.204573,2.18179,0.774634,0.38861,4,0.0852524
810,3,0.955884,0.369895,0.197367,1.81916,0.638821,0.282928,4,0.0764616
811,3,1.1815,0.417232,0.214801,1.81916,0.745174,0.324247,5,0.0862809
812,3,1.1815,0.420652,0.212631,1.45985,0.76617,0.291834,4,0.0849429
813,3,1.01864,0.383116,0.203883,1.52181,0.764247,0.261895,7,0.0894232
814,3,0.999824,0.448094,0.207878,1.71844,0.762373,0.288481,6,0.0832923
815,3,0.999824,0.433154,0.204653,1.44677,0.768007,0.29604,6,0.0827735
816,3,0.907986,0.392644,0.188162,1.83189,0.907742,0.34177,5,0.0734001
817,3,0.961691,0.380796,0.211305,1.83189,0.787297,0.353583,5,0.0797412
818,3,1.30102,0.457473,0.259407,3.15528,0.822055,0.468857,5,0.0951827
819,3,1.30102,0.477971,0.240466,3.15528,0.866133,0.450458,5,0.0934639
820,3,0.934961,0.423973,0.215522,1.4077,0.706011,0.260161,6,0.0904012
821,3,0.934961,0.377076,0.216234,1.41197,0.690273,0.259026,6,0.0836633
822,2,0.823589,0.361314,0.16849,1.61469,0.763157,0.298025,4,0.0587656
823,2,0.746243,0.319644,0.149353,1.37638,0.673832,0.294581,4,0.056914
824,2,0.762459,0.336293,0.158501,1.84915,0.688809,0.381818,4,0.0586766
825,2,0.786968,0.340773,0.164724,1.84915,0.720143,0.377998,4,0.0610744
826,2,0.786968,0.333247,0.150466,1.64209,0.678717,0.307452,4,0.0615077
827,2,0.766827,0.318925,0.130698,1.64209,0.651928,0.328163,3,0.0524375
828,2,0.788114,0.318368,0.134972,1.53621,0.640045,0.311767,3,0.0546215
829,2,0.788114,0.314873,0.139499,1.53621,0.649052,0.293741,3,0.0574321
830,2,0.746173,0.288239,0.130141,1.50448,0.614584,0.268857,4,0.0525301
831,2,1.06962,0.399749,0.177328,2.04164,0.873076,0.398187,4,0.0668129
832,2,0.771487,0.350867,0.143906,1.86292,0.703472,0.343488,4,0.0533861
833,2,0.739572,0.349466,0.146882,1.67958,0.763713,0.366998,5,0.0592798
834,2,0.812773,0.341861,0.153548,1.67958,0.772353,0.385967,5,0.0636556
835,2,0.88452,0.342434,0.178327,1.3824,0.698919,0.312051,5,0.0642568
836,2,0.88452,0.369261,0.168228,1.78114,0.789828,0.331413,4,0.062087
837,2,0.759807,0.342195,0.15185,1.86144,0.831722,0.337199,4,0.0572567
838,2,0.759807,0.312172,0.141794,1.88604,0.799194,0.353999,7,0.0496863
839,2,0.865282,0.388068,0.165618,2.04535,0.971147,0.360616,4,0.0532461
840,2,0.737526,0.354257,0.149515,1.46674,0.758604,0.308814,5,0.0549456
841,2,0.768202,0.352347,0.151063,2.07033,0.785752,0.396377,4,0.0551865
842,2,0.796354,0.364208,0.15414,2.07033,0.767311,0.40162,4,0.0577127
843,2,0.826942,0.374563,0.164928,1.90429,0.722612,0.390958,4,0.0569024
844,2,0.826942,0.378971,0.153878,2.05429,0.82863,0.404482,4,0.0583415
845,2,0.711601,0.345199,0.137093,2.05429,0.859206,0.384186,5,0.0589632
846,2,0.913815,0.338915,0.155985,1.82725,0.799405,0.365795,4,0.0709194
847,5,0.362106,0.142975,0.0825696,1.11325,0.365566,0.216681,2,0.0149004
848,5,0.210271,0.0557927,0.0506192,0.441021,0.165314,0.0860431,1,0.00980056
849,5,0.0986133,0.0379581,0.0203382,0.585816,0.183941,0.119189,3,0.00757137
850,5,0.105705,0.040781,0.0220453,0.585816,0.185817,0.118071,4,0.00910386
851,5,0.105705,0.0281412,0.016111,0.227149,0.0783712,0.0540266,1,0.00672668
852,5,0.0574329,0.0256135,0.00943547,0.15328,0.0589277,0.0306513,0,0.00402912
853,5,0.061133,0.0271483,0.0112128,0.15328,0.0655996,0.0269278,2,0.00335081
854,5,0.0784657,0.0283368,0.0164275,0.104711,0.0569202,0.0191015,3,0.00345151
855,5,0.0784657,0.0213548,0.0162642,0.104711,0.0410782,0.020149,2,0.00315722
856,5,0.0292018,0.0128072,0.0049768,0.0732432,0.0261273,0.0136366,0,0.00218209
857,5,0.0216601,0.011696,0.00379587,0.050339,0.016308,0.0108322,0,0.00184603
858,5,0.028385,0.0104555,0.00402235,0.0391216,0.0133382,0.00836201,0,0.00211977
859,5,0.028385,0.00954405,0.00471959,0.0391216,0.0160114,0.00842794,0,0.00215448
860,5,0.0234015,0.0096984,0.00462461,0.0348347,0.0151839,0.00690469,0,0.00202424
861,5,0.390704,0.17446,0.113163,0.709378,0.234351,0.168015,3,0.0121725
862,5,0.200774,0.0557438,0.0402231,0.238714,0.104458,0.0481487,1,0.00842557
863,5,0.0803803,0.0250026,0.0142639,0.193135,0.0880583,0.038233,4,0.00724738
864,5,0.0803803,0.0177972,0.0108549,0.17008,0.0615174,0.0382638,0,0.00579601
865,5,0.0642127,0.0187143,0.0113199,0.231897,0.057041,0.0413392,0,0.0052554
866,5,0.0642127,0.0252379,0.0125955,0.231897,0.0801494,0.0416309,0,0.00543408
867,5,0.0507294,0.0218838,0.0104674,0.170684,0.0680612,0.0404518,0,0.00357424
868,5,0.0293877,0.0126158,0.00639251,0.147673,0.035872,0.0334134,0,0.00188752
869,5,0.0179123,0.00925953,0.00366194,0.0699857,0.0265605,0.0136009,0,0.00178311
870,5,0.130692,0.0216537,0.0218231,0.320623,0.054756,0.0440469,1,0.0102965
871,5,0.130692,0.0268796,0.0224233,0.320623,0.0612003,0.0461268,2,0.0119539
872,5,0.0947293,0.0159678,0.0129122,0.157478,0.0395661,0.0265935,1,0.00690846
873,5,0.0298022,0.0100109,0.00566085,0.0997698,0.0264541,0.015562,0,0.00327132
874,5,0.260796,0.0523353,0.0643406,0.910768,0.177117,0.251413,1,0.00541169
875,4,0.121287,0.0548788,0.0285555,0.281509,0.121993,0.0415867,4,0.0070211
876,4,0.0838375,0.023218,0.0170521,0.177182,0.0899906,0.0292517,2,0.00446762
877,4,0.0254426,0.0107176,0.00512091,0.10683,0.0502349,0.024445,0,0.00170904
878,4,0.0174453,0.0076316,0.00322977,0.073426,0.0272325,0.0141192,0,0.00181263
879,4,0.014418,0.00680707,0.0031354,0.0655331,0.0192264,0.0140737,0,0.0019463
880,4,0.024352,0.00758059,0.00440149,0.0655331,0.0151294,0.0108811,0,0.00223381
881,4,0.024352,0.00731053,0.00446576,0.0363824,0.0136928,0.00641362,0,0.00230354
882,4,0.0211105,0.00574078,0.0032574,0.0326086,0.015053,0.00678356,0,0.00177236
883,4,0.0171098,0.00585964,0.00322865,0.0326086,0.0154509,0.00728853,0,0.00201458
884,4,0.0215483,0.00657622,0.00362551,0.0683039,0.0176031,0.0116116,0,0.00219187
885,4,0.0215483,0.00873758,0.00459135,0.0683039,0.0234625,0.0146888,0,0.0021228
886,4,0.212546,0.0885236,0.0651765,0.560748,0.302917,0.115695,2,0.00587176
887,4,0.0777879,0.0419698,0.0194137,0.327065,0.146995,0.0789399,3,0.00470012
888,4,0.135576,0.0574333,0.026464,0.204647,0.0920991,0.0430043,1,0.00478557
889,4,0.135576,0.042276,0.0325203,0.204647,0.0675993,0.0546268,1,0.00475275
890,4,0.0524765,0.0160222,0.0129001,0.086113,0.0294345,0.0171005,1,0.00262514
891,4,0.0207058,0.00858423,0.0043985,0.0458491,0.0272211,0.00793337,0,0.00187365
892,4,0.0248067,0.00933132,0.00524944,0.0458491,0.0224914,0.0110094,0,0.00210089
893,4,0.0248067,0.00989003,0.00460658,0.0412473,0.0133431,0.00785212,0,0.00212478
894,4,0.0188578,0.00918831,0.00374042,0.0342202,0.0135842,0.00759396,0,0.00188109
895,4,0.0169132,0.00830263,0.00404334,0.0363739,0.0161291,0.00816284,0,0.00215784
896,6,0.222987,0.0661798,0.0436308,0.417549,0.249421,0.0718929,0,0.00462264
897,6,0.0849343,0.0287773,0.0193348,0.253521,0.137792,0.0607913,1,0.00207932
898,6,0.0260401,0.0130774,0.00636397,0.13218,0.0601457,0.0329641,0,0.00212684
899,6,0.0181918,0.0075567,0.00385865,0.062643,0.0244592,0.0151157,0,0.00184351
900,6,0.016988,0.00724152,0.0036998,0.0486075,0.0217776,0.0106357,0,0.00201745
901,6,0.016988,0.00812093,0.0035598,0.0486075,0.021388,0.0103473,0,0.00196672
902,6,0.0221374,0.00817726,0.00347573,0.0363758,0.0139799,0.00682854,0,0.00214836
903,6,0.0221374,0.00836394,0.00379215,0.0388536,0.0174791,0.00891207,0,0.00234908
904,6,0.0202007,0.00826775,0.00386677,0.0492298,0.0202719,0.0104256,0,0.00212323
905,6,0.016902,0.00817857,0.00350492,0.0492298,0.0204181,0.0104475,0,0.00188461
906,6,0.0480907,0.0122552,0.00815637,0.101558,0.0253754,0.0177693,0,0.0035158
907,6,0.0480907,0.0149332,0.00782923,0.101558,0.0291728,0.0218101,0,0.00353009
908,6,0.110168,0.0399899,0.0257943,0.398017,0.24617,0.0780014,2,0.00477553
909,6,0.0444442,0.0152724,0.00848952,0.258844,0.129835,0.0611534,0,0.00252744
910,6,0.0320203,0.0107149,0.00532021,0.118929,0.0573513,0.0271036,0,0.0025097
911,6,0.0195431,0.00867974,0.00392869,0.0555527,0.0284501,0.0113155,0,0.00160548
912,6,0.0169483,0.0073757,0.00314275,0.0509127,0.026064,0.00881079,0,0.00192997
913,6,0.0151571,0.00680082,0.00282822,0.0509127,0.0245214,0.00987246,0,0.00193704
914,6,0.0201939,0.00768339,0.00366218,0.0443763,0.0211831,0.00791237,0,0.00170116
915,6,0.0201939,0.00817042,0.00361407,0.044358,0.0194636,0.00884634,0,0.00182137
916,6,0.0186331,0.00818852,0.00349629,0.049952,0.0204059,0.00974606,0,0.00179178
917,6,0.0176468,0.00774771,0.0037776,0.0730084,0.023733,0.0137493,0,0.0016492
918,6,0.0293493,0.010693,0.00634342,0.0827641,0.0259055,0.0169641,0,0.00232941
919,6,0.0293493,0.0114505,0.0058751,0.0827641,0.0222893,0.0146011,0,0.00245941
920,1,0.707377,0.328624,0.13864,1.29109,0.68509,0.295202,4,0.0589108
921,1,0.713715,0.342854,0.132555,1.46266,0.67949,0.287042,4,0.0711411
922,1,0.713715,0.342438,0.128991,1.46266,0.705727,0.278421,4,0.073542
923,1,0.689182,0.326305,0.12798,1.57354,0.720088,0.299061,4,0.071352
924,1,0.689182,0.324396,0.127345,1.57354,0.688882,0.291728,5,0.0712413
925,1,0.618443,0.302614,0.118492,1.10339,0.58067,0.223986,5,0.0572423
926,1,0.563239,0.302086,0.113135,1.11094,0.56665,0.219778,4,0.052168
927,1,0.567299,0.306658,0.113495,1.27833,0.578113,0.246054,5,0.0604359
928,1,0.671531,0.31035,0.124776,1.35044,0.618506,0.281497,4,0.067624
929,1,0.671531,0.324272,0.128128,1.35044,0.655657,0.275378,5,0.0684049
930,1,0.699549,0.326385,0.124679,1.63354,0.656212,0.290706,5,0.0706994
931,1,0.699549,0.328158,0.120457,1.63354,0.633224,0.296734,5,0.0650918
932,1,0.622201,0.311982,0.119009,1.4317,0.653855,0.282882,6,0.0600163
933,1,0.892389,0.375267,0.154868,1.5522,0.773161,0.36049,3,0.0817499
934,1,0.892389,0.383422,0.156195,1.53989,0.723697,0.28411,4,0.0852045
935,1,0.810271,0.366083,0.14522,1.65253,0.791672,0.295185,5,0.0807732
936,1,0.743954,0.3389,0.132202,1.65253,0.738322,0.295925,3,0.0669409
937,1,0.743954,0.336649,0.133987,1.58884,0.702622,0.303147,4,0.0754815
938,1,0.726855,0.340549,0.133365,1.58884,0.645959,0.27814,5,0.0738541
939,1,0.601317,0.328392,0.120307,1.37349,0.586094,0.258577,4,0.0581919
940,1,0.70077,0.314872,0.127207,1.48296,0.706123,0.308116,5,0.0578694
941,1,0.70077,0.293997,0.131441,1.48296,0.67826,0.28358,5,0.0673801
942,1,0.66577,0.302805,0.121342,1.24953,0.569802,0.250474,5,0.0668096
943,1,0.66577,0.316407,0.113503,1.24953,0.587206,0.266716,5,0.0619879
944,1,0.612698,0.301964,0.113774,1.20289,0.574475,0.261989,5,0.0631804
945,1,0.612698,0.282919,0.112996,1.4648,0.660726,0.278818,4,0.0554177
946,3,1.07349,0.407695,0.232156,1.53652,0.63319,0.2919,6,0.0964436
947,3,1.07349,0.420634,0.229035,1.81854,0.676302,0.329843,5,0.0898186
948,3,1.04565,0.409459,0.211036,1.869,0.76577,0.367835,4,0.0807752
949,3,1.04565,0.395675,0.213853,1.869,0.711675,0.344933,4,0.0887926
950,3,1.29475,0.455788,0.271448,1.74466,0.723119,0.318791,5,0.101073
951,3,1.29475,0.51873,0.258674,1.65268,0.797685,0.340208,5,0.0942991
952,3,1.00068,0.47811,0.232954,1.50335,0.745373,0.324292,6,0.0854596
953,3,1.00068,0.426265,0.236515,3.04972,0.831216,0.53402,5,0.0915045
954,3,1.29126,0.490683,0.245699,2.34132,0.871095,0.436321,6,0.0962383
955,3,1.01893,0.476869,0.238503,1.81447,0.84484,0.404231,6,0.0879117
956,3,1.08253,0.444537,0.228211,2.6139,0.937343,0.515235,5,0.104149
957,3,1.20934,0.432394,0.241,2.6139,0.813861,0.498974,4,0.110845
958,3,1.20934,0.435518,0.238728,1.72684,0.775356,0.365723,5,0.0926423
959,3,1.12072,0.453615,0.232337,1.72684,0.865758,0.355164,5,0.0975351
960,3,1.12072,0.446209,0.249481,1.66584,0.788937,0.320607,5,0.106091
961,3,1.21474,0.45919,0.258396,1.85241,0.900352,0.341661,8,0.0967183
962,3,1.10683,0.457022,0.247972,2.05259,0.839592,0.366796,6,0.085685
963,3,1.10683,0.452521,0.238343,2.05259,0.828438,0.40804,5,0.0845134
964,3,1.25595,0.43456,0.239805,2.04532,0.749382,0.360757,5,0.0963495
965,3,1.25595,0.428573,0.231827,2.04532,0.688848,0.314813,5,0.0911544
966,3,1.06658,0.402787,0.209735,1.34054,0.679318,0.267707,5,0.0781146
967,3,1.04861,0.409916,0.22216,1.48831,0.70343,0.273554,5,0.0867677
968,2,0.831868,0.408349,0.178159,1.34655,0.75828,0.269896,6,0.0590754
969,2,0.831868,0.407405,0.181993,1.53024,0.711037,0.298259,6,0.062892
970,2,0.903087,0.408414,0.165343,2.09105,0.779809,0.428567,5,0.0717995
971,2,0.996033,0.391013,0.167831,2.09105,0.770205,0.418112,3,0.0687963
972,2,0.996033,0.373815,0.156787,1.60717,0.662636,0.282017,6,0.0601545
973,2,0.832041,0.346775,0.15303,1.91326,0.669469,0.328002,6,0.0632617
974,2,0.832041,0.333861,0.1585,1.91326,0.678466,0.352821,4,0.0572974
975,2,0.81376,0.333443,0.152274,1.88461,0.666547,0.320929,4,0.0518839
976,2,0.785593,0.398187,0.153293,1.83564,0.891565,0.330525,5,0.0599003
977,2,0.785593,0.355695,0.156409,1.62152,0.694633,0.315257,5,0.0560752
978,2,0.913429,0.384452,0.161833,2.29725,0.732502,0.437352,4,0.0622941
979,2,0.913429,0.377114,0.171528,2.29725,0.81066,0.406087,4,0.0623188
980,2,0.801228,0.372227,0.179532,1.52991,0.715249,0.30934,4,0.0609177
981,2,0.809455,0.375831,0.171889,1.52991,0.626308,0.316341,4,0.064697
982,2,0.869618,0.33655,0.166127,1.38324,0.60733,0.274541,5,0.0681794
983,2,0.915718,0.388414,0.163439,1.81395,0.851257,0.379651,7,0.0600078
984,2,0.87413,0.389536,0.192355,1.91818,0.768743,0.359688,5,0.0665978
985,2,0.984146,0.402963,0.195434,1.91818,0.812088,0.385994,5,0.0729768
986,2,0.984146,0.390285,0.178534,1.46509,0.736454,0.318532,3,0.0661211
987,2,0.846876,0.369198,0.157046,1.50921,0.668072,0.302099,5,0.0548012
988,2,0.970131,0.371301,0.174425,1.89711,0.710238,0.375029,2,0.0694286
989,2,1.01299,0.360449,0.200485,1.89711,0.772287,0.364467,4,0.0812163
990,5,0.122343,0.0333353,0.0241697,0.548268,0.157433,0.0835632,2,0.00818409
991,5,0.0379397,0.0176979,0.00667558,0.254909,0.0766763,0.0493274,0,0.00300886
992,5,0.0319008,0.0151327,0.0064641,0.107481,0.0388757,0.0219559,0,0.00197039
993,5,0.0304976,0.0125239,0.00517223,0.0979331,0.0325734,0.0154653,0,0.00189821
994,5,0.0304976,0.0113697,0.00558009,0.0979331,0.0296158,0.015046,0,0.00192022
995,5,0.0237573,0.0106746,0.00523007,0.18512,0.0257357,0.0223452,0,0.00199245
996,5,0.0336001,0.0126774,0.00626326,0.18512,0.0355425,0.0266176,0,0.00216655
997,5,0.0336001,0.0115037,0.00612381,0.0907887,0.0377034,0.0207898,0,0.00211864
998,5,0.0237935,0.0101375,0.00539954,0.0907887,0.0275746,0.0174818,0,0.00172114
999,5,0.023413,0.00878461,0.00533496,0.0448787,0.0169543,0.00978592,0,0.00153555
1000,5,0.0209696,0.00622481,0.00378274,0.023781,0.0108452,0.00505548,0,0.0017736
1001,5,0.0141787,0.00550973,0.00287548,0.0304432,0.0104626,0.00531472,0,0.00172903
1002,5,0.0443901,0.0099361,0.00903885,0.117514,0.0241892,0.0254656,0,0.00390505
1003,5,0.145836,0.0616464,0.0360591,0.248121,0.129971,0.0578237,2,0.00467435
1004,5,0.0797202,0.0289056,0.0147391,0.237928,0.0792477,0.0526952,2,0.0039051
1005,5,0.0373247,0.0189737,0.00847468,0.144687,0.0395549,0.0256341,0,0.00225901
1006,5,0.0296884,0.0111333,0.00644755,0.0683235,0.0290893,0.0141311,0,0.00184567
1007,5,0.0230004,0.0080824,0.00380386,0.0578421,0.0246824,0.0110365,0,0.00176757
1008,5,0.0765715,0.0216754,0.0206798,0.260743,0.0563607,0.054337,2,0.00705306
1009,5,0.10346,0.0383462,0.023273,0.282811,0.103663,0.0581802,3,0.00822288
1010,5,0.10346,0.030431,0.0224475,0.282811,0.0901926,0.061584,3,0.00680024
1011,5,0.0649729,0.0207304,0.012694,0.190197,0.0609715,0.0464063,2,0.00541697
1012,5,0.0649729,0.0182667,0.0100683,0.161784,0.0466183,0.0283792,0,0.00480643
1013,5,0.0290285,0.0131082,0.00532555,0.0680433,0.0283082,0.0163183,0,0.0021734
1014,5,0.0336998,0.0127692,0.0068026,0.174734,0.025839,0.0237337,0,0.00239352
1015,5,0.0336998,0.0156042,0.00734655,0.174734,0.0330706,0.0273024,0,0.00290817
1016,5,0.029263,0.0154038,0.00612778,0.125618,0.0270007,0.0207505,0,0.00243884
1017,5,0.0390068,0.0120273,0.00612481,0.134623,0.0264672,0.0258905,0,0.00237061
1018,5,0.0390068,0.0141282,0.00892024,0.142128,0.0488527,0.0352494,0,0.00375184
1019,5,0.0380216,0.0163467,0.00772767,0.381435,0.0623066,0.0637365,0,0.00361281
1020,4,0.210602,0.0533781,0.045051,0.995412,0.189686,0.130201,1,0.00638401
1021,4,0.0406463,0.0154614,0.00784671,0.156209,0.107751,0.0321725,0,0.00181317
1022,4,0.0773428,0.0119286,0.0107768,0.206208,0.0690018,0.030638,0,0.00409405
1023,4,0.0773428,0.0130847,0.013772,0.206208,0.0467971,0.0345256,1,0.00507178
1024,4,0.0583645,0.0111349,0.0101986,0.142523,0.0266268,0.0240485,0,0.00382492
1025,4,0.0233555,0.00701777,0.00374938,0.0721405,0.0151413,0.0100548,0,0.00217957
1026,4,0.0249128,0.0059073,0.0035484,0.0808198,0.0124608,0.0111779,0,0.00229742
1027,4,0.0259424,0.00798264,0.00527911,0.0808198,0.0174764,0.0145327,0,0.00292536
1028,4,0.0542667,0.0142785,0.00966911,0.107016,0.0374412,0.0254253,0,0.00460402
1029,4,0.0542667,0.0163957,0.0102095,0.136941,0.0481213,0.0283374,0,0.00517746
1030,4,0.0477222,0.0134594,0.00999784,0.136941,0.0375457,0.0281393,0,0.00442419
1031,4,0.0477222,0.0116625,0.00843351,0.0965723,0.0248481,0.0203865,0,0.00376746
1032,4,0.0190369,0.0094012,0.00454909,0.0470179,0.018291,0.0106522,0,0.00268703
1033,4,0.0269856,0.010246,0.00612524,0.0830292,0.0248435,0.0169693,0,0.00296205
1034,4,0.0610666,0.015309,0.00991094,0.533327,0.057207,0.0831034,0,0.00421457
1035,4,0.2102,0.0719499,0.0543105,0.635108,0.331478,0.132461,1,0.0113825
1036,4,0.0699751,0.0277116,0.0167215,0.32222,0.161945,0.0794063,3,0.00447561
1037,4,0.0516388,0.0175506,0.00914644,0.201419,0.0654199,0.0406467,0,0.00355326
1038,4,0.0279359,0.0124865,0.00568238,0.0760736,0.0369834,0.0138084,0,0.00232466
1039,4,0.289603,0.0503105,0.0633798,0.986496,0.147712,0.196476,3,0.0183408
1040,4,0.289603,0.0714884,0.0587791,0.986496,0.2003,0.19634,3,0.0206662
1041,4,0.211669,0.0394069,0.0311123,0.763206,0.0999507,0.104806,2,0.0127218
1042,4,0.0549054,0.021698,0.0118421,0.119632,0.0475444,0.0207662,2,0.00366185
1043,4,0.0438965,0.0141837,0.00801512,0.0764898,0.0319551,0.013985,0,0.00319937
1044,4,0.0211533,0.00933944,0.0046232,0.0574386,0.0220943,0.011449,0,0.00246084
1045,4,0.019473,0.00801937,0.00402995,0.048616,0.0167398,0.00862673,0,0.00219647
1046,4,0.0164756,0.007142,0.00319529,0.0595317,0.0170266,0.0109364,0,0.00216184
1047,4,0.0234545,0.0100645,0.00520062,0.0595317,0.0192046,0.0126024,0,0.00250395
1048,4,0.0287975,0.0117076,0.00568313,0.068036,0.0211112,0.0129527,0,0.0022945
1049,6,0.197071,0.0847006,0.0382972,0.930349,0.356765,0.174267,3,0.0096606
1050,6,0.188465,0.0752181,0.0285213,0.466452,0.173372,0.079736,1,0.00712894
1051,6,0.0978951,0.062477,0.0148392,0.245195,0.104384,0.0532607,4,0.00603676
1052,6,0.0900397,0.0374668,0.0227328,0.245195,0.0729084,0.0436344,4,0.00511122
1053,6,0.042563,0.0144621,0.00959979,0.107273,0.0473385,0.0176276,0,0.00284645
1054,6,0.0292891,0.0124625,0.00634714,0.100793,0.0389288,0.0177539,0,0.00308826
1055,6,0.0292891,0.0122733,0.00611026,0.100793,0.0305855,0.0168314,0,0.00304579
1056,6,0.0226167,0.00919503,0.00454987,0.0642712,0.0234889,0.0107485,0,0.00266385
1057,6,0.0426492,0.00962535,0.00643226,0.182773,0.0284987,0.0281379,0,0.00336536
1058,6,0.0490102,0.0179562,0.011066,0.194445,0.0382157,0.0381183,3,0.00382885
1059,6,0.0490102,0.0175613,0.010455,0.194445,0.0348223,0.0302928,0,0.0031778
1060,6,0.0205359,0.00926057,0.00440469,0.0740643,0.0232328,0.0140683,0,0.00229372
1061,6,0.0278659,0.010576,0.00454047,0.0489616,0.0217268,0.0102853,0,0.00198747
1062,6,0.88786,0.21044,0.221181,0.919418,0.490734,0.137175,0,0.0110497
1063,6,0.0926934,0.0380948,0.022683,0.529671,0.297124,0.111246,2,0.00545166
1064,6,0.0517803,0.0202372,0.00914582,0.297568,0.145551,0.0721545,0,0.00427881
1065,6,0.0517803,0.0208426,0.00726689,0.135977,0.0620644,0.0332536,0,0.00412599
1066,6,0.0313507,0.0147261,0.0073257,0.0733878,0.0353268,0.0139431,0,0.00226852
1067,6,0.0266237,0.0088764,0.00463495,0.0687641,0.0309716,0.0106296,0,0.00217195
1068,6,0.0266237,0.0105857,0.00497837,0.0687641,0.0242317,0.0106229,0,0.00213734
1069,6,0.020926,0.0099476,0.00437183,0.0470675,0.0177335,0.00760239,0,0.00172937
1070,6,0.0408766,0.00919241,0.00597551,0.126252,0.0270423,0.020549,0,0.00320137
1071,6,0.0408766,0.0100288,0.00598963,0.126252,0.032584,0.0191189,0,0.00312499
1072,6,0.0200211,0.0090945,0.00372965,0.0543796,0.0254546,0.0104032,0,0.00199595
1073,6,0.0195061,0.00822643,0.00356183,0.0594328,0.0235324,0.0105664,0,0.00235106
1074,6,0.0326852,0.00907558,0.00564505,0.103723,0.0260046,0.0187367,0,0.0027674
1075,6,0.0547218,0.0139173,0.0105144,0.345813,0.0461639,0.0537075,0,0.00501374
1076,6,0.0661539,0.021634,0.0140168,0.345813,0.0648652,0.0593046,3,0.00675933
1077,1,0.526644,0.25011,0.109443,1.56163,0.73352,0.278861,4,0.0509877
1078,1,0.778967,0.285418,0.144103,1.54218,0.698085,0.254361,4,0.0669894
1079,1,0.778967,0.284192,0.146516,1.54218,0.677145,0.267013,4,0.0714876
1080,1,0.57492,0.263176,0.107333,1.50614,0.639017,0.270923,4,0.0543976
1081,1,0.665229,0.257015,0.110023,1.43813,0.594722,0.273796,4,0.0553216
1082,1,0.665229,0.245666,0.110972,1.42758,0.530555,0.242446,4,0.0543169
1083,1,0.519315,0.236763,0.101869,1.3108,0.537479,0.242141,4,0.0480574
1084,1,0.604785,0.246467,0.127374,1.94432,0.68058,0.380391,3,0.0497774
1085,1,0.604785,0.253088,0.133185,1.94432,0.742862,0.409391,3,0.0495482
1086,1,0.770496,0.258219,0.133711,1.51965,0.683369,0.32008,4,0.0537875
1087,1,0.770496,0.271913,0.138862,1.43877,0.63211,0.262909,4,0.0632969
1088,1,0.77743,0.282541,0.14303,1.62362,0.577321,0.267207,3,0.0677247
1089,1,0.80419,0.29321,0.154874,1.80135,0.609088,0.28766,4,0.073086
1090,1,0.826382,0.290279,0.1498,1.80135,0.650461,0.282268,5,0.0877749
1091,1,0.826382,0.275018,0.128676,1.51054,0.627309,0.26652,5,0.0796898
1092,1,0.580077,0.24641,0.115986,1.66429,0.597426,0.322039,4,0.0482113
1093,1,0.702806,0.272239,0.129942,1.42129,0.624451,0.288779,3,0.0583608
1094,1,0.702806,0.291989,0.134866,1.42129,0.658095,0.278613,5,0.0640386
1095,1,0.627413,0.293517,0.130037,1.47617,0.638351,0.256677,5,0.0593699
1096,1,0.627413,0.304692,0.133879,1.88759,0.663723,0.299066,5,0.0641019
1097,1,0.940747,0.31064,0.152042,1.88759,0.639538,0.316827,4,0.0808803
1098,1,0.940747,0.300545,0.156808,1.82615,0.63077,0.288499,3,0.0878196
1099,1,0.927014,0.269425,0.13259,1.54115,0.612828,0.261808,4,0.0734924
1100,1,0.683927,0.267782,0.128642,1.64355,0.592219,0.245334,4,0.0568545
1101,1,0.683927,0.290678,0.133402,1.64355,0.637616,0.280027,5,0.0613333
1102,1,0.654149,0.292794,0.126465,1.69137,0.66426,0.315202,5,0.0662544
1103,1,0.635515,0.282363,0.115709,1.69137,0.640039,0.303742,4,0.0564377
1104,1,0.616373,0.279996,0.120337,1.42341,0.617443,0.262242,4,0.0508831
1105,1,0.658532,0.254631,0.127543,1.40457,0.566753,0.25314,3,0.0600259
1106,3,1.06943,0.38177,0.241583,1.29512,0.536807,0.245756,4,0.0990269
1107,3,1.10567,0.426569,0.249228,1.62477,0.624747,0.312436,4,0.107397
1108,3,1.10567,0.439664,0.252859,2.26829,0.876046,0.530838,5,0.105742
1109,3,1.18407,0.449138,0.253801,2.26829,0.923274,0.533799,4,0.110408
1110,3,1.46342,0.443026,0.265934,2.51261,0.939724,0.446163,4,0.129184
1111,3,1.46342,0.443566,0.276107,2.51261,1.02623,0.417847,5,0.131166
1112,3,1.12758,0.471182,0.262914,1.92582,0.879599,0.377657,5,0.118034
1113,3,1.24108,0.44945,0.253864,1.75648,0.728927,0.340511,5,0.120184
1114,3,1.26094,0.491064,0.275431,2.18963,0.790902,0.363558,5,0.125975
1115,3,1.22755,0.476244,0.26144,1.94267,0.718371,0.355562,5,0.129773
1116,3,1.22755,0.421931,0.212723,2.96056,0.9745,0.62808,4,0.107567
1117,3,1.1415,0.441459,0.237819,2.96056,0.993199,0.597271,5,0.0894387
1118,3,1.1415,0.473088,0.273399,2.1101,0.879821,0.394431,5,0.112677
1119,3,1.11694,0.455328,0.25911,2.1101,0.93243,0.381899,5,0.118217
1120,3,1.08987,0.43332,0.235509,1.80059,0.817126,0.291675,5,0.107493
1121,3,1.27923,0.461827,0.252754,1.9081,0.804994,0.334639,5,0.12716
1122,3,1.12966,0.46648,0.244085,1.9741,0.78881,0.348879,5,0.111196
1123,3,1.12966,0.435564,0.246791,2.04592,0.689809,0.312079,6,0.111499
1124,3,1.28571,0.412964,0.235434,2.93411,0.999853,0.626278,4,0.109992
1125,3,1.28571,0.439444,0.229379,2.93411,1.07213,0.587741,5,0.0976608
1126,3,1.08204,0.456975,0.239614,2.47344,0.962261,0.504203,4,0.0879804
1127,3,1.0603,0.456583,0.239208,2.47344,0.995018,0.507195,5,0.0829645
1128,3,1.04689,0.441666,0.232895,2.26884,0.850859,0.360237,5,0.093592
1129,3,1.09606,0.408864,0.249208,2.16928,0.812505,0.367028,4,0.115125
1130,2,0.853361,0.334601,0.183914,1.4977,0.844192,0.270758,4,0.0665311
1131,2,0.780526,0.338489,0.155481,1.30085,0.67912,0.245048,4,0.0578011
1132,2,0.780526,0.33942,0.145656,1.61053,0.712069,0.333397,4,0.0565615
1133,2,0.867638,0.344687,0.154905,1.61053,0.793517,0.373882,4,0.0604062
1134,2,0.944716,0.357142,0.169615,1.52533,0.742521,0.322016,4,0.0640602
1135,2,0.944716,0.353981,0.17374,1.93675,0.813035,0.378257,4,0.0599383
1136,2,0.831895,0.338029,0.166203,1.93675,0.81332,0.377962,4,0.0536083
1137,2,0.834782,0.328657,0.173031,1.49186,0.727224,0.311645,5,0.0621791
1138,2,0.899827,0.34639,0.178115,1.60043,0.727095,0.340994,4,0.0663065
1139,2,0.796289,0.341533,0.156219,1.54037,0.717862,0.293841,5,0.0558929
1140,2,0.878957,0.362653,0.168096,1.72662,0.601017,0.304985,3,0.0584479
1141,2,0.878957,0.377411,0.169744,2.51043,0.85613,0.508699,3,0.0590974
1142,2,0.731237,0.361065,0.154414,2.51043,0.910388,0.466994,4,0.0503908
1143,2,0.731237,0.333291,0.154,1.98614,0.716351,0.354111,3,0.05796
1144,2,0.656838,0.322355,0.141575,2.15227,0.835972,0.44411,5,0.0614635
1145,2,0.797202,0.326437,0.143492,2.15227,0.859751,0.404887,4,0.0558654
1146,2,0.797202,0.314456,0.153489,1.65745,0.747032,0.32266,4,0.0542334
1147,2,1.07035,0.345639,0.198129,2.18324,0.751267,0.359676,4,0.0750488
1148,2,0.854523,0.350442,0.174585,1.85853,0.638902,0.295726,4,0.0609837
1149,2,0.800616,0.331996,0.155693,1.7817,0.858844,0.431059,4,0.0518184
1150,2,0.800616,0.341789,0.150827,1.7817,0.9434,0.427567,3,0.0529853
1151,2,0.945746,0.342186,0.163557,1.61397,0.755911,0.353805,3,0.0576554
1152,2,0.945746,0.332818,0.161049,1.80813,0.876828,0.419622,3,0.0589847
1153,2,0.949678,0.343131,0.174801,2.2713,0.888254,0.44292,4,0.073196
1154,2,0.949678,0.344332,0.184698,2.44857,0.819555,0.429027,5,0.0699425
1155,2,0.844909,0.326964,0.164491,2.44857,0.750915,0.407974,3,0.057472
1156,5,0.21016,0.0656678,0.0319207,1.60245,0.22703,0.274663,2,0.0136871
1157,5,0.110438,0.0426469,0.0241495,0.262911,0.110129,0.0544438,2,0.00526397
1158,5,0.108969,0.0352462,0.015569,0.262337,0.0850126,0.0530779,3,0.00911167
1159,5,0.108969,0.0348816,0.0182263,0.262337,0.0790596,0.0517702,3,0.00920377
1160,5,0.228002,0.0534624,0.0490386,0.807439,0.121507,0.14837,2,0.0106937
1161,5,0.228002,0.0710692,0.0500492,0.807439,0.20208,0.191941,3,0.016684
1162,5,0.219126,0.056169,0.0334367,0.757062,0.193446,0.155284,2,0.0156697
1163,5,0.102084,0.0345233,0.0233456,0.593921,0.106742,0.0939875,4,0.00987447
1164,5,0.0466552,0.0178592,0.0082006,0.214341,0.054626,0.0271519,0,0.00404378
1165,5,0.0410475,0.0176115,0.0063838,0.108288,0.0495613,0.0200119,0,0.00300095
1166,5,0.0285715,0.0133487,0.00682636,0.106671,0.0413073,0.0193325,0,0.00240974
1167,5,0.0285715,0.0097592,0.00520828,0.106671,0.0420057,0.0171891,0,0.0025081
1168,5,0.0261141,0.0120882,0.00493486,0.0801824,0.0420702,0.0181196,0,0.0024893
1169,5,0.0259351,0.0126125,0.00518079,0.0960643,0.0370609,0.0197497,0,0.00271427
1170,5,0.202262,0.08528,0.053317,0.442092,0.13803,0.0813687,3,0.00641304
1171,5,0.0954031,0.0432768,0.0200878,0.394089,0.118734,0.0775489,4,0.0100118
1172,5,0.0954031,0.0321468,0.023143,0.394089,0.0919646,0.0774813,4,0.00945096
1173,5,0.056641,0.0227222,0.0107496,0.242996,0.0524752,0.0397575,2,0.00309909
1174,5,0.056641,0.0247109,0.00976163,0.242996,0.0531521,0.0388355,0,0.00329655
1175,5,0.0372386,0.0165102,0.00721663,0.118383,0.0395931,0.0202786,0,0.00306661
1176,5,0.0310235,0.0126921,0.00527803,0.0755044,0.0279135,0.0137107,0,0.00242784
1177,5,0.0199141,0.0114198,0.00404007,0.0662487,0.0309163,0.0115691,0,0.00198854
1178,5,0.0236411,0.011439,0.00410018,0.0670161,0.0370083,0.0137307,0,0.00200919
1179,5,0.0236411,0.0122513,0.00444815,0.0670161,0.0305255,0.0159847,0,0.002044
1180,5,0.021752,0.0119804,0.00412368,0.057062,0.0228335,0.0113947,0,0.00179081
1181,5,0.021752,0.0114818,0.00426909,0.0564574,0.0235547,0.0118328,0,0.00173759
1182,5,0.0842829,0.0132813,0.0127017,0.843673,0.07669,0.166761,0,0.00266613
1183,4,0.347855,0.0836441,0.0680761,0.561905,0.197271,0.110079,2,0.0149056
1184,4,0.0832838,0.0263952,0.0176289,0.201587,0.118407,0.034804,1,0.00555193
1185,4,0.145237,0.0306361,0.0243584,0.374058,0.110601,0.0577434,2,0.0115038
1186,4,0.145237,0.0329996,0.023377,0.374058,0.0909391,0.0719136,2,0.0115871
1187,4,0.0596704,0.0168169,0.0112624,0.196919,0.0587746,0.0434997,0,0.00459752
1188,4,0.0291139,0.0107866,0.00587785,0.145768,0.0529442,0.0311138,0,0.00248786
1189,4,0.0291139,0.0105332,0.00529068,0.145768,0.0392771,0.0288892,0,0.00242237
1190,4,0.0210634,0.0109536,0.00444246,0.0895418,0.0292533,0.0161178,0,0.00180091
1191,4,0.0258066,0.0102326,0.00469217,0.0714696,0.0299499,0.0167715,0,0.00188337
1192,4,0.0362766,0.0155884,0.00963118,0.127357,0.0344797,0.0245643,0,0.00259938
1193,4,0.0362766,0.0188805,0.00742316,0.127357,0.0326563,0.0228454,0,0.00254001
1194,4,0.154295,0.0188304,0.0216192,0.73007,0.0501758,0.097791,1,0.0104645
1195,4,0.120928,0.0563683,0.0286865,0.601297,0.308739,0.128352,2,0.00502842
1196,4,0.0660821,0.0336993,0.0142521,0.314545,0.157396,0.064959,3,0.00460118
1197,4,0.0857156,0.0347029,0.0165313,0.215202,0.100919,0.0402458,3,0.0053867
1198,4,0.0857156,0.0247432,0.0184959,0.17682,0.0602378,0.0395921,2,0.0045919
1199,4,0.0465599,0.0173084,0.00914914,0.169948,0.0449917,0.0278511,0,0.00466989
1200,4,0.0489858,0.01824,0.0104318,0.169948,0.0548324,0.0288545,0,0.00492303
1201,4,0.0489858,0.0143864,0.00866665,0.124982,0.0408934,0.025497,0,0.00396027
1202,4,0.03474,0.0124123,0.0061501,0.119555,0.0293106,0.0184867,0,0.00378559
1203,4,0.0461978,0.0133945,0.00702351,0.157938,0.0358879,0.0235,0,0.00487968
1204,4,0.047465,0.0163055,0.00826334,0.176095,0.0441601,0.0317069,0,0.00475415
1205,4,0.047465,0.0165803,0.00724211,0.176095,0.0385641,0.027265,0,0.00302328
1206,4,0.0299039,0.0147078,0.00617834,0.0970055,0.0294038,0.0168852,0,0.0030087
1207,4,0.0299039,0.0149148,0.00603333,0.0970055,0.0290846,0.0169602,0,0.00276116
1208,4,0.0292958,0.0147993,0.00545125,0.0648803,0.0302206,0.0136745,0,0.00286743
1209,6,1.2161,0.343587,0.293201,1.00541,0.596679,0.163902,2,0.0319813
1210,6,0.296732,0.0947781,0.0641976,1.00541,0.415635,0.201744,2,0.0244377
1211,6,0.149557,0.0362804,0.0305625,0.731916,0.207936,0.127934,2,0.0115327
1212,6,0.0375317,0.0127756,0.00766471,0.285383,0.0833348,0.0665766,0,0.00411318
1213,6,0.0460472,0.0110014,0.00627428,0.109848,0.0393459,0.0170175,0,0.00360487
1214,6,0.0460472,0.0151993,0.00766259,0.13184,0.046132,0.0208832,0,0.0040121
1215,6,0.0366636,0.0169332,0.00655364,0.13184,0.044247,0.0220265,0,0.00342058
1216,6,0.0423809,0.0200626,0.00847487,0.0953612,0.0350185,0.0167358,0,0.00296966
1217,6,0.0423809,0.0235755,0.00880195,0.0900325,0.0376114,0.0160425,0,0.00199933
1218,6,0.0374774,0.0211307,0.00799939,0.0908147,0.0353835,0.0201197,0,0.00194105
1219,6,0.0483138,0.0226505,0.0093783,0.100225,0.0355245,0.0247785,0,0.00258176
1220,6,0.0483138,0.0186537,0.0111642,0.100225,0.0320393,0.0220007,3,0.00269347
1221,6,0.0405483,0.0148411,0.00675518,0.0990514,0.025765,0.0148977,0,0.0028752
1222,6,0.067443,0.0196136,0.00949712,0.19241,0.0440916,0.0355308,0,0.00371571
1223,6,0.238598,0.108767,0.0679486,0.842789,0.422717,0.184233,2,0.0129302
1224,6,0.18644,0.0392814,0.0331674,0.497572,0.20741,0.100802,1,0.00779654
1225,6,0.0540275,0.0229744,0.0107991,0.246221,0.105751,0.0591253,0,0.00516501
1226,6,0.057532,0.0216844,0.0126725,0.202215,0.0699307,0.033999,5,0.00633973
1227,6,0.057532,0.0191306,0.0111688,0.159698,0.063513,0.0249576,0,0.00553916
1228,6,0.0430897,0.0165307,0.00734286,0.16734,0.0532804,0.027296,0,0.00401455
1229,6,0.0430897,0.0161137,0.00748432,0.16734,0.0375745,0.0228587,0,0.00376888
1230,6,0.0322056,0.0140799,0.00666203,0.0730523,0.0314181,0.0145824,0,0.00343684
1231,6,0.0322056,0.014627,0.00611805,0.140772,0.0358097,0.0224602,0,0.00383171
1232,6,0.0311336,0.0151225,0.00659715,0.140772,0.0374914,0.0241915,0,0.00334333
1233,6,0.0311336,0.0145071,0.00764957,0.106782,0.0307098,0.0174923,0,0.00266207
1234,6,0.0309455,0.0132872,0.00626853,0.0609596,0.0261718,0.0121618,0,0.00272716
1235,6,0.0303355,0.0133484,0.00558914,0.0609539,0.0271077,0.0128401,0,0.00257803
1236,6,0.0360304,0.0122651,0.00677024,0.0609539,0.0267367,0.0128986,0,0.00333914
1237,6,0.066395,0.0160453,0.0120124,0.217065,0.0484323,0.0500626,0,0.00600358
1238,1,0.753944,0.313531,0.151219,1.86007,0.850394,0.358598,4,0.064342
1239,1,0.753944,0.317098,0.147918,1.89717,0.767832,0.37427,5,0.0644124
1240,1,0.7644,0.307586,0.148434,1.89717,0.749537,0.372822,4,0.0668283
1241,1,0.7644,0.302194,0.153365,2.08406,0.72776,0.385605,4,0.07399
1242,1,0.812578,0.319757,0.159489,2.32004,0.765652,0.42635,5,0.0887223
1243,1,0.812578,0.323502,0.147929,2.32004,0.79133,0.407552,5,0.0863177
1244,1,0.692561,0.302956,0.128117,1.99579,0.74111,0.390176,3,0.0677932
1245,1,0.692561,0.291223,0.130503,1.87534,0.684116,0.373431,3,0.0620849
1246,1,0.711495,0.29782,0.142275,1.85197,0.703835,0.340459,5,0.0573783
1247,1,0.758957,0.315816,0.155635,1.85197,0.773293,0.358761,4,0.0624736
1248,1,0.758957,0.304932,0.148951,2.04245,0.790639,0.374573,4,0.0640775
1249,1,0.666147,0.286171,0.11895,2.04245,0.729376,0.34231,4,0.0592297
1250,1,0.742112,0.284104,0.125047,2.70184,0.74579,0.445455,3,0.0690732
1251,1,0.886217,0.28607,0.157255,2.70184,0.753733,0.458539,3,0.0700994
1252,1,0.611309,0.3028,0.125384,2.72388,0.907851,0.486738,5,0.0588637
1253,1,0.706726,0.309271,0.150809,2.48934,0.856817,0.443162,5,0.0634981
1254,1,0.706726,0.292573,0.144552,2.48934,0.73311,0.375275,3,0.0590241
1255,1,0.919813,0.29928,0.148193,1.99171,0.685982,0.319863,3,0.0692466
1256,1,0.919813,0.311874,0.15207,2.79722,0.741483,0.395492,5,0.0759573
1257,1,0.627365,0.305804,0.125146,2.79722,0.790476,0.422069,4,0.0509285
1258,1,0.716018,0.306908,0.134237,1.78658,0.824103,0.409552,4,0.0600493
1259,1,0.761817,0.318375,0.152852,2.29284,0.828611,0.451575,4,0.0764827
1260,1,0.761817,0.313372,0.156209,2.29284,0.77954,0.420259,4,0.0740863
1261,1,0.74043,0.302306,0.142942,1.89381,0.738421,0.375609,4,0.0616586
1262,1,0.660679,0.284734,0.141031,1.91586,0.72925,0.395229,5,0.0745153
1263,1,0.702306,0.282901,0.139083,2.24816,0.718099,0.384844,4,0.0805832
1264,1,0.702306,0.300475,0.130002,2.35159,0.753567,0.40156,5,0.0677185
1265,1,1.10502,0.28908,0.165598,2.61951,0.749994,0.441296,3,0.092942
1266,3,1.26039,0.490864,0.278817,3.17488,1.09978,0.575372,5,0.123152
1267,3,1.23527,0.484638,0.289364,2.65124,0.875944,0.536312,5,0.117036
1268,3,1.25455,0.458064,0.267741,2.90072,1.20661,0.732245,4,0.118879
1269,3,1.25455,0.461997,0.244684,2.90072,1.25581,0.654259,4,0.120913
1270,3,1.17719,0.480006,0.244261,2.74728,1.12857,0.610693,4,0.123351
1271,3,1.29228,0.499953,0.266155,2.88137,1.20395,0.6439,5,0.122305
1272,3,1.29228,0.500924,0.26073,3.0925,1.11248,0.616712,4,0.119172
1273,3,1.25629,0.491969,0.257617,3.0925,1.17088,0.612711,4,0.119136
1274,3,1.70623,0.508862,0.287556,3.72849,1.32134,0.812556,5,0.150163
1275,3,1.27222,0.47414,0.259906,3.48346,1.11312,0.655734,5,0.129606
1276,3,1.31682,0.45809,0.261401,4.275,1.22592,0.717121,4,0.116362
1277,3,1.31682,0.43601,0.267807,4.275,1.0987,0.75502,4,0.11534
1278,3,1.45127,0.454431,0.27511,2.40193,0.947114,0.518093,5,0.128959
1279,3,1.45127,0.487501,0.251913,2.54539,1.07506,0.503583,5,0.122936
1280,3,1.38831,0.471817,0.240784,2.66492,0.983653,0.523873,4,0.111077
1281,3,1.38831,0.44589,0.255074,2.66492,0.928858,0.518832,4,0.115189
1282,3,1.19504,0.433191,0.265652,2.37353,0.965118,0.484318,4,0.107034
1283,3,1.2681,0.464374,0.289859,3.73007,0.97017,0.607668,5,0.11725
1284,3,1.2681,0.445139,0.245588,3.73007,1.13034,0.691901,5,0.106746
1285,3,1.14811,0.432164,0.214318,2.89303,1.21472,0.604155,5,0.102043
1286,3,1.25997,0.464415,0.234896,3.0227,1.25232,0.587112,4,0.120601
1287,3,1.25997,0.494551,0.258348,3.0227,1.19547,0.539596,5,0.126321
1288,3,1.22938,0.501352,0.258835,2.36384,1.05807,0.413524,4,0.114565
1289,3,1.60223,0.500165,0.269362,2.81833,1.07031,0.538707,5,0.124243
1290,2,0.959543,0.359031,0.170832,2.48611,0.902186,0.439472,4,0.0717913
1291,2,0.880033,0.342464,0.171959,2.081,0.740102,0.441352,4,0.0699165
1292,2,1.05284,0.352553,0.170253,2.26993,0.952601,0.55652,3,0.0739141
1293,2,1.05284,0.366239,0.158458,2.26993,0.993231,0.49102,4,0.0790373
1294,2,1.02605,0.349347,0.186741,2.23296,0.772974,0.396225,3,0.0728845
1295,2,1.02605,0.362558,0.205299,2.23296,0.891931,0.481524,4,0.0786827
1296,2,0.834868,0.346368,0.176976,2.12334,0.878044,0.4599,5,0.0658007
1297,2,0.872662,0.332261,0.175218,1.9245,0.825866,0.398275,4,0.0685793
1298,2,0.872662,0.327612,0.184679,1.75718,0.808253,0.380144,4,0.0741389
1299,2,0.868113,0.362721,0.168691,2.21075,0.821797,0.416484,4,0.066469
1300,2,0.818534,0.360994,0.179819,2.04495,0.754943,0.398039,4,0.066031
1301,2,0.818534,0.394147,0.162479,2.77617,0.968184,0.509534,4,0.0711839
1302,2,0.85392,0.378062,0.151593,2.77617,0.980642,0.522064,4,0.0758892
1303,2,1.08739,0.347242,0.182847,2.23404,0.848522,0.455272,4,0.092271
1304,2,1.08739,0.371135,0.197717,2.68285,1.0692,0.61114,4,0.0897008
1305,2,1.03564,0.371303,0.179581,2.68285,1.07108,0.590625,4,0.0660577
1306,2,0.749851,0.346118,0.1582,1.95729,0.828448,0.406566,5,0.0638401
1307,2,1.25088,0.362042,0.211229,2.88149,0.871117,0.488019,3,0.0969586
1308,2,0.919668,0.390359,0.183133,2.88149,0.901182,0.50527,4,0.0822715
1309,2,1.15625,0.399474,0.201596,2.17521,1.13891,0.47925,4,0.0958542
1310,2,1.15625,0.357305,0.193617,2.17521,0.949786,0.542054,4,0.0882902
1311,2,0.98735,0.369488,0.201032,4.25946,0.993396,0.703877,4,0.0691848
1312,2,0.98735,0.387548,0.190543,4.25946,1.12017,0.67125,3,0.0705757
1313,2,0.691115,0.354776,0.151264,2.337,0.904989,0.464998,5,0.0632754
1314,2,0.947768,0.331767,0.157623,2.337,0.742226,0.446824,4,0.0672935
1315,5,0.0777854,0.0268768,0.0125098,0.974361,0.219303,0.273066,2,0.00465287
1316,5,0.0402265,0.0199348,0.0069947,0.121521,0.0397085,0.0227016,0,0.00305262
1317,5,0.0402265,0.0134276,0.00649515,0.0567092,0.0283516,0.0128843,0,0.00290183
1318,5,0.0289944,0.0123112,0.00570016,0.0493075,0.0248393,0.00827088,0,0.00183616
1319,5,0.0289944,0.0123636,0.00528011,0.0393257,0.0243977,0.00639404,0,0.0015265
1320,5,0.0275318,0.0114864,0.00444862,0.101629,0.0344114,0.0232281,0,0.0020781
1321,5,0.0791442,0.0213661,0.0155373,0.175592,0.0619316,0.0367935,2,0.00447828
1322,5,0.0791442,0.0274309,0.0144729,0.175592,0.0624003,0.034344,3,0.00436741
1323,5,0.0444392,0.0193987,0.011077,0.0953659,0.0405771,0.0184768,2,0.00183956
1324,5,0.0376009,0.0124758,0.00735383,0.0668103,0.0306724,0.0137021,0,0.00180101
1325,5,0.0280611,0.0130997,0.00494093,0.132961,0.04606,0.0302538,0,0.00222351
1326,5,0.0280611,0.0141855,0.00521397,0.132961,0.0553211,0.0264417,0,0.00232952
1327,5,0.027699,0.0139178,0.00514865,0.0882428,0.0358661,0.0210313,0,0.00188298
1328,5,0.02587,0.0120074,0.00491878,0.0650674,0.0206647,0.0163187,0,0.00153597
1329,5,0.0958648,0.0141796,0.0192273,0.66865,0.0503447,0.107704,1,0.0024932
1330,5,0.213151,0.0979493,0.0588194,0.216406,0.0786462,0.0392213,3,0.00445807
1331,5,0.0828479,0.0328242,0.0179353,0.0833406,0.0484926,0.018338,1,0.00221717
1332,5,0.0451871,0.0193262,0.00995476,0.0743317,0.039709,0.0149948,0,0.00179736
1333,5,0.0384935,0.0165526,0.00775637,0.0536784,0.0301161,0.0102938,0,0.00159819
1334,5,0.0267778,0.0123856,0.00523797,0.0423853,0.024992,0.00753962,0,0.00227725
1335,5,0.0293811,0.0138974,0.00586828,0.0507292,0.0253876,0.0114924,0,0.00227734
1336,5,0.0360769,0.0179693,0.00675369,0.077996,0.0277918,0.0171027,0,0.00247734
1337,5,0.0360769,0.0175025,0.00799366,0.202197,0.0523396,0.0403752,0,0.00364602
1338,5,0.0327417,0.016128,0.00766312,0.202197,0.0654662,0.0389855,0,0.00356618
1339,5,0.0391775,0.0172652,0.00806563,0.113238,0.0471554,0.0275603,0,0.00412357
1340,5,0.0435597,0.0197551,0.00808735,0.125604,0.0425744,0.0216857,0,0.00442864
1341,5,0.0435597,0.0202559,0.00831168,0.220229,0.0556981,0.038948,0,0.00374376
1342,5,0.0409043,0.0160005,0.00884352,0.220229,0.0657278,0.0501408,0,0.0033442
1343,4,0.358198,0.121962,0.11094,1.28252,0.392917,0.391795,1,0.010334
1344,4,0.0644374,0.0277739,0.014931,0.149639,0.064669,0.0303512,3,0.00247198
1345,4,0.0647023,0.0243854,0.0153608,0.194415,0.0651893,0.0378499,3,0.00319064
1346,4,0.0809661,0.0377132,0.0171983,0.194415,0.0778474,0.0474439,3,0.0040404
1347,4,0.119596,0.0421767,0.0285747,0.193984,0.0783761,0.0569659,2,0.00415891
1348,4,0.16988,0.0513356,0.0376284,0.206511,0.10143,0.0603808,2,0.00771617
1349,4,0.16988,0.0510414,0.0306676,0.206511,0.0720852,0.0614384,2,0.00783471
1350,4,0.0730708,0.0270987,0.0207187,0.116307,0.0254751,0.0187671,2,0.00421883
1351,4,0.0297747,0.00956554,0.00552513,0.0686249,0.01702,0.0117521,0,0.00280148
1352,4,0.013911,0.00579865,0.00296519,0.0216519,0.0117915,0.00427275,0,0.00141262
1353,4,0.0172641,0.00523827,0.00289231,0.0199531,0.0099747,0.00409602,0,0.00163473
1354,4,0.0172641,0.00561603,0.00293296,0.0240071,0.00910928,0.0040216,0,0.00162066
1355,4,0.660885,0.21296,0.195863,0.773745,0.529159,0.0910421,0,0.00717472
1356,4,0.0905775,0.0474731,0.0210697,0.633933,0.394374,0.128517,3,0.00497076
1357,4,0.0615482,0.0308958,0.0132151,0.506753,0.213807,0.107238,5,0.00566639
1358,4,0.0623117,0.0297073,0.0140302,0.254142,0.0961348,0.0622124,4,0.0062234
1359,4,0.0623117,0.0235293,0.0127324,0.178383,0.0408786,0.0300662,4,0.00568179
1360,4,0.0421746,0.0122637,0.00915017,0.0629657,0.0238409,0.00824882,0,0.00263668
1361,4,0.016911,0.00613166,0.00287222,0.0381267,0.0196938,0.00707073,0,0.00237534
1362,4,0.0222779,0.00778575,0.00428318,0.0312641,0.014451,0.00588621,0,0.00198979
1363,4,0.0222779,0.00770781,0.00466955,0.0291066,0.0131335,0.00574259,0,0.00227317
1364,4,0.0169018,0.00668088,0.00350447,0.0252953,0.00973142,0.00451149,0,0.00218482
1365,4,0.0169018,0.00719291,0.00367199,0.0238929,0.00911873,0.00515057,0,0.00181778
1366,4,0.0157094,0.00650729,0.00359797,0.0238929,0.0110297,0.00567571,0,0.00152697
1367,4,0.0180782,0.00673353,0.00366998,0.0220705,0.0103079,0.00538468,0,0.0020817
1368,4,0.025677,0.00870128,0.00526864,0.130753,0.0162701,0.0198018,0,0.00282321
1369,6,0.904669,0.195971,0.218036,2.05599,0.523485,0.368162,2,0.0235471
1370,6,0.116155,0.0284621,0.0141989,0.397025,0.260616,0.0890772,1,0.00367898
1371,6,0.0352366,0.01711,0.00653676,0.310013,0.137105,0.0635964,0,0.00251364
1372,6,0.0283344,0.0136269,0.00588339,0.117438,0.0623317,0.0311517,0,0.00252012
1373,6,0.0283344,0.0139584,0.00579884,0.0643898,0.0289376,0.0141385,0,0.00153939
1374,6,0.0326726,0.0153493,0.00678532,0.090717,0.0358914,0.0197234,0,0.00208047
1375,6,0.0326726,0.0163566,0.00711349,0.090717,0.0354516,0.019965,0,0.00211131
1376,6,0.0271385,0.0138944,0.00582532,0.0695487,0.0283511,0.0153546,0,0.00310472
1377,6,0.0276175,0.0132974,0.00568719,0.109655,0.0357251,0.0231008,0,0.00328335
1378,6,0.0276175,0.0135414,0.00534951,0.109655,0.0356787,0.0239891,0,0.0025648
1379,6,0.0257022,0.0133401,0.00465686,0.094337,0.0267621,0.0184125,0,0.00227466
1380,6,0.0247234,0.0119456,0.00486447,0.0682509,0.023955,0.0150229,0,0.00187682
1381,6,0.020867,0.0108361,0.00449632,0.0682509,0.0208376,0.0147778,0,0.00177915
1382,6,0.176103,0.0379078,0.0453991,0.416947,0.0884758,0.111007,2,0.00638012
1383,6,0.426522,0.0792037,0.0978215,1.04016,0.370593,0.175975,1,0.014363
1384,6,0.0406227,0.0184183,0.00749719,0.331491,0.185506,0.0835772,0,0.00154253
1385,6,0.0406227,0.0193159,0.00725197,0.221692,0.0704588,0.0662266,0,0.00147535
1386,6,0.0355881,0.0187277,0.00703761,0.0875633,0.0352447,0.0195897,0,0.00123901
1387,6,0.0355881,0.0163536,0.00780273,0.0875633,0.0434875,0.0164419,0,0.00122666
1388,6,0.039473,0.0156017,0.00847228,0.117427,0.0460671,0.0216661,0,0.00147889
1389,6,0.039473,0.0159135,0.00825719,0.117427,0.0397286,0.0245067,0,0.00159382
1390,6,0.0320789,0.0152092,0.0064763,0.0768144,0.0349575,0.0175295,0,0.00148741
1391,6,0.093741,0.0169021,0.0125592,0.236525,0.0453492,0.041455,1,0.00353609
1392,6,0.102826,0.0250017,0.0196719,0.236525,0.0533368,0.0463832,2,0.00495418
1393,6,0.102826,0.0263496,0.017113,0.158118,0.04874,0.0296172,1,0.0046294
1394,6,0.0472839,0.0185236,0.00880869,0.156695,0.0435151,0.0296945,0,0.0036386
1395,6,0.0342485,0.0148399,0.0062548,0.156695,0.0423763,0.0299415,0,0.0025837
1396,1,0.455136,0.183315,0.0798728,1.204,0.358595,0.187575,3,0.0271323
1397,1,0.678769,0.231855,0.100814,1.93139,0.43686,0.303978,4,0.0409183
1398,1,0.693857,0.260857,0.129357,1.93139,0.489398,0.356662,5,0.0552084
1399,1,0.801603,0.263875,0.13567,1.56495,0.510393,0.354803,4,0.0586792
1400,1,0.846624,0.270491,0.135308,1.72643,0.503981,0.35426,4,0.0660147
1401,1,0.846624,0.285024,0.146934,1.87108,0.509424,0.356599,4,0.0730756
1402,1,0.925056,0.295601,0.15237,2.3407,0.565046,0.402428,5,0.08849
1403,1,0.925056,0.278792,0.14831,2.3407,0.653853,0.404111,5,0.0850273
1404,1,0.878965,0.269251,0.14051,2.0544,0.676003,0.372023,4,0.0733213
1405,1,0.878965,0.284709,0.132351,1.83751,0.612123,0.356567,4,0.0704058
1406,1,0.890651,0.295188,0.13293,2.16713,0.571852,0.361174,4,0.062991
1407,1,0.890651,0.321451,0.15506,2.17065,0.658393,0.433795,5,0.0780801
1408,1,0.990824,0.325863,0.165184,2.74019,0.704345,0.45562,5,0.0858751
1409,1,0.990824,0.296886,0.153002,2.74019,0.622233,0.420241,4,0.0713796
1410,1,0.979801,0.28894,0.147468,1.88673,0.587859,0.382555,4,0.0733844
1411,1,0.688322,0.273615,0.122652,2.24179,0.801333,0.351311,3,0.047152
1412,1,0.831734,0.31367,0.145584,2.28373,0.74604,0.344159,5,0.0686186
1413,1,0.831734,0.327667,0.150442,2.28373,0.669569,0.396738,5,0.0761898
1414,1,0.810506,0.302111,0.142865,2.10298,0.579961,0.383705,4,0.0704064
1415,1,0.739209,0.307984,0.14456,2.37,0.603132,0.391049,4,0.0643536
1416,1,0.888075,0.304845,0.147421,2.62034,0.629883,0.431116,5,0.0684913
1417,1,0.888075,0.288421,0.135279,2.62034,0.589447,0.433795,4,0.0639618
1418,1,0.74064,0.316256,0.135294,2.35298,0.592822,0.411632,4,0.0551202
1419,1,0.807256,0.339719,0.143777,2.35298,0.581895,0.366499,5,0.0660341
1420,1,0.807256,0.338423,0.143106,2.01045,0.579885,0.332668,4,0.0742662
1421,1,0.846357,0.354359,0.161465,2.1331,0.654084,0.385852,5,0.0829717
1422,1,0.914219,0.334053,0.167833,2.51614,0.619239,0.440422,5,0.0864907
1423,1,0.914219,0.300226,0.14467,2.51614,0.565945,0.399986,4,0.0808227
1424,1,0.8278,0.286099,0.149352,2.00751,0.599968,0.351374,4,0.0746536
1425,3,1.08237,0.21009,0.16088,1.88049,0.531072,0.247895,3,0.0786702
1426,3,1.08237,0.232583,0.179776,1.88049,0.50345,0.257991,3,0.0843087
1427,3,1.06184,0.245578,0.182254,1.33609,0.636657,0.294262,4,0.0814333
1428,3,1.27345,0.287116,0.235972,3.12686,0.773838,0.447767,4,0.109644
1429,3,1.27345,0.290203,0.243417,3.12686,0.683737,0.498265,4,0.113456
1430,3,1.07145,0.292943,0.230652,2.24502,0.704367,0.438958,4,0.103023
1431,3,1.09084,0.308522,0.227374,2.3373,0.785599,0.433766,3,0.0998386
1432,3,1.09084,0.278664,0.200049,2.3373,0.719263,0.385072,3,0.0971401
1433,3,1.06613,0.273977,0.198324,2.00117,0.628501,0.345652,3,0.0898347
1434,3,1.08471,0.286013,0.219731,1.70631,0.547587,0.325755,3,0.0919201
1435,3,1.00753,0.272603,0.189981,1.64517,0.470636,0.23834,4,0.0856013
1436,3,0.951287,0.280268,0.185879,1.12057,0.465923,0.193675,4,0.0775101
1437,3,1.00208,0.308139,0.194132,1.7338,0.74958,0.382917,4,0.080689
1438,3,1.02188,0.314047,0.205924,1.7338,0.813477,0.392437,4,0.0888485
1439,3,1.18405,0.316558,0.211878,1.54449,0.620611,0.311438,4,0.100049
1440,3,1.18405,0.370064,0.222666,1.95529,0.811802,0.432256,4,0.107818
1441,3,1.14525,0.427516,0.252028,1.95529,0.959828,0.426288,5,0.11718
1442,3,1.20668,0.412318,0.266663,2.4734,0.793436,0.415326,5,0.124476
1443,3,1.17565,0.354401,0.217694,2.75411,0.823044,0.4267,4,0.104648
1444,3,1.17565,0.357684,0.240632,2.75411,0.698209,0.346311,5,0.110416
1445,3,1.36554,0.372561,0.260868,2.65015,0.909623,0.447399,5,0.121435
1446,3,1.36554,0.403945,0.265529,2.65015,0.912408,0.487203,5,0.127121
1447,3,1.29436,0.440256,0.258979,2.87205,0.841577,0.468557,5,0.119192
1448,3,1.29436,0.412839,0.242424,2.87205,0.90956,0.455855,4,0.111868
1449,3,1.25513,0.40342,0.256811,3.06657,0.876406,0.463812,5,0.127065
1450,2,0.634614,0.287799,0.0975473,1.56999,0.941689,0.357915,4,0.034902
1451,2,0.569093,0.251539,0.107428,1.56594,0.723827,0.340133,4,0.0423225
1452,2,0.635134,0.24358,0.118233,1.31827,0.610363,0.244043,3,0.0473357
1453,2,0.635134,0.241639,0.118758,1.33365,0.678773,0.257096,3,0.0411208
1454,2,0.621593,0.236036,0.119014,1.33365,0.667517,0.258134,3,0.0386848
1455,2,0.597156,0.238393,0.124479,1.28178,0.615947,0.260671,4,0.0419466
1456,2,0.597156,0.238143,0.124975,1.43839,0.709526,0.274378,4,0.040653
1457,2,0.611821,0.248151,0.129095,1.56167,0.732663,0.286584,4,0.0400202
1458,2,0.614932,0.256263,0.127785,1.56167,0.661766,0.31862,4,0.0416725
1459,2,0.614932,0.24503,0.114881,1.3002,0.590764,0.275827,3,0.0361863
1460,2,0.744588,0.3366,0.12588,1.95924,0.891741,0.448339,4,0.0475598
1461,2,0.626141,0.282737,0.113312,1.36613,0.678831,0.317814,4,0.0370035
1462,2,0.511046,0.265913,0.103228,1.62756,0.775366,0.349049,5,0.0367478
1463,2,0.511894,0.263198,0.109819,1.62756,0.733766,0.352491,5,0.0345789
1464,2,0.511894,0.257574,0.107408,1.45934,0.631861,0.264531,4,0.0328935
1465,2,0.506367,0.263164,0.0972171,1.45934,0.768876,0.268671,3,0.0347675
1466,2,0.586526,0.284016,0.115796,1.32987,0.783295,0.221287,4,0.0341323
1467,2,0.654057,0.296017,0.130933,1.32987,0.703681,0.232944,5,0.0419102
1468,2,0.773675,0.3375,0.138568,2.16269,0.929601,0.507369,3,0.0433804
1469,2,0.574393,0.295333,0.126024,1.91966,0.790043,0.36512,4,0.0372181
1470,2,0.574393,0.279714,0.132042,1.85422,0.867632,0.37192,4,0.036081
1471,2,0.566186,0.275952,0.125122,1.85422,0.838923,0.416583,4,0.0354478
1472,2,0.535292,0.280026,0.112644,1.34473,0.753417,0.30421,4,0.0316072
1473,2,0.551618,0.287615,0.116579,1.27502,0.829337,0.244813,5,0.0346113
1474,2,0.551618,0.274081,0.115162,1.4278,0.776711,0.274918,5,0.0363205
1475,2,0.476572,0.25997,0.109443,1.4278,0.682545,0.268978,4,0.0330777
1476,5,0.198028,0.076787,0.0462919,1.15719,0.262447,0.235951,2,0.013453
1477,5,0.198028,0.0900054,0.0428201,1.15719,0.275884,0.248028,2,0.0121606
1478,5,0.173529,0.0551275,0.0348492,0.595211,0.161521,0.145027,1,0.0067754
1479,5,0.0784571,0.0291075,0.0151142,0.237215,0.0876876,0.053506,2,0.00552901
1480,5,0.0638266,0.0253135,0.012566,0.203774,0.0737088,0.0418677,0,0.00541176
1481,5,0.0902539,0.0280626,0.0159435,0.252135,0.0875967,0.0534003,3,0.0060812
1482,5,0.0902539,0.0241689,0.0162161,0.252135,0.0732359,0.0532362,2,0.00515899
1483,5,0.172882,0.0290759,0.0344812,0.523008,0.0919967,0.119355,2,0.0152989
1484,5,0.172882,0.0316895,0.0337317,0.523008,0.106782,0.122863,2,0.0153786
1485,5,0.0468074,0.0166308,0.0084671,0.248698,0.0501784,0.0555369,0,0.00408376
1486,5,0.0699006,0.0168526,0.0149263,0.279186,0.0591421,0.0702102,1,0.00458907
1487,5,0.0804062,0.0302012,0.0226494,0.38847,0.120944,0.09741,3,0.00567522
1488,5,0.274817,0.102599,0.0893799,0.131996,0.0491626,0.0215335,3,0.00356662
1489,5,0.0539462,0.0199524,0.0115782,0.0870873,0.0387455,0.0183921,3,0.00172719
1490,5,0.0365595,0.0112819,0.00730835,0.053778,0.0286902,0.00886077,0,0.00168078
1491,5,0.0284901,0.012746,0.00557817,0.0477675,0.0253123,0.00882543,0,0.00202744
1492,5,0.0284901,0.0131268,0.00600836,0.0475835,0.0168781,0.00837489,0,0.0018828
1493,5,0.0228902,0.0088141,0.00489122,0.0314116,0.013615,0.00628345,0,0.00146479
1494,5,0.0176786,0.00905176,0.00421849,0.0314116,0.0146793,0.00573434,0,0.0014975
1495,5,0.0224741,0.0109019,0.00391376,0.0283408,0.015127,0.0050428,0,0.00170147
1496,5,0.0235894,0.0120111,0.00483411,0.0281817,0.0161159,0.00546645,0,0.00195139
1497,5,0.0235894,0.0109678,0.00552732,0.0281817,0.0158901,0.00590566,0,0.00173516
1498,5,0.0223396,0.0104734,0.00462504,0.0276396,0.0147041,0.00558164,0,0.00156594
1499,5,0.0216288,0.0103551,0.00381771,0.0342769,0.0165399,0.00677733,0,0.00159586
1500,5,0.0571151,0.011277,0.00806082,0.100896,0.0194189,0.016084,0,0.00402341
1501,4,0.407499,0.113991,0.102231,0.774617,0.195242,0.205384,1,0.0114488
1502,4,0.091166,0.0365261,0.0223195,0.245935,0.0701101,0.0456955,3,0.00524675
1503,4,0.0645904,0.022252,0.0149686,0.43121,0.0839081,0.0657728,3,0.00592936
1504,4,0.122512,0.0405683,0.0291579,0.91452,0.327894,0.277619,1,0.00560474
1505,4,0.166393,0.0675065,0.0353426,0.91452,0.390246,0.261803,1,0.00577245
1506,4,0.166393,0.0521943,0.0386503,0.676683,0.114406,0.173963,2,0.00513666
1507,4,0.0603599,0.0183763,0.0172829,0.0419833,0.0192914,0.008221,1,0.00152962
1508,4,0.0248541,0.00813083,0.00442572,0.0428241,0.023959,0.00922836,0,0.0018242
1509,4,0.0248541,0.00929873,0.00463713,0.0428241,0.0198531,0.0100043,0,0.00199078
1510,4,0.0231743,0.0100787,0.00513975,0.0354332,0.0189405,0.00833563,0,0.00173305
1511,4,0.0231743,0.0105083,0.00514397,0.0351321,0.0167307,0.00878862,0,0.00170479
1512,4,0.0245998,0.0098912,0.00507488,0.0399033,0.0167031,0.00865699,0,0.00173991
1513,4,0.734789,0.196583,0.198766,0.652773,0.535306,0.0749484,1,0.0144025
1514,4,0.0791212,0.0396988,0.0231748,0.580955,0.377274,0.125931,3,0.00183822
1515,4,0.0459379,0.01401,0.00889929,0.372763,0.187828,0.0897535,0,0.0014652
1516,4,0.0198744,0.008728,0.00412555,0.180954,0.0674515,0.0525434,0,0.00149618
1517,4,0.0272139,0.010497,0.00547331,0.0480061,0.026637,0.0101755,0,0.00185187
1518,4,0.0272139,0.0111655,0.00509533,0.0527809,0.0317368,0.00837899,0,0.00186794
1519,4,0.022997,0.00958391,0.00443895,0.0527809,0.0270285,0.0121776,0,0.00227797
1520,4,0.022997,0.0091195,0.00452703,0.0412787,0.0182909,0.0115196,0,0.00233848
1521,4,0.0169471,0.0073646,0.00351269,0.0381647,0.017448,0.00972001,0,0.00178528
1522,4,0.0192085,0.00736537,0.0036535,0.0423569,0.0190346,0.00816233,0,0.00206281
1523,6,0.631363,0.165539,0.189502,0.688517,0.411906,0.106366,1,0.0151103
1524,6,0.0484513,0.0265022,0.00861095,0.403656,0.258239,0.0908484,0,0.00208334
1525,6,0.0455704,0.02218,0.00801082,0.294049,0.13962,0.0680387,0,0.00235631
1526,6,0.0975278,0.0249377,0.013136,0.366688,0.0820215,0.0543862,3,0.00768985
1527,6,0.0975278,0.0224031,0.0126949,0.366688,0.0520599,0.0555125,3,0.00756862
1528,6,0.0316809,0.0144111,0.00606949,0.0676923,0.0319094,0.0113189,0,0.00172025
1529,6,0.0353405,0.0128467,0.00759008,0.0676923,0.0320157,0.0138976,0,0.00161533
1530,6,0.0428085,0.0179052,0.0102652,0.102443,0.0385908,0.0210458,0,0.00179755
1531,6,0.0428085,0.0192207,0.0094617,0.102443,0.0350823,0.0230362,0,0.00161671
1532,6,0.0324951,0.0167947,0.00810581,0.0584438,0.0283558,0.0147754,0,0.00168843
1533,6,0.0286109,0.0138892,0.00637159,0.0598674,0.0262067,0.0176514,0,0.00167093
1534,6,0.0340315,0.0143413,0.00751578,0.0715422,0.0300947,0.0197829,0,0.00154883
1535,6,0.0555969,0.0191745,0.009291,0.247907,0.0414248,0.0467367,0,0.00341621
1536,6,0.198422,0.0599123,0.0532823,0.533002,0.306691,0.0959843,2,0.00508325
1537,6,0.0409516,0.0232623,0.00749481,0.324489,0.162666,0.0856821,0,0.00153005
1538,6,0.0298762,0.0172632,0.00743137,0.135126,0.0728219,0.0300646,0,0.00146684
1539,6,0.0298762,0.0149434,0.00696279,0.0961449,0.0383817,0.0235117,0,0.00150728
1540,6,0.0360462,0.0165479,0.00788352,0.0550641,0.0313808,0.00977765,0,0.00148507
1541,6,0.0360462,0.0163903,0.0077177,0.0791435,0.0382752,0.0144503,0,0.00138369
1542,6,0.0278744,0.0149298,0.00596765,0.0791435,0.0311779,0.0172472,0,0.00159056
1543,6,0.0278744,0.0144136,0.00712782,0.0687682,0.0271046,0.0134933,0,0.00163725
1544,6,0.027853,0.0139458,0.00659751,0.0687682,0.0252983,0.0147818,0,0.00132387
1545,6,0.0273364,0.0140052,0.00608943,0.0609351,0.0267325,0.0145697,0,0.00134488
1546,6,0.0273364,0.0138619,0.00605645,0.0609351,0.0264901,0.0147637,0,0.00156995
1547,6,0.0606869,0.0217278,0.0135165,0.249514,0.0465117,0.0481073,3,0.00315748
1548,1,0.897317,0.275118,0.137855,1.83052,0.749998,0.355899,4,0.0763335
1549,1,0.897317,0.308316,0.134105,2.24418,0.702775,0.424884,4,0.0758371
1550,1,1.07805,0.336455,0.151837,2.98288,0.771713,0.526292,5,0.0859277
1551,1,1.07805,0.353425,0.168431,2.98288,0.82991,0.595277,5,0.09756
1552,1,1.1075,0.358525,0.174301,3.23845,0.795916,0.589917,4,0.09375
1553,1,1.1075,0.335783,0.173622,3.23845,0.780121,0.51844,5,0.0952666
1554,1,1.04549,0.310102,0.151635,2.52336,0.710549,0.442603,4,0.0958158
1555,1,1.03858,0.331267,0.162932,2.73165,0.72595,0.470502,5,0.0925419
1556,1,1.03858,0.334076,0.17456,2.73165,0.745321,0.489871,5,0.094129
1557,1,1.04386,0.335208,0.170975,2.45403,0.750758,0.474473,4,0.0906557
1558,1,1.04386,0.347023,0.161064,2.45403,0.788395,0.514918,5,0.0785923
1559,1,0.881475,0.329906,0.146746,2.34577,0.72454,0.518653,4,0.0692371
1560,1,0.881475,0.325191,0.155787,2.32176,0.677977,0.431203,5,0.0795202
1561,1,0.875857,0.299679,0.150468,1.62221,0.666695,0.347808,5,0.0764064
1562,1,0.878094,0.279365,0.131424,2.02348,0.828519,0.409624,4,0.0637911
1563,1,0.819788,0.304949,0.143407,2.49619,0.780581,0.473712,4,0.0791236
1564,1,0.92515,0.329504,0.158223,2.49619,0.783149,0.531463,5,0.0884195
1565,1,0.92515,0.321696,0.152121,2.43665,0.709943,0.499599,5,0.0852761
1566,1,0.993212,0.327012,0.150858,2.54236,0.701869,0.491271,4,0.0808496
1567,1,1.02478,0.344381,0.166237,2.54897,0.772086,0.518816,5,0.0856265
1568,1,1.02478,0.339261,0.167646,2.98162,0.759522,0.523846,4,0.087576
1569,1,0.948317,0.346605,0.159727,2.98162,0.767062,0.495441,5,0.0814032
1570,1,1.00998,0.350407,0.156756,2.4367,0.782972,0.464176,5,0.0823857
1571,1,1.00998,0.355828,0.167062,2.4367,0.784614,0.503959,5,0.0921151
1572,1,1.08252,0.350307,0.167911,2.4511,0.789947,0.495581,5,0.0918775
1573,1,1.08252,0.332221,0.155652,2.70594,0.749487,0.494665,4,0.0851534
1574,1,0.99406,0.331678,0.156352,2.70594,0.747039,0.499611,5,0.0829711
1575,1,1.08923,0.331205,0.179383,2.48344,0.79516,0.47492,5,0.100731
1576,3,1.21418,0.379953,0.243685,1.72625,0.689589,0.280942,5,0.102972
1577,3,1.21418,0.364443,0.239456,1.72625,0.720321,0.351185,5,0.105165
1578,3,1.12562,0.367997,0.226583,1.66901,0.86005,0.375446,4,0.100111
1579,3,1.12562,0.376138,0.213809,1.51832,0.80197,0.340344,4,0.0988738
1580,3,1.21073,0.38391,0.233059,2.05623,0.838431,0.421179,4,0.103449
1581,3,1.21073,0.407698,0.253975,2.6639,0.936986,0.467532,5,0.114073
1582,3,1.13633,0.390576,0.240004,2.6639,0.845698,0.411257,4,0.107644
1583,3,1.28039,0.394563,0.249405,2.28889,0.780896,0.388285,4,0.118177
1584,3,1.0882,0.37572,0.216502,2.08338,0.884433,0.374925,5,0.100658
1585,3,1.0882,0.344116,0.184003,2.08338,0.955474,0.444451,4,0.0975527
1586,3,1.34105,0.37464,0.240936,2.327,1.02188,0.473703,5,0.119619
1587,3,1.34105,0.382158,0.260725,2.327,0.776359,0.413536,4,0.118308
1588,3,1.12893,0.369492,0.214803,1.93908,0.828397,0.392863,4,0.0929937
1589,3,1.12893,0.403464,0.231239,2.00642,0.98593,0.403511,5,0.10245
1590,3,1.09741,0.387195,0.23357,2.00642,0.779472,0.430705,5,0.106815
1591,3,1.06947,0.352988,0.222862,1.81696,0.779106,0.398455,6,0.0995085
1592,3,1.06947,0.352009,0.209885,2.02372,0.901773,0.478256,4,0.0909187
1593,3,1.26017,0.401935,0.231509,2.48159,1.03233,0.512253,5,0.101381
1594,3,1.26017,0.411031,0.228098,2.98604,0.894916,0.504728,4,0.102195
1595,3,1.18079,0.416447,0.217979,2.98604,0.860205,0.417306,5,0.101762
1596,3,1.05532,0.384936,0.227231,2.50435,0.857442,0.384046,4,0.102331
1597,3,1.10049,0.358588,0.226226,2.50435,0.820676,0.430966,4,0.111064
1598,2,0.797716,0.343563,0.140708,1.93835,0.906331,0.369313,3,0.0496963
1599,2,0.662272,0.305021,0.117606,1.7064,0.727189,0.340703,4,0.0384131
1600,2,0.537006,0.274666,0.107458,1.77127,0.771849,0.359015,4,0.0357393
1601,2,0.86095,0.274788,0.130424,1.77127,0.725975,0.358914,3,0.0575574
1602,2,0.86095,0.270661,0.139876,1.12202,0.547991,0.217083,4,0.0641933
1603,2,0.748879,0.278907,0.129319,1.46837,0.668279,0.282033,4,0.0522837
1604,2,0.748879,0.282027,0.133874,1.50264,0.753557,0.279427,5,0.0536976
1605,2,0.627893,0.262751,0.127083,1.50264,0.675332,0.272131,5,0.0507927
1606,2,0.671727,0.25084,0.125797,1.22385,0.630297,0.254152,4,0.0494922
1607,2,0.696924,0.338342,0.131573,2.12378,0.911553,0.41216,4,0.0539585
1608,2,0.696144,0.311098,0.146497,1.55301,0.729894,0.35266,3,0.0561935
1609,2,0.710852,0.299365,0.15704,1.89427,0.770834,0.376165,3,0.0482302
1610,2,0.710852,0.268308,0.148001,1.89427,0.776364,0.358578,3,0.0437648
1611,2,0.581079,0.256553,0.121459,1.29319,0.697745,0.238778,4,0.0429452
1612,2,0.581079,0.269813,0.118272,1.29319,0.648362,0.254547,4,0.0410764
1613,2,0.558592,0.26406,0.120554,1.52565,0.630231,0.279966,5,0.0411375
1614,2,0.540841,0.252388,0.120664,1.52565,0.683193,0.278521,4,0.0439915
1615,2,0.821634,0.356199,0.15442,1.80686,0.88906,0.40545,4,0.0537449
1616,2,0.821634,0.331796,0.156518,1.80686,0.76874,0.39732,4,0.0507816
1617,2,0.626076,0.279661,0.133516,1.87292,0.802266,0.384616,5,0.0491811
1618,2,0.659513,0.270616,0.129927,1.87292,0.781579,0.35685,4,0.0482909
1619,2,0.659513,0.271851,0.122197,1.22065,0.674626,0.249276,4,0.0417303
1620,2,0.55284,0.277511,0.118907,1.15605,0.735379,0.244971,4,0.0366864
1621,2,0.55284,0.278561,0.124619,1.36339,0.730935,0.250349,5,0.0395047
1622,2,0.521303,0.256417,0.123923,1.36339,0.686696,0.280552,4,0.0409295
1623,5,0.276746,0.0736787,0.0660287,0.868201,0.195464,0.152356,2,0.0133136
1624,5,0.109616,0.024275,0.0148533,0.278885,0.0874835,0.0458836,2,0.00789638
1625,5,0.0540843,0.025716,0.0107605,0.205321,0.0782095,0.0519959,0,0.00389796
1626,5,0.0540843,0.0234655,0.0121077,0.205321,0.0528967,0.0459401,2,0.00270878
1627,5,0.0411493,0.0205064,0.00979799,0.0930028,0.0263345,0.0134693,0,0.0021291
1628,5,0.0378622,0.0153196,0.0096048,0.0366875,0.0173213,0.00738962,0,0.00148494
1629,5,0.0219263,0.0096645,0.00459114,0.0593854,0.0178479,0.0108083,0,0.00212858
1630,5,0.0219263,0.00936126,0.00448466,0.0593854,0.0158071,0.0109447,0,0.00211485
1631,5,0.0170256,0.0074852,0.00323882,0.0449995,0.0121871,0.00658248,0,0.00157121
1632,5,0.0220178,0.00789495,0.00398315,0.0449995,0.0147034,0.00702311,0,0.0017812
1633,5,0.0220178,0.00682544,0.00379315,0.0323019,0.0139917,0.00556159,0,0.00151909
1634,5,0.0148537,0.00665534,0.00271,0.0249877,0.0119639,0.00526973,0,0.00139466
1635,5,0.016687,0.00706138,0.00330059,0.0310608,0.0119583,0.00617316,0,0.0017164
1636,5,0.121998,0.0455624,0.0376783,0.428595,0.180649,0.0623308,3,0.00598426
1637,5,0.0337787,0.00924907,0.00667734,0.195146,0.10712,0.0497985,0,0.00153259
1638,5,0.021339,0.00728553,0.00370548,0.102162,0.0439292,0.0238957,0,0.00205439
1639,5,0.021339,0.00706694,0.00411946,0.0537581,0.0212483,0.0118482,0,0.00210183
1640,5,0.0201113,0.0071838,0.00412421,0.0537581,0.0190043,0.0111778,0,0.0021658
1641,5,0.0201113,0.00737309,0.00362798,0.0471937,0.0184327,0.00968187,0,0.00202244
1642,5,0.0137517,0.00579713,0.00261875,0.0319457,0.0128525,0.00715821,0,0.00131306
1643,5,0.0187417,0.00576858,0.00305269,0.0212276,0.00828596,0.00429365,0,0.00155626
1644,5,0.0187417,0.0060841,0.00317103,0.0160163,0.00801222,0.00384446,0,0.00161357
1645,4,0.586506,0.186274,0.17671,0.302566,0.194437,0.0362619,1,0.00707435
1646,4,0.0791902,0.0370329,0.019379,0.213326,0.15318,0.0412948,2,0.00214445
1647,4,0.038868,0.0176122,0.0110206,0.200776,0.0951803,0.0346723,1,0.00233692
1648,4,0.0379496,0.0121066,0.00915925,0.142423,0.04835,0.0324759,0,0.00260419
1649,4,0.0239053,0.00822515,0.00384742,0.142423,0.0241479,0.01925,0,0.00246866
1650,4,0.0174595,0.0066535,0.00295529,0.0527334,0.0179372,0.0122077,0,0.00145711
1651,4,0.0222374,0.00731766,0.00373227,0.0311644,0.0137956,0.00559241,0,0.00163479
1652,4,0.0222374,0.00719201,0.00395101,0.0311644,0.014194,0.00578812,0,0.00187725
1653,4,0.222084,0.0801011,0.0563467,0.573538,0.425971,0.0869006,1,0.00389926
1654,4,0.0709522,0.0231295,0.017408,0.42623,0.261559,0.0994084,2,0.00223844
1655,4,0.0224055,0.0111497,0.00434695,0.246389,0.117136,0.0647777,0,0.00194545
1656,4,0.0204464,0.0108914,0.00401375,0.0993403,0.0395597,0.0290718,0,0.00171465
1657,4,0.0190947,0.00828045,0.00385943,0.0401048,0.023548,0.00905033,0,0.00166308
1658,4,0.0148282,0.00647626,0.0031753,0.0401048,0.0252891,0.00650201,0,0.00156288
1659,4,0.0150325,0.00682991,0.00344063,0.048403,0.0194488,0.00736908,0,0.00174077
1660,4,0.0150325,0.00672883,0.00318418,0.048403,0.0169755,0.00845105,0,0.00166344
1661,4,0.0162162,0.00601554,0.00299805,0.0431468,0.0131335,0.00694648,0,0.00159336
1662,4,0.0234007,0.00720557,0.0039844,0.029984,0.00948863,0.00515825,0,0.00183905
1663,4,0.0234007,0.00807816,0.00415343,0.0353127,0.0113385,0.00659863,0,0.00176363
1664,4,0.0169777,0.00739313,0.00339247,0.0353127,0.0114875,0.00648366,0,0.00139188
1665,4,0.0145583,0.00669342,0.00287617,0.0232302,0.00862001,0.00506692,0,0.00138638
1666,4,0.0175323,0.00620187,0.00303423,0.0395407,0.00867109,0.00549641,0,0.00165257
1667,6,0.0755958,0.0373993,0.02219,0.474946,0.303172,0.0991053,4,0.0021782
1668,6,0.04527,0.0135066,0.0093323,0.302565,0.152477,0.075093,0,0.00126876
1669,6,0.0135053,0.00717843,0.00280575,0.14239,0.058476,0.0361117,0,0.00120909
1670,6,0.0122189,0.00510066,0.00226407,0.0468703,0.0257375,0.007828,0,0.0011977
1671,6,0.0153212,0.00586586,0.00288794,0.049189,0.0227889,0.00591158,0,0.00138677
1672,6,0.0163138,0.00684919,0.00279857,0.049189,0.0187584,0.00787649,0,0.00154068
1673,6,0.0163138,0.00612201,0.00291841,0.0301542,0.0124395,0.00498348,0,0.001566
1674,6,0.0162997,0.00580585,0.00284245,0.0190323,0.00895246,0.00374944,0,0.00152476
1675,6,0.0119486,0.00541458,0.00241967,0.0177557,0.00752789,0.00318805,0,0.00151072
1676,6,0.0119195,0.0053288,0.00231551,0.0177557,0.00740544,0.00340871,0,0.00143108
1677,6,0.0119195,0.00551119,0.00217126,0.0146732,0.0068535,0.00302022,0,0.00123502
1678,6,0.0193773,0.00579087,0.00259252,0.0135553,0.00713726,0.00275996,0,0.00153529
1679,6,0.0193773,0.00639605,0.00311554,0.0578973,0.00782461,0.00751269,0,0.00191385
1680,6,0.098059,0.0315635,0.0259022,0.460398,0.239901,0.103787,3,0.00583299
1681,6,0.0234823,0.00936349,0.00424327,0.237491,0.0980622,0.0661021,0,0.00164809
1682,6,0.0163464,0.00767712,0.00341369,0.0849493,0.0318811,0.0205573,0,0.00165562
1683,6,0.0165978,0.0069304,0.00353234,0.0404548,0.0227756,0.00703899,0,0.00171365
1684,6,0.0165978,0.00605524,0.00297272,0.0340249,0.0216816,0.00565063,0,0.00169394
1685,6,0.0112486,0.00538078,0.00255249,0.0291798,0.015909,0.00505502,0,0.00148415
1686,6,0.0139995,0.00595933,0.00267198,0.0218454,0.0123707,0.00421051,0,0.00139593
1687,6,0.0177257,0.00688638,0.00328431,0.0341079,0.011417,0.00516349,0,0.00179643
1688,6,0.0177257,0.00646923,0.00342697,0.0341079,0.0102772,0.00521852,0,0.00186861
1689,6,0.0121155,0.00574313,0.00273327,0.0286707,0.00996658,0.00496481,0,0.00148667
1690,6,0.0136009,0.00577388,0.00266443,0.0286707,0.0104397,0.0049968,0,0.00143701
1691,6,0.0136009,0.00533053,0.0026145,0.0201809,0.0082465,0.00414418,0,0.00147381
1692,1,0.787959,0.321809,0.145061,1.98547,0.885876,0.437122,2,0.0589678
1693,1,0.835552,0.334289,0.153491,1.89975,0.920172,0.424798,3,0.0801134
1694,1,0.835552,0.314221,0.152739,2.44126,0.956728,0.454126,5,0.0819861
1695,1,0.748789,0.288893,0.136756,2.44126,0.941302,0.441244,4,0.0652642
1696,1,0.739463,0.300439,0.137692,1.88356,0.906086,0.390379,4,0.067548
1697,1,0.739463,0.30487,0.133979,1.88356,0.909081,0.412529,4,0.0664186
1698,1,0.797662,0.31323,0.135867,1.79109,0.917236,0.417198,5,0.0609134
1699,1,0.882485,0.338399,0.156267,1.831,0.92029,0.394161,2,0.0664526
1700,1,0.882485,0.336723,0.153579,1.92199,0.964877,0.422258,3,0.0688847
1701,1,0.782531,0.324578,0.137047,1.92199,0.986889,0.456887,4,0.0722459
1702,1,0.863369,0.3257,0.138176,1.91237,0.975955,0.458357,4,0.0744522
1703,1,0.863369,0.330589,0.13701,2.17915,0.992629,0.44843,5,0.0695682
1704,1,0.804726,0.323595,0.139236,2.19795,0.986209,0.455934,3,0.0636666
1705,1,0.873526,0.321968,0.166157,2.30669,1.04801,0.509129,3,0.0574241
1706,1,0.873526,0.348649,0.157982,2.22166,1.02213,0.443689,4,0.0610697
1707,1,0.831028,0.350724,0.153583,1.92724,0.961558,0.43441,5,0.0731194
1708,1,0.831028,0.334402,0.151755,1.74551,0.871631,0.39533,3,0.0712784
1709,1,0.771187,0.324261,0.149952,2.17088,0.928715,0.386502,3,0.0626025
1710,1,0.782796,0.331175,0.15164,2.17088,0.98493,0.400554,4,0.0705247
1711,1,0.79003,0.332061,0.151658,1.87028,0.996187,0.419776,5,0.0817919
1712,1,0.79003,0.338539,0.147468,1.96572,0.955512,0.434919,4,0.0782693
1713,1,0.736375,0.343468,0.144076,1.96572,0.904249,0.423672,3,0.0649715
1714,1,0.722145,0.317449,0.142175,1.99933,0.908433,0.442356,4,0.0665117
1715,1,0.642045,0.309272,0.120393,3.05701,1.16178,0.616296,2,0.0443145
1716,3,0.957393,0.379689,0.197945,2.16581,0.837589,0.441282,5,0.0873644
1717,3,0.957393,0.34629,0.189311,2.08686,0.921459,0.440225,4,0.0936265
1718,3,1.37186,0.384501,0.217032,2.17506,1.07706,0.432894,4,0.109483
1719,3,1.37186,0.399067,0.219059,2.17506,0.972035,0.458187,5,0.103424
1720,3,1.17847,0.356445,0.206534,2.44313,1.05996,0.539044,4,0.0963431
1721,3,1.17847,0.347059,0.203068,2.44313,1.07197,0.516413,4,0.0992479
1722,3,0.887836,0.345935,0.181448,2.12551,0.890389,0.4062,6,0.0861436
1723,3,1.15263,0.455192,0.230801,2.75645,1.13202,0.527268,4,0.129296
1724,3,1.34612,0.464251,0.241362,4.58994,1.4662,0.751523,4,0.133053
1725,3,1.34612,0.407977,0.206397,4.58994,1.36936,0.75319,4,0.105164
1726,3,1.34477,0.425768,0.223728,2.63988,1.09622,0.536675,3,0.0990511
1727,3,1.34477,0.438902,0.227508,2.63988,1.19077,0.561036,5,0.104261
1728,3,0.874186,0.420614,0.188628,2.56757,1.0842,0.495991,5,0.0993684
1729,3,0.908109,0.397378,0.180399,2.35726,1.00511,0.510843,5,0.102202
1730,3,0.829223,0.384736,0.182177,2.72363,1.08226,0.605974,6,0.0995422
1731,3,0.928896,0.387556,0.202519,2.72363,1.03289,0.568896,4,0.0959171
1732,3,1.80638,0.41039,0.237748,2.14682,1.05902,0.491621,3,0.137516
1733,3,1.80638,0.406828,0.224669,2.34871,1.08852,0.509676,3,0.138815
1734,3,1.04734,0.379455,0.167458,2.71082,0.978655,0.520376,6,0.0983526
1735,3,0.961239,0.363818,0.167911,2.71082,0.919686,0.513497,6,0.0916315
1736,2,0.682906,0.389338,0.1184,2.40855,1.12165,0.505961,5,0.0611209
1737,2,0.682906,0.349862,0.127143,2.06297,1.04549,0.45073,6,0.0619997
1738,2,0.66363,0.354435,0.138518,2.1709,1.15446,0.43073,6,0.0626217
1739,2,0.675092,0.368847,0.137273,2.26943,1.06081,0.4523,4,0.0639948
1740,2,0.933995,0.374317,0.142019,2.84123,1.09779,0.587331,3,0.0713589
1741,2,0.933995,0.37407,0.139012,2.84123,1.1693,0.57811,3,0.0673769
1742,2,0.801957,0.354304,0.139569,2.61596,0.998667,0.425084,4,0.06761
1743,2,0.861551,0.416577,0.139421,2.61386,1.20404,0.516638,5,0.0778359
1744,2,0.861551,0.372533,0.142738,2.26765,1.15596,0.536624,4,0.0744742
1745,2,0.690253,0.377269,0.140392,2.26765,1.1337,0.512858,4,0.0559522
1746,2,0.690253,0.377993,0.139701,2.58132,1.09484,0.480901,4,0.0604506
1747,2,0.703908,0.353799,0.139201,2.95546,1.13189,0.594191,4,0.0579566
1748,2,0.703908,0.371057,0.143135,3.06412,1.16306,0.609222,3,0.0613744
1749,2,0.674182,0.357562,0.142861,3.06412,1.06292,0.503053,3,0.0715181
1750,2,0.971749,0.407737,0.152847,2.39582,1.18272,0.541151,5,0.0816886
1751,2,0.971749,0.396547,0.161196,2.3687,1.19819,0.542116,4,0.076722
1752,2,0.771738,0.40744,0.151699,2.44922,1.162,0.510391,4,0.0623418
1753,2,1.12874,0.390129,0.166402,2.44922,1.1157,0.452936,3,0.0865532
1754,2,1.14984,0.380965,0.174016,2.82551,1.1173,0.537751,3,0.10087
1755,2,1.14984,0.389333,0.150036,2.93482,1.15415,0.597608,2,0.0861146
1756,2,1.07546,0.361241,0.1479,2.93482,1.11507,0.537644,5,0.0928381
1757,5,0.343282,0.131258,0.0901102,0.859027,0.278109,0.127472,3,0.0106467
1758,5,0.0954939,0.0417407,0.0277644,0.269588,0.144158,0.0625255,1,0.00331612
1759,5,0.0562129,0.0169452,0.0135918,0.179035,0.0615427,0.0438728,1,0.00282752
1760,5,0.0268829,0.0108598,0.00677365,0.054346,0.0221471,0.010733,0,0.00189852
1761,5,0.0162256,0.0064121,0.00380312,0.0288814,0.0159465,0.00507722,0,0.00180451
1762,5,0.0138695,0.00517224,0.00295692,0.0233591,0.0124751,0.00522771,0,0.00158597
1763,5,0.0143321,0.00481601,0.00263993,0.0160886,0.0086388,0.0029497,0,0.00137843
1764,5,0.0143321,0.00499861,0.00288712,0.0351974,0.00991994,0.00598785,0,0.00172605
1765,5,0.0197659,0.00910002,0.00482238,0.0351974,0.0116291,0.00631276,0,0.00165093
1766,5,0.0197659,0.0100408,0.00447882,0.0237598,0.0127236,0.00458797,0,0.00169592
1767,5,0.0179081,0.00684085,0.00393364,0.0237598,0.0112066,0.00532174,0,0.00193427
1768,5,0.0176699,0.00583089,0.00348631,0.0221309,0.0099593,0.00456501,0,0.0017591
1769,5,0.015652,0.00574203,0.002927,0.0196303,0.0103858,0.00385656,0,0.0018059
1770,5,0.0130841,0.00598513,0.00284877,0.0196303,0.00952908,0.00353899,0,0.00167207
1771,5,0.0130841,0.00555017,0.00279215,0.0210244,0.00785294,0.00339075,0,0.0012738
1772,5,0.0167192,0.00560116,0.00298446,0.0210244,0.00727601,0.00328856,0,0.00168046
1773,5,0.642857,0.226293,0.192441,0.91701,0.331087,0.171047,1,0.00706443
1774,5,0.12484,0.0577373,0.0394026,0.293756,0.183154,0.0537035,1,0.0025145
1775,5,0.0610126,0.0147288,0.0117578,0.192771,0.09694,0.0466621,0,0.00192137
1776,5,0.0282868,0.0108061,0.00588827,0.0923381,0.0451022,0.0227093,0,0.00199058
1777,5,0.0282868,0.0121019,0.00577782,0.125774,0.0368826,0.0226174,0,0.0019976
1778,5,0.0233153,0.00925573,0.00480943,0.125774,0.0289788,0.0245748,0,0.00189207
1779,5,0.0170468,0.00823721,0.00392492,0.0676705,0.016146,0.0113819,0,0.00167081
1780,5,0.0229588,0.00842234,0.00416425,0.0415453,0.0161956,0.00672406,0,0.00201906
1781,5,0.0622545,0.0144233,0.0104929,0.176988,0.0489129,0.042627,0,0.00337759
1782,5,0.0622545,0.0242724,0.0104882,0.176988,0.0731887,0.0392672,0,0.00309496
1783,5,0.053438,0.028252,0.0108993,0.206681,0.0688908,0.044669,2,0.00214344
1784,5,0.053438,0.0221056,0.0128878,0.206681,0.0662214,0.0502533,1,0.00327969
1785,5,0.0394504,0.0108752,0.00840758,0.184851,0.0361337,0.0426357,0,0.00317699
1786,5,0.0173502,0.00567041,0.00314072,0.03331,0.0095474,0.00585835,0,0.00163954
1787,5,0.00980314,0.0049861,0.00214003,0.0158026,0.00650794,0.00291963,0,0.00143192
1788,5,0.0206185,0.00516181,0.0033233,0.0744511,0.0091478,0.0105212,0,0.00228583
1789,4,0.518617,0.13924,0.147164,0.208332,0.168053,0.0267696,0,0.00518767
1790,4,0.0667123,0.0291751,0.019173,0.191566,0.139359,0.0350514,3,0.00177162
1791,4,0.021015,0.0104284,0.00520251,0.140594,0.0825451,0.0316209,0,0.00161682
1792,4,0.0205295,0.00720134,0.00404147,0.0814222,0.033572,0.0246354,0,0.00168309
1793,4,0.0206156,0.0057473,0.0032948,0.0258932,0.0088868,0.00574877,0,0.00164146
1794,4,0.0206156,0.00667617,0.00416504,0.0280226,0.0115368,0.00679753,0,0.00141401
1795,4,0.0188771,0.00733285,0.00366706,0.0280226,0.013447,0.00601014,0,0.00135078
1796,4,0.0166624,0.00637583,0.00291049,0.0201723,0.0101694,0.00447535,0,0.00167373
1797,4,0.0166624,0.00556009,0.00264444,0.019016,0.00845292,0.0043228,0,0.00153932
1798,4,0.0147667,0.00517626,0.00241371,0.0217673,0.0083871,0.00421848,0,0.00168376
1799,4,0.0192382,0.00640067,0.00343809,0.065345,0.0124407,0.0108852,0,0.00205033
1800,4,0.117854,0.0563049,0.0339889,0.603804,0.437906,0.110733,2,0.00592038
1801,4,0.0670238,0.0214046,0.0134307,0.467775,0.253691,0.108987,1,0.00211728
1802,4,0.0311843,0.0161761,0.00740251,0.229742,0.107337,0.0656707,0,0.00206133
1803,4,0.0311843,0.0130376,0.00770067,0.10625,0.0382881,0.0252055,0,0.00205294
1804,4,0.0180882,0.00840095,0.00316387,0.0445846,0.0235619,0.00860784,0,0.00180384
1805,4,0.0180882,0.00890733,0.00356092,0.0445846,0.0257551,0.00771792,0,0.00188718
1806,4,0.0227632,0.00889564,0.00422794,0.0420059,0.0226375,0.00988844,0,0.00173742
1807,4,0.025566,0.0100488,0.00443228,0.0420059,0.0130939,0.00819387,0,0.00189748
1808,4,0.025566,0.00966641,0.00422287,0.0313511,0.0106959,0.00682611,0,0.00200159
1809,4,0.0277734,0.0123029,0.00696187,0.234295,0.0201584,0.0331103,0,0.00198416
1810,4,0.0444139,0.0183042,0.00841344,0.234295,0.0359643,0.0401962,0,0.0033833
1811,4,0.0910254,0.0280706,0.0181944,0.246363,0.0689102,0.0597432,4,0.0101004
1812,4,0.0910254,0.0265943,0.0196526,0.246363,0.0725785,0.0606847,4,0.0106548
1813,6,0.795189,0.214582,0.211349,0.775475,0.416061,0.0998059,2,0.0208198
1814,6,0.0927569,0.0308238,0.0217732,0.547728,0.288203,0.0953653,3,0.00544225
1815,6,0.172621,0.037875,0.0335893,1.17883,0.202118,0.14877,2,0.0159587
1816,6,0.172621,0.051425,0.0288302,1.17883,0.140942,0.156762,2,0.0157802
1817,6,0.0845087,0.0367535,0.0191495,0.438442,0.0952616,0.0684476,4,0.0115483
1818,6,0.0825701,0.0320212,0.0184551,0.438442,0.0830324,0.064092,3,0.00849943
1819,6,0.0822829,0.0361135,0.0184207,0.274547,0.0782367,0.0489434,3,0.0066429
1820,6,0.0822829,0.0332812,0.0153971,0.274547,0.0739968,0.0471272,4,0.00639541
1821,6,0.0586194,0.0180158,0.0120258,0.142426,0.0396376,0.0315587,2,0.00458503
1822,6,0.0418794,0.0186356,0.0114711,0.0840394,0.0271365,0.0193348,3,0.0016545
1823,6,0.0418794,0.0199038,0.0105648,0.0840394,0.0388583,0.0191484,3,0.00135605
1824,6,0.0298483,0.015452,0.00678543,0.0915216,0.0399953,0.024265,0,0.00139423
1825,6,0.0340239,0.0183171,0.0080968,0.0915216,0.04023,0.0244572,0,0.0015079
1826,6,1.08764,0.222582,0.216166,1.06971,0.530819,0.171552,1,0.0312485
1827,6,0.20131,0.0760905,0.0391363,0.894939,0.299681,0.170549,4,0.0113311
1828,6,0.117788,0.050926,0.0211977,0.341702,0.11945,0.0679784,2,0.0034718
1829,6,0.0776389,0.0331528,0.0246056,0.143937,0.0544712,0.0348451,3,0.00243023
1830,6,0.0458295,0.0202869,0.0130952,0.117732,0.0373662,0.0201207,3,0.00240272
1831,6,0.0458295,0.0248326,0.0122541,0.0816763,0.0449669,0.0164537,3,0.00229214
1832,6,0.0448703,0.0191123,0.00859896,0.0816763,0.0400083,0.0185658,0,0.00200504
1833,6,0.048457,0.0194608,0.00933118,0.0791241,0.0382612,0.0207946,0,0.00174971
1834,6,0.048457,0.0207437,0.0103123,0.0791241,0.0430509,0.0180869,1,0.00146524
1835,6,0.0405221,0.0209829,0.00926217,0.0640419,0.0347557,0.0170143,0,0.00172085
1836,6,0.0423815,0.0221777,0.0100998,0.0796846,0.0408771,0.0205025,0,0.00173841
1837,6,0.0423815,0.0209672,0.00902875,0.0796846,0.0366267,0.0211799,0,0.00167374
1838,6,0.0393377,0.0190227,0.0091629,0.069416,0.03454,0.0191056,0,0.00150359
1839,6,0.0393377,0.0183631,0.00862108,0.069416,0.0309425,0.0205568,0,0.00114536
1840,6,0.0559564,0.0227201,0.0132356,0.0993528,0.0397343,0.032899,1,0.0014338
1841,6,0.0559564,0.0250382,0.014011,0.101758,0.0519653,0.0327979,1,0.0015248
1842,1,0.804807,0.385501,0.153058,1.97992,1.05315,0.447614,4,0.0691051
1843,1,0.876714,0.422142,0.162621,1.90952,1.06512,0.366467,4,0.0863385
1844,1,0.945097,0.445659,0.184352,1.83323,1.05174,0.339808,3,0.0897772
1845,1,0.945097,0.432998,0.179393,1.83323,1.04605,0.364037,3,0.0855931
1846,1,0.824196,0.412326,0.159485,1.88578,1.02898,0.369924,4,0.0772977
1847,1,0.824196,0.40638,0.148742,2.28162,1.03227,0.404604,5,0.073061
1848,1,0.823749,0.402438,0.149482,2.28162,1.03531,0.408329,3,0.0737968
1849,1,0.823749,0.40741,0.165281,2.06917,1.01736,0.375165,5,0.0742581
1850,1,0.87509,0.406399,0.167674,1.83516,1.0448,0.35016,4,0.080073
1851,1,0.934269,0.40568,0.155076,1.73058,0.971919,0.343019,2,0.0825802
1852,1,0.934269,0.381075,0.138068,1.73058,0.911118,0.367888,3,0.0735921
1853,1,0.834994,0.348048,0.140028,1.85706,0.896704,0.378194,4,0.0668138
1854,1,0.749194,0.369647,0.162685,2.14054,1.00004,0.470505,3,0.0702898
1855,1,0.826259,0.417118,0.163714,2.14054,0.985557,0.445798,4,0.0757667
1856,1,0.826259,0.402869,0.158814,1.96139,0.959998,0.41175,4,0.0797839
1857,1,0.812886,0.381735,0.137652,1.84721,0.917224,0.360362,5,0.0748967
1858,1,0.895425,0.390654,0.145975,1.92094,0.873109,0.350835,3,0.0724508
1859,1,1.00273,0.389627,0.164794,2.29195,0.904922,0.393141,5,0.0858841
1860,1,1.05812,0.420451,0.190734,2.29195,0.95406,0.390516,3,0.0955912
1861,1,1.05812,0.42976,0.182559,1.69442,0.978847,0.341283,3,0.094233
1862,1,0.892129,0.402106,0.163749,1.81873,0.951283,0.343701,4,0.0866893
1863,1,0.800254,0.399119,0.165221,1.85153,0.969758,0.360729,6,0.0773962
1864,1,0.781855,0.381332,0.152612,1.85153,0.921155,0.350401,5,0.0682638
1865,1,0.777562,0.35437,0.14663,1.60901,0.839973,0.340668,3,0.0641592
1866,3,1.09033,0.423452,0.205798,2.94108,0.966556,0.495274,6,0.104283
1867,3,1.61578,0.417493,0.252405,3.87876,1.22522,0.622134,5,0.122212
1868,3,1.61578,0.432641,0.247777,3.87876,1.14387,0.589325,4,0.135079
1869,3,1.093,0.45819,0.225232,2.69689,1.15279,0.539368,4,0.131691
1870,3,1.08165,0.456456,0.219768,2.69689,1.19906,0.531129,3,0.124406
1871,3,0.934981,0.429027,0.210316,2.49784,1.09165,0.465076,5,0.126446
1872,3,1.148,0.406786,0.187396,2.69556,0.936747,0.421934,5,0.106635
1873,3,1.05149,0.379158,0.194389,2.21294,0.979359,0.455712,4,0.0960622
1874,3,1.05149,0.389623,0.19743,2.21294,1.05429,0.464541,4,0.102391
1875,3,1.40966,0.392144,0.207759,2.91162,0.915929,0.422431,4,0.106808
1876,3,1.40966,0.393506,0.212943,2.91162,0.935315,0.395815,3,0.10461
1877,3,0.965602,0.406527,0.195062,2.29023,0.947687,0.38861,4,0.112635
1878,3,1.04083,0.408603,0.184263,2.98424,1.06848,0.487262,6,0.108454
1879,3,1.3442,0.399635,0.232542,3.04075,1.24162,0.514685,5,0.123511
1880,3,1.3442,0.403973,0.249923,3.04075,1.10422,0.564594,4,0.128396
1881,3,1.21254,0.439735,0.245902,2.9679,1.0642,0.582182,4,0.127357
1882,3,1.21254,0.441304,0.230764,2.9679,1.19187,0.503127,4,0.109233
1883,3,1.07024,0.415677,0.189685,2.1223,0.952652,0.38547,6,0.0970168
1884,2,0.64569,0.383943,0.130819,2.21014,1.14703,0.435166,4,0.0571285
1885,2,0.748167,0.393952,0.126024,2.12664,1.11089,0.412102,5,0.0668922
1886,2,1.01708,0.405644,0.158807,2.10611,1.16603,0.400444,3,0.0791558
1887,2,1.01708,0.416999,0.152328,2.10611,1.08258,0.410153,4,0.080856
1888,2,0.774944,0.38879,0.134897,2.65761,1.05795,0.510657,5,0.0649861
1889,2,0.75524,0.371451,0.132713,2.65761,1.06313,0.503216,4,0.0583509
1890,2,0.624712,0.379083,0.120703,1.65734,1.01407,0.332115,4,0.0633997
1891,2,0.624712,0.373707,0.11027,1.72065,0.937936,0.329132,4,0.06581
1892,2,0.962591,0.422474,0.151653,2.39352,1.24308,0.44782,4,0.0721986
1893,2,0.777923,0.40473,0.157036,2.39352,1.30027,0.397935,3,0.0735639
1894,2,0.844807,0.398495,0.161583,2.37779,1.26016,0.419924,4,0.0735672
1895,2,1.04741,0.392901,0.162874,2.26926,1.13314,0.415563,4,0.0804766
1896,2,1.04741,0.39378,0.167583,2.74396,1.14077,0.508097,4,0.0930038
1897,2,0.845673,0.415269,0.169524,2.74396,1.22821,0.50189,5,0.0870896
1898,2,0.904052,0.400852,0.146125,2.28782,1.1845,0.333241,5,0.0714039
1899,2,0.786436,0.395673,0.147887,2.41834,1.19016,0.436839,4,0.0572562
1900,2,0.786436,0.394967,0.13956,2.41834,1.15488,0.500567,3,0.0551518
1901,2,0.76008,0.397756,0.137673,2.24615,1.06146,0.450091,5,0.0678281
1902,2,0.76008,0.393727,0.139729,2.39808,1.12384,0.49846,4,0.067284
1903,2,0.679686,0.385316,0.128478,2.39808,1.12244,0.422921,3,0.0528947
1904,5,0.119148,0.0182943,0.0186938,0.162271,0.0767843,0.0245535,1,0.00851419
1905,5,0.0182937,0.00856473,0.00365586,0.110134,0.0567416,0.0228361,0,0.00159426
1906,5,0.0160141,0.00645293,0.00332358,0.0765653,0.0312452,0.0180152,0,0.00163595
1907,5,0.0317299,0.00887339,0.00739827,0.153213,0.0382579,0.037012,0,0.00187204
1908,5,0.0317299,0.0110972,0.00763851,0.153213,0.0448683,0.0358123,0,0.00185129
1909,5,0.0314208,0.0134273,0.00734145,0.0981474,0.029426,0.0165948,0,0.00167915
1910,5,0.0314208,0.0148696,0.00650424,0.0646993,0.0236917,0.0148849,0,0.00176443
1911,5,0.0254055,0.00891298,0.00574304,0.0597904,0.01753,0.0115434,0,0.00156738
1912,5,0.0121984,0.00528012,0.00220821,0.0269141,0.0131828,0.0057366,0,0.00145192
1913,5,0.0189965,0.00685505,0.00313743,0.0244923,0.012285,0.00500695,0,0.00149496
1914,5,0.0221643,0.0088488,0.00359702,0.0254888,0.013112,0.00537071,0,0.00178353
1915,5,0.0935425,0.0238539,0.0199634,0.372349,0.0787965,0.0830531,2,0.00547519
1916,5,0.0239144,0.0101972,0.00526343,0.064592,0.0263513,0.0155337,0,0.00187353
1917,5,0.0210311,0.00709688,0.00400154,0.0462762,0.0132819,0.00857444,0,0.00171927
1918,5,0.015306,0.00536409,0.00252176,0.0173798,0.00759583,0.00372491,0,0.00138793
1919,5,0.015306,0.00558639,0.00257601,0.0195154,0.0074488,0.00336342,0,0.00153982
1920,5,0.0126565,0.00594731,0.00253101,0.0195154,0.00922642,0.0034315,0,0.00140792
1921,5,0.0158874,0.00762286,0.00334817,0.0179027,0.00891059,0.00368744,0,0.00135748
1922,5,0.0158874,0.00772814,0.00328505,0.0177955,0.0087817,0.00383172,0,0.00137407
1923,5,0.0176836,0.00713451,0.00323914,0.017908,0.00855476,0.00361556,0,0.00127894
1924,5,0.0265223,0.00834655,0.0043439,0.165067,0.0143234,0.0270517,0,0.00187246
1925,4,0.448811,0.109902,0.11753,0.178226,0.153665,0.0151886,0,0.0042918
1926,4,0.0567065,0.0254999,0.0179595,0.16813,0.117286,0.0313534,1,0.00121535
1927,4,0.0205231,0.00837391,0.00357293,0.127219,0.0666873,0.0281066,0,0.00145326
1928,4,0.0282312,0.00843571,0.00460036,0.0614498,0.0302143,0.0166957,0,0.00276151
1929,4,0.0331608,0.0104653,0.00595077,0.077093,0.0188218,0.0125501,0,0.00331921
1930,4,0.0331608,0.00825697,0.00571904,0.077093,0.0158143,0.0120672,0,0.00256768
1931,4,0.0145595,0.00588531,0.00312916,0.02802,0.00962879,0.00456705,0,0.00150765
1932,4,0.0145595,0.00546194,0.00291531,0.0135609,0.00684248,0.00304936,0,0.00157424
1933,4,0.0113677,0.00460597,0.00201665,0.0130537,0.00532857,0.00223338,0,0.00134253
1934,4,0.0116326,0.00471437,0.00212985,0.0109915,0.00478405,0.00210825,0,0.00130143
1935,4,0.0116326,0.0048185,0.00242309,0.0106913,0.00412807,0.00213204,0,0.00151521
1936,4,0.018007,0.00673532,0.00401829,0.0605426,0.00925748,0.0111409,0,0.00169947
1937,4,0.018007,0.00885737,0.00358219,0.0605426,0.0127123,0.010971,0,0.00160441
1938,4,0.022036,0.00926636,0.00327903,0.0420552,0.0115807,0.00788423,0,0.00175515
1939,4,0.24838,0.0934354,0.0772673,0.671666,0.440889,0.107719,2,0.00524736
1940,4,0.0554966,0.0256662,0.0147004,0.500475,0.263678,0.112914,2,0.00187326
1941,4,0.0289278,0.0103046,0.0066496,0.245788,0.108667,0.0669257,0,0.00154747
1942,4,0.0171309,0.00670921,0.0033135,0.0962913,0.0337998,0.0245302,0,0.00166894
1943,4,0.0171309,0.00671096,0.00365632,0.0399967,0.0201678,0.00694626,0,0.00173401
1944,4,0.0159189,0.00671751,0.00354722,0.0399967,0.0230696,0.00514611,0,0.00167254
1945,4,0.0155825,0.00646277,0.00282702,0.0316324,0.0194686,0.00517871,0,0.0015745
1946,4,0.0174227,0.00636377,0.00323295,0.0280562,0.0129851,0.00622918,0,0.00148648
1947,4,0.0174227,0.00598009,0.00326243,0.0208173,0.00819782,0.00425742,0,0.00133224
1948,4,0.0158182,0.0059194,0.00270494,0.0208173,0.00727778,0.00327597,0,0.00152892
1949,4,0.0158182,0.00531752,0.00235103,0.0182981,0.00711797,0.0033278,0,0.00152903
1950,4,0.030465,0.00626904,0.00554057,0.149308,0.0157903,0.0284644,0,0.0015747
1951,6,0.16768,0.0561243,0.0400204,0.721208,0.358336,0.128393,2,0.00629472
1952,6,0.0590399,0.0174042,0.0128866,0.341579,0.190367,0.0840069,1,0.00155667
1953,6,0.0178112,0.00741561,0.00341543,0.182105,0.0754456,0.0503541,0,0.00144423
1954,6,0.0113106,0.00518811,0.00209614,0.0634847,0.0243273,0.0151008,0,0.00128119
1955,6,0.0159964,0.00606473,0.00291434,0.0640169,0.0197248,0.0101069,0,0.00152422
1956,6,0.0190581,0.00780767,0.00381266,0.0640169,0.0237947,0.0119153,0,0.00206472
1957,6,0.0190581,0.00701046,0.00378729,0.0600782,0.0159297,0.0114026,0,0.00198448
1958,6,0.0155898,0.00505268,0.00245422,0.0148682,0.00686996,0.00322379,0,0.00155251
1959,6,0.0155898,0.00494415,0.00243146,0.0139385,0.00470328,0.00242117,0,0.00150788
1960,6,0.0118078,0.00507371,0.00233185,0.0122123,0.00501261,0.00237105,0,0.00132453
1961,6,0.0120798,0.00493598,0.00238546,0.0122123,0.00514075,0.00232033,0,0.00149498
1962,6,0.0128063,0.00513904,0.00254529,0.0109383,0.00508859,0.00226553,0,0.00156327
1963,6,0.0128063,0.00517473,0.00236687,0.01178,0.00515087,0.00239269,0,0.00137153
1964,6,0.0118114,0.00495793,0.00198669,0.01178,0.00516871,0.00227671,0,0.00126513
1965,6,0.0848173,0.0295474,0.0210558,0.475603,0.288524,0.0990018,2,0.00436119
1966,6,0.0201997,0.00914484,0.00438899,0.296473,0.140767,0.0755487,0,0.00170801
1967,6,0.0154869,0.0056787,0.00301459,0.128942,0.0449759,0.0386386,0,0.00150505
1968,6,0.0124897,0.00442443,0.00226188,0.0314345,0.0167927,0.00721825,0,0.00140474
1969,6,0.0107278,0.00466982,0.00222766,0.0312413,0.0207698,0.00493913,0,0.00122299
1970,6,0.0122707,0.00530921,0.00229187,0.0312413,0.0171847,0.00536999,0,0.0015684
1971,6,0.0122707,0.00472795,0.00217355,0.0206946,0.0111274,0.00420761,0,0.00153537
1972,6,0.0159645,0.00444238,0.00229478,0.0158537,0.00681838,0.00345832,0,0.00137786
1973,6,0.0159645,0.00488567,0.0025456,0.0164837,0.00535322,0.00258173,0,0.00145854
1974,6,0.0127974,0.00505102,0.00237031,0.0164837,0.00586524,0.00282583,0,0.0014699
1975,6,0.0132488,0.00507654,0.00263334,0.0131569,0.00619164,0.00260697,0,0.0017832
1976,6,0.0151354,0.00525481,0.00283669,0.0127517,0.0061425,0.0025801,0,0.00166449
1977,6,0.0151354,0.00528101,0.00260395,0.0127517,0.00582326,0.00259158,0,0.00139454
1978,6,0.011128,0.00502098,0.00215113,0.0118365,0.00559374,0.00213363,0,0.00133512
1979,6,0.00832135,0.00446992,0.00196004,0.0138817,0.00566373,0.00238246,0,0.00109436
1980,6,0.0903232,0.0128862,0.0196957,0.733635,0.0657454,0.163025,1,0.00562137
1981,1,0.567085,0.244602,0.0994732,1.21056,0.622629,0.274821,3,0.0393535
1982,1,0.567085,0.25744,0.0945626,1.15442,0.566,0.236853,2,0.0405925
1983,1,0.575397,0.262906,0.0964681,1.17576,0.539124,0.242798,3,0.0380717
1984,1,0.575397,0.261915,0.103628,1.17576,0.525943,0.243624,3,0.0433724
1985,1,0.527844,0.248778,0.0961598,0.954819,0.531648,0.226997,3,0.039711
1986,1,0.508938,0.246437,0.0896493,0.946533,0.529296,0.205045,5,0.0330788
1987,1,0.508938,0.234567,0.0950674,0.96681,0.494746,0.219969,5,0.0356556
1988,1,0.493585,0.218132,0.0957465,0.96681,0.490547,0.233118,5,0.039518
1989,1,0.493585,0.218381,0.0923841,0.963898,0.500187,0.211004,5,0.0375663
1990,1,0.428891,0.203818,0.0921687,0.981598,0.47872,0.206059,4,0.0376698
1991,1,0.413993,0.196134,0.0877668,1.18287,0.480837,0.213963,6,0.0368837
1992,1,0.403403,0.206704,0.0839588,1.18287,0.477827,0.193885,5,0.0310235
1993,1,0.445286,0.211887,0.0839112,0.938784,0.437016,0.172002,4,0.0332454
1994,1,0.463139,0.215384,0.0928076,0.928412,0.442766,0.192126,4,0.0333974
1995,1,0.463139,0.221462,0.0920209,1.039,0.502156,0.21487,5,0.0355932
1996,1,0.508232,0.21666,0.0928403,1.039,0.497704,0.206477,5,0.0380817
1997,1,0.479588,0.224185,0.0913482,1.54641,0.70899,0.35759,4,0.0348226
1998,1,0.447186,0.235954,0.0882896,1.10827,0.551511,0.209614,4,0.0312127
1999,1,0.508298,0.240828,0.101834,1.10827,0.552972,0.222374,6,0.0405204
2000,1,0.508298,0.238121,0.100188,1.02489,0.523168,0.209598,4,0.0401199
2001,1,0.503041,0.22444,0.0939285,1.06465,0.532902,0.215063,4,0.041725
2002,1,0.61535,0.207279,0.0991402,1.06465,0.507023,0.21743,4,0.0481043
2003,1,0.61535,0.215307,0.0974373,1.08494,0.528725,0.239738,4,0.0416213
2004,1,0.443298,0.229192,0.0847127,1.10712,0.551371,0.249698,5,0.0348825
2005,1,0.443298,0.234873,0.0822497,1.10712,0.537872,0.255642,6,0.0353744
2006,1,0.564399,0.247356,0.0968196,1.18502,0.552709,0.223752,4,0.0441495
2007,1,0.419028,0.22018,0.088066,1.18502,0.53717,0.221001,6,0.0339146
2008,1,0.464886,0.222422,0.0886896,1.11971,0.530696,0.227268,6,0.0348847
2009,1,0.464886,0.224609,0.087746,1.11971,0.520355,0.239068,3,0.0378791
2010,3,0.859417,0.377534,0.177898,1.73257,0.874233,0.327321,5,0.0666779
2011,3,0.990994,0.357145,0.187014,1.78929,0.807699,0.329042,4,0.073707
2012,3,0.990994,0.365263,0.193891,2.42315,0.937248,0.53424,4,0.083512
2013,3,0.878527,0.357916,0.190519,2.42315,0.837354,0.519605,4,0.0840764
2014,3,1.06112,0.392365,0.214399,1.23228,0.661016,0.248878,5,0.0925461
2015,3,1.06112,0.435799,0.216931,1.23228,0.751673,0.252203,5,0.0954716
2016,3,0.937927,0.430912,0.205032,1.33973,0.738873,0.255359,5,0.0820982
2017,3,1.01247,0.422267,0.201043,1.31532,0.685849,0.24257,6,0.0960506
2018,3,1.01247,0.432608,0.190385,1.7248,0.719735,0.316932,5,0.0862764
2019,3,1.06662,0.422786,0.201683,2.36057,0.942239,0.552981,5,0.0883087
2020,3,1.06662,0.424337,0.21506,2.36057,0.894112,0.54091,5,0.0902549
2021,3,1.05922,0.40615,0.203256,1.53083,0.703095,0.314997,4,0.0947822
2022,3,1.03546,0.415836,0.189206,1.61906,0.790815,0.316086,6,0.0991974
2023,3,0.818065,0.403574,0.170068,1.61906,0.740195,0.2874,6,0.078885
2024,3,1.13934,0.35412,0.199538,1.44438,0.725284,0.249442,4,0.0891087
2025,3,0.900161,0.363656,0.192912,1.06092,0.55845,0.197125,6,0.0766986
2026,3,0.898131,0.3749,0.176711,2.09059,0.855145,0.515886,6,0.0642088
2027,3,0.898131,0.388116,0.16788,2.09059,0.907612,0.488504,4,0.0659074
2028,3,0.952031,0.419145,0.190442,1.7967,0.704989,0.301989,5,0.0782132
2029,3,0.952031,0.42849,0.201614,2.03669,0.795075,0.361036,5,0.0862925
2030,3,0.913107,0.402799,0.190146,2.03669,0.802728,0.342483,6,0.0836474
2031,3,0.965046,0.397539,0.194453,3.85171,1.05634,0.850229,5,0.0824456
2032,2,0.84408,0.326084,0.138595,1.633,0.727478,0.390947,3,0.0450384
2033,2,0.611773,0.30239,0.131011,1.10335,0.622795,0.294147,3,0.0378218
2034,2,0.611773,0.271343,0.114856,1.52692,0.776225,0.353425,4,0.0361366
2035,2,0.733057,0.281237,0.123357,1.52692,0.915466,0.314358,4,0.0476647
2036,2,0.733057,0.305136,0.146809,1.48084,0.776309,0.287698,4,0.0615383
2037,2,0.777115,0.298731,0.131753,2.10981,0.809685,0.446902,5,0.0584525
2038,2,0.777115,0.311137,0.126187,2.10981,0.860234,0.465865,4,0.046295
2039,2,0.675451,0.316899,0.153455,1.50226,0.782327,0.288241,3,0.0497709
2040,2,0.78884,0.31663,0.12581,1.45362,0.766533,0.277356,4,0.0519688
2041,2,0.78884,0.306193,0.135327,1.20083,0.632211,0.263278,4,0.0514033
2042,2,0.625292,0.288444,0.121427,1.72701,0.747793,0.374565,4,0.0393553
2043,2,0.589127,0.282198,0.113613,1.72701,0.789046,0.416308,3,0.0356131
2044,2,0.622472,0.283364,0.125818,1.43629,0.665302,0.316892,3,0.0387376
2045,2,0.622472,0.273853,0.108482,1.74784,0.771354,0.35568,4,0.0370235
2046,2,0.627769,0.290481,0.113716,1.74784,0.836581,0.373142,3,0.0397489
2047,2,0.627769,0.295762,0.125698,1.48066,0.736417,0.294285,4,0.0430753
2048,2,0.576985,0.276022,0.118806,1.35523,0.653126,0.27641,3,0.0375127
2049,2,0.988947,0.32841,0.147625,1.43287,0.841395,0.274805,4,0.0577869
2050,2,0.650521,0.307311,0.129271,1.3589,0.647698,0.293875,5,0.0474809
2051,2,0.616684,0.296446,0.128134,1.40457,0.640955,0.331717,4,0.0458934
2052,2,0.649993,0.299991,0.133823,1.5322,0.735735,0.396541,4,0.048817
2053,2,0.649993,0.306471,0.141029,1.5322,0.716555,0.361632,5,0.0514959
2054,2,0.677356,0.290271,0.126871,1.62841,0.748623,0.350734,4,0.0365791
2055,2,0.722939,0.287052,0.13357,1.62841,0.775304,0.362805,3,0.0425627
2056,2,0.722939,0.300305,0.139052,1.36039,0.73658,0.302747,5,0.0475002
2057,2,0.713939,0.301413,0.134647,1.36039,0.670848,0.269464,4,0.0421147
2058,5,0.0473441,0.0118194,0.00769376,0.109135,0.0529918,0.0219686,0,0.00206877
2059,5,0.0222544,0.0111661,0.00492875,0.0763267,0.0321246,0.0157493,0,0.00156538
2060,5,0.0198918,0.00909347,0.00452724,0.0445184,0.0182224,0.0110717,0,0.00169052
2061,5,0.0220483,0.00643367,0.00328884,0.0412906,0.012233,0.00722089,0,0.00199582
2062,5,0.0220483,0.00679307,0.00354035,0.0314686,0.0123273,0.00589151,0,0.00187888
2063,5,0.0149681,0.0070071,0.00289359,0.0234076,0.0112978,0.00511072,0,0.00158209
2064,5,0.0167966,0.00778825,0.00304787,0.0405817,0.0142994,0.00790244,0,0.00167945
2065,5,0.017093,0.00795964,0.00352862,0.0405817,0.0163434,0.00748564,0,0.00202877
2066,5,0.017093,0.00698056,0.00346265,0.0311863,0.0135703,0.0060445,0,0.00232924
2067,5,0.0157905,0.00609676,0.00326653,0.0303657,0.013182,0.00615717,0,0.00230598
2068,5,0.0231697,0.00687291,0.00379418,0.0431561,0.0155594,0.00808011,0,0.00213908
2069,5,0.0231697,0.00657544,0.00371713,0.0431561,0.0142639,0.00796381,0,0.00187553
2070,5,0.0150159,0.00526925,0.00264154,0.0207234,0.0097815,0.00446218,0,0.0016033
2071,5,0.0188693,0.00617408,0.00346374,0.0408993,0.0129919,0.00825812,0,0.00191434
2072,5,0.14441,0.0399175,0.0350897,0.24277,0.0904576,0.0542442,2,0.00438076
2073,5,0.0259637,0.0137185,0.00686827,0.0730285,0.036395,0.0177181,0,0.00170658
2074,5,0.022487,0.00851575,0.00476221,0.0870696,0.0238555,0.015284,0,0.00219755
2075,5,0.0201127,0.0079388,0.00429307,0.0870696,0.0208476,0.0146043,0,0.0021338
2076,5,0.0256812,0.00724567,0.00364495,0.0326338,0.0151731,0.00694747,0,0.00195747
2077,5,0.0256812,0.00749843,0.00362705,0.0295978,0.0133244,0.00653878,0,0.00196798
2078,5,0.0169181,0.00734468,0.0034022,0.0282813,0.0138552,0.00579212,0,0.00178295
2079,5,0.0222616,0.00758557,0.00416238,0.0613548,0.0204256,0.013487,0,0.00190314
2080,5,0.0234695,0.00884922,0.00491448,0.0613548,0.0231492,0.0138553,0,0.00249532
2081,5,0.0234695,0.0085819,0.004459,0.0447127,0.0158188,0.00931011,0,0.00237813
2082,5,0.0201941,0.00761694,0.00379499,0.029312,0.0119088,0.00657855,0,0.00155497
2083,5,0.0338476,0.0104527,0.00642662,0.0929044,0.0281563,0.0230919,0,0.00293499
2084,4,0.232871,0.0534765,0.0459062,0.209565,0.155227,0.0279828,0,0.00396711
2085,4,0.0585727,0.0215689,0.015368,0.192145,0.102054,0.0395252,1,0.00172266
2086,4,0.0233811,0.010073,0.00488667,0.0920593,0.0477501,0.0245466,0,0.00188416
2087,4,0.0184685,0.00627464,0.00327276,0.0540417,0.0183101,0.0134395,0,0.00211254
2088,4,0.0169807,0.00494332,0.00275743,0.0195321,0.00831713,0.00396577,0,0.00174127
2089,4,0.0422622,0.0135344,0.0115125,0.153114,0.02995,0.0342984,4,0.00424379
2090,4,0.0422622,0.0161602,0.00985888,0.153114,0.0362229,0.0313493,0,0.00419789
2091,4,0.0275658,0.0106271,0.0052236,0.0642289,0.0216773,0.013222,0,0.00285894
2092,4,0.0275658,0.0103306,0.00513702,0.0642289,0.0185407,0.0138027,0,0.00286149
2093,4,0.019316,0.00635515,0.00396132,0.0441007,0.00968373,0.00823674,0,0.00159861
2094,4,0.0465336,0.00898049,0.00830623,0.101594,0.0170711,0.0204333,0,0.00434666
2095,4,0.0465336,0.0120137,0.00758006,0.101594,0.025087,0.0193496,0,0.00461709
2096,4,0.0835729,0.0187453,0.0143845,0.208127,0.0363795,0.0333267,4,0.00613522
2097,4,0.0835729,0.0268626,0.0142254,0.208127,0.0578644,0.0413068,5,0.0065261
2098,4,0.052371,0.0225133,0.0120716,0.177194,0.0470091,0.0382532,0,0.00494157
2099,4,0.242589,0.0643332,0.0553162,0.415177,0.212681,0.0935799,1,0.00663048
2100,4,0.0491038,0.0272153,0.0101762,0.234662,0.0915492,0.0556854,0,0.00360407
2101,4,0.0463856,0.0158251,0.00931648,0.0813729,0.0394811,0.0188104,0,0.00362301
2102,4,0.0232868,0.00832833,0.00420521,0.0510505,0.0254046,0.00790193,0,0.00155962
2103,4,0.0146143,0.00665568,0.00292737,0.0287273,0.0199937,0.00406507,0,0.00138562
2104,4,0.0776445,0.0132836,0.0132072,0.0827875,0.0258179,0.0151965,3,0.0055292
2105,4,0.0776445,0.0235496,0.0141194,0.0923787,0.0365053,0.0191031,3,0.0059277
2106,4,0.0543032,0.0221966,0.0117242,0.0923787,0.0300191,0.0187258,3,0.0040489
2107,4,0.0426986,0.0165501,0.0107751,0.127845,0.0209706,0.0192271,0,0.00483684
2108,4,0.0530513,0.0198191,0.0121053,0.130732,0.0312313,0.0248961,0,0.00580094
2109,4,0.0616004,0.0227881,0.0128019,0.130732,0.0452011,0.0288991,0,0.00687739
2110,4,0.0616004,0.0211432,0.0121756,0.115777,0.0440612,0.0286907,3,0.00621754
2111,6,0.212367,0.0476203,0.0328086,0.881924,0.287612,0.13097,3,0.0230961
2112,6,0.072164,0.0241903,0.0165727,0.41749,0.134354,0.0766009,3,0.00910826
2113,6,0.0549533,0.0112,0.00972666,0.194389,0.0500113,0.0470497,0,0.0033812
2114,6,0.016507,0.0064609,0.00287779,0.0419617,0.0171826,0.00994502,0,0.00171951
2115,6,0.0186517,0.00679545,0.0031563,0.0372644,0.0177213,0.00783343,0,0.00186947
2116,6,0.0186517,0.00660748,0.00337315,0.0360003,0.0161658,0.00560749,0,0.00170177
2117,6,0.0307529,0.00741774,0.00482645,0.0902487,0.01782,0.0116644,0,0.0025602
2118,6,0.0307529,0.00751458,0.00471526,0.0902487,0.0144378,0.0130506,0,0.00284834
2119,6,0.0156951,0.00582371,0.00300061,0.0173175,0.00716601,0.00340124,0,0.00207558
2120,6,0.0249631,0.00711988,0.00446007,0.0461136,0.00893818,0.00691079,0,0.00223376
2121,6,0.0339302,0.0104817,0.00657129,0.0461136,0.0147507,0.0105205,0,0.00268736
2122,6,0.0339302,0.00944303,0.00620543,0.0438519,0.0129251,0.00971595,0,0.00249675
2123,6,0.0816761,0.00952593,0.0107854,0.119959,0.0135333,0.0204165,0,0.00470271
2124,6,0.0816761,0.024099,0.019988,0.119959,0.0305858,0.0283813,4,0.00987811
2125,6,0.0723168,0.033752,0.0159459,0.116625,0.0483793,0.0244462,0,0.00981184
2126,6,0.181315,0.0489053,0.0371648,0.806686,0.359336,0.145832,3,0.0120559
2127,6,0.0487228,0.0193558,0.0100211,0.344015,0.19197,0.0802153,0,0.00328793
2128,6,0.0473179,0.0142853,0.00908833,0.180083,0.0787688,0.0523458,0,0.0029899
2129,6,0.0282783,0.00971976,0.00489324,0.0642713,0.0307676,0.0138561,0,0.00200707
2130,6,0.0282783,0.00912275,0.00513426,0.0598796,0.0255268,0.00973014,0,0.00197979
2131,6,0.0191597,0.00690827,0.00372502,0.030223,0.0186227,0.00718014,0,0.00149924
2132,6,0.0149371,0.00665009,0.00294019,0.0270411,0.0138886,0.0049025,0,0.00171332
2133,6,0.0155562,0.00597696,0.00316987,0.020732,0.0095904,0.00465831,0,0.00186935
2134,6,0.0155562,0.00519597,0.00271047,0.0184528,0.00709908,0.00289714,0,0.00158511
2135,6,0.0122583,0.005355,0.00229638,0.0186579,0.00824398,0.00342776,0,0.00144173
2136,6,0.0139078,0.00525472,0.0023567,0.0186579,0.00801981,0.00348305,0,0.00144377
2137,6,0.0139078,0.00487935,0.00210344,0.0140229,0.00731711,0.00289147,0,0.00121488
2138,1,0.545402,0.248997,0.0926192,1.51868,0.654486,0.271282,4,0.0370797
2139,1,0.545402,0.258904,0.0997427,0.978805,0.552058,0.199743,3,0.0401106
2140,1,0.544374,0.273424,0.102749,1.19392,0.543731,0.220464,5,0.0408403
2141,1,0.684704,0.273437,0.107941,1.19392,0.587113,0.26052,4,0.0558877
2142,1,0.684704,0.258776,0.110128,1.17125,0.580042,0.260886,4,0.0571143
2143,1,0.516599,0.2626,0.0994146,1.15261,0.530586,0.231931,4,0.042214
2144,1,0.51364,0.269006,0.0941456,0.960185,0.544775,0.217705,5,0.0399977
2145,1,0.51364,0.269384,0.096217,1.20619,0.587773,0.24588,3,0.0390872
2146,1,0.495566,0.260222,0.0923669,1.20619,0.58703,0.253154,4,0.0354035
2147,1,0.51036,0.254169,0.0916636,1.01634,0.572302,0.225971,4,0.0358066
2148,1,0.600177,0.272926,0.0999938,0.986914,0.578649,0.232641,4,0.0419576
2149,1,0.600177,0.269155,0.100364,1.15514,0.582977,0.244436,5,0.0391041
2150,1,0.528076,0.257142,0.0982362,1.15514,0.599184,0.238074,4,0.0364689
2151,1,0.528076,0.258347,0.0994158,1.09196,0.61106,0.230535,4,0.0373254
2152,1,0.504337,0.23829,0.103531,1.09196,0.593556,0.225254,3,0.0360988
2153,1,0.468394,0.249584,0.0868206,1.65673,0.805717,0.341755,4,0.0394064
2154,1,0.631987,0.272868,0.107025,1.65673,0.702706,0.327479,3,0.046246
2155,1,0.631987,0.284014,0.115927,1.25202,0.619923,0.255381,3,0.050298
2156,1,0.560545,0.274642,0.10147,1.2402,0.626038,0.256076,4,0.0430893
2157,1,0.66291,0.264401,0.107848,1.2402,0.600466,0.237614,3,0.0421391
2158,1,0.66291,0.256285,0.106741,1.2334,0.562929,0.231204,4,0.0409794
2159,1,0.476141,0.249878,0.091846,1.04073,0.556861,0.257617,5,0.0320721
2160,1,0.51984,0.275333,0.103591,1.1012,0.592194,0.260134,4,0.0360264
2161,1,0.51984,0.285861,0.0989313,1.19797,0.638777,0.260719,5,0.0365114
2162,1,0.512761,0.276593,0.0920796,1.19797,0.619075,0.255313,5,0.0359973
2163,1,0.563596,0.27531,0.103262,1.24236,0.573789,0.235038,4,0.0467031
2164,1,0.563596,0.275451,0.103663,1.24236,0.578358,0.237403,4,0.0476367
2165,1,0.522659,0.269617,0.0899331,1.11561,0.603948,0.248532,4,0.0401866
2166,1,0.514909,0.257158,0.0922187,1.13279,0.590051,0.251081,4,0.0454826
2167,1,0.491612,0.235556,0.0959932,1.13279,0.564795,0.224611,4,0.0420476
2168,3,0.996262,0.351445,0.201344,1.20917,0.585704,0.200667,4,0.0841793
2169,3,0.911579,0.340595,0.185265,1.5564,0.627912,0.280559,4,0.0769329
2170,3,0.857995,0.34436,0.183248,2.0386,0.775015,0.392396,4,0.0796812
2171,3,0.857995,0.36986,0.195812,2.0386,0.715303,0.394629,5,0.0831327
2172,3,1.06862,0.375227,0.21501,1.89431,0.773666,0.396188,4,0.0820337
2173,3,1.06862,0.392919,0.214091,1.89431,0.844593,0.354212,4,0.08332
2174,3,0.919724,0.411904,0.196049,1.43106,0.713145,0.219052,4,0.0871207
2175,3,0.979833,0.394594,0.19902,1.17231,0.643267,0.19505,5,0.0808742
2176,3,0.982109,0.394601,0.193571,1.76938,0.837822,0.3415,4,0.0778608
2177,3,0.979938,0.387608,0.2066,1.48406,0.699071,0.286102,6,0.0897242
2178,3,0.979938,0.381372,0.20393,2.47844,0.999617,0.524003,5,0.0929588
2179,3,0.876487,0.400519,0.198513,2.47844,0.922298,0.544105,5,0.0811674
2180,3,1.41413,0.412912,0.213325,2.06137,0.71091,0.342091,5,0.112105
2181,3,1.41413,0.42036,0.218657,2.06137,0.822365,0.316839,5,0.115682
2182,3,0.977676,0.432982,0.207213,1.68649,0.763239,0.27862,6,0.0835513
2183,3,1.04961,0.405373,0.204073,2.25024,0.819102,0.399428,5,0.0795376
2184,3,0.971362,0.366162,0.186591,1.57045,0.822307,0.279993,4,0.0748094
2185,3,0.876082,0.341365,0.178049,1.19561,0.641025,0.199523,3,0.082629
2186,3,0.927253,0.322125,0.174735,1.89403,0.868873,0.417855,3,0.0846524
2187,3,0.927253,0.32866,0.16669,1.89403,0.931251,0.41351,4,0.0798911
2188,3,1.23239,0.346979,0.183236,1.61228,0.690255,0.314403,4,0.100963
2189,3,1.23239,0.376413,0.201492,1.38636,0.690433,0.307536,4,0.0987018
2190,3,0.935771,0.388045,0.18988,1.56527,0.746675,0.289253,4,0.0782396
2191,3,0.941338,0.387826,0.197526,1.56527,0.694993,0.275591,4,0.0773412
2192,2,0.658449,0.332603,0.132422,1.48683,0.807343,0.25539,5,0.0515224
2193,2,0.632098,0.32781,0.142948,1.33539,0.64605,0.269983,7,0.0528898
2194,2,0.681901,0.31459,0.136621,1.96957,0.57954,0.356461,5,0.0456061
2195,2,0.681901,0.306365,0.135517,1.96957,0.764254,0.462416,4,0.0450303
2196,2,0.613428,0.300277,0.137597,1.47559,0.730336,0.391428,5,0.0443056
2197,2,0.651612,0.302845,0.127898,1.75402,0.671992,0.344807,4,0.0424543
2198,2,0.651612,0.307395,0.129944,1.75402,0.743966,0.342865,4,0.0412741
2199,2,0.625009,0.305139,0.131512,1.34302,0.721892,0.278556,4,0.0428252
2200,2,0.596901,0.296279,0.127783,1.34302,0.622854,0.293017,5,0.0438238
2201,2,0.759046,0.332177,0.142384,1.27846,0.814849,0.252944,4,0.0504169
2202,2,0.803564,0.335748,0.159832,1.26436,0.677029,0.295709,6,0.0553563
2203,2,0.803564,0.322384,0.156207,1.63272,0.62088,0.349923,6,0.0527239
2204,2,0.647167,0.309347,0.138504,1.63272,0.73391,0.410566,4,0.0477049
2205,2,0.647167,0.297605,0.133462,1.46962,0.685565,0.337386,5,0.0427891
2206,2,0.734303,0.284538,0.132054,1.87836,0.774285,0.38007,4,0.0442903
2207,2,0.734303,0.292079,0.131942,1.87836,0.821771,0.395498,4,0.0457215
2208,2,0.703666,0.292175,0.134923,1.29891,0.671349,0.262416,4,0.0454759
2209,2,0.710695,0.301663,0.14924,0.957908,0.590234,0.19108,4,0.0539048
2210,2,0.672921,0.310796,0.131604,1.34567,0.809743,0.223045,4,0.0443051
2211,2,0.674186,0.305657,0.143621,1.34567,0.627684,0.264672,3,0.0427241
2212,2,0.722734,0.30509,0.144649,1.19453,0.493777,0.240565,4,0.0473157
2213,2,0.722734,0.290195,0.113991,1.63258,0.692899,0.447865,4,0.040522
2214,2,0.66227,0.276913,0.113035,1.63258,0.764125,0.415776,3,0.0402643
2215,2,0.789799,0.274437,0.141217,1.94369,0.787963,0.414817,3,0.0537383
2216,2,0.789799,0.282033,0.133108,1.94369,0.769252,0.415049,4,0.0520704
2217,2,0.643064,0.283783,0.124452,1.68937,0.692474,0.323627,4,0.0442769
2218,2,0.681882,0.275454,0.132916,1.68937,0.720428,0.331464,4,0.0456758
2219,2,0.681882,0.280083,0.1353,1.79747,0.659041,0.35189,4,0.0437617
2220,5,0.30898,0.121486,0.076828,0.703298,0.284091,0.137998,2,0.00801581
2221,5,0.0992543,0.0515785,0.0214408,0.400436,0.165182,0.081766,3,0.00574536
2222,5,0.156421,0.0498265,0.0310274,1.38513,0.227735,0.221923,2,0.010356
2223,5,0.156421,0.0368833,0.0311484,1.38513,0.186426,0.236374,1,0.0108723
2224,5,0.0522771,0.024698,0.0102176,0.341365,0.0595143,0.0443081,0,0.00284486
2225,5,0.0522771,0.0253025,0.0110956,0.140397,0.0596608,0.0277022,0,0.00291957
2226,5,0.04591,0.0183901,0.00840159,0.118719,0.047444,0.02903,0,0.00276568
2227,5,0.0292378,0.0149724,0.00578759,0.118719,0.0322358,0.0267673,0,0.00220601
2228,5,0.0220454,0.0105317,0.00527749,0.0762117,0.0232524,0.0155062,0,0.00182311
2229,5,0.0210129,0.00775951,0.00338457,0.0534654,0.0149873,0.00836859,0,0.00157839
2230,5,0.0218001,0.0098194,0.00454816,0.0259189,0.0138016,0.00544146,0,0.00160702
2231,5,0.0218001,0.010602,0.00441061,0.0329325,0.014659,0.00589635,0,0.00153994
2232,5,0.0188647,0.00838435,0.00356783,0.0329325,0.0102218,0.00549668,0,0.00155434
2233,5,0.017981,0.00776782,0.00305655,0.0204384,0.007828,0.00365348,0,0.00169511
2234,5,0.017981,0.0075902,0.00332798,0.0259965,0.00996417,0.00532868,0,0.00162962
2235,5,0.0207954,0.00782395,0.00380029,0.0259965,0.0118729,0.00556169,0,0.00163532
2236,5,0.0207954,0.00784057,0.00380385,0.0241859,0.0106294,0.00503923,0,0.00166054
2237,5,0.172062,0.0737381,0.0561516,0.31126,0.126065,0.0588123,2,0.00359557
2238,5,0.0837825,0.022098,0.014826,0.132635,0.0580169,0.0334139,1,0.0026744
2239,5,0.0351731,0.0143594,0.00830884,0.0617188,0.0281499,0.0112643,0,0.00220884
2240,5,0.0215242,0.00794054,0.00415287,0.0510246,0.0219302,0.0113437,0,0.00163307
2241,5,0.0255503,0.00962896,0.00457672,0.0483624,0.0198541,0.0104172,0,0.00185218
2242,5,0.0255503,0.0103382,0.00441601,0.0459872,0.0155088,0.00909725,0,0.00185492
2243,5,0.0208118,0.00917501,0.00427007,0.0289563,0.0105747,0.00492317,0,0.00156729
2244,5,0.0208118,0.00907082,0.00405361,0.0450577,0.013841,0.00956456,0,0.00157869
2245,5,0.0317205,0.0156846,0.00856126,0.0720966,0.0283611,0.0180061,0,0.00161736
2246,5,0.0317205,0.0156518,0.00899833,0.0720966,0.0276631,0.0168119,0,0.00183549
2247,5,0.0233231,0.00827309,0.0049998,0.040477,0.0180961,0.00694481,0,0.00193288
2248,5,0.0256351,0.0103937,0.00562851,0.040477,0.0203958,0.00769072,0,0.0019501
2249,5,0.0256351,0.0121606,0.00428185,0.0337247,0.0189271,0.00613012,0,0.0015903
2250,4,0.216069,0.0561362,0.0425542,0.382579,0.184611,0.0759576,1,0.00647666
2251,4,0.0689993,0.0226201,0.0180087,0.156465,0.0996518,0.0336203,2,0.00145875
2252,4,0.0390928,0.0156672,0.0078268,0.112142,0.0609022,0.0216479,0,0.0020621
2253,4,0.0390928,0.0165458,0.00818987,0.112142,0.0435064,0.0196268,0,0.00229179
2254,4,0.040732,0.0159504,0.00734777,0.0674131,0.031435,0.0118759,0,0.00295152
2255,4,0.040732,0.0169311,0.00872543,0.0695245,0.0300284,0.0154338,0,0.00321391
2256,4,0.0350036,0.0138222,0.00847247,0.0801073,0.0283791,0.0185646,0,0.00252048
2257,4,0.0369703,0.0125396,0.00716281,0.0801073,0.0249006,0.0149753,0,0.0025407
2258,4,0.0369703,0.0125624,0.0067395,0.0478809,0.0207935,0.0105415,0,0.00280813
2259,4,0.0258829,0.010042,0.00525801,0.0440794,0.0133711,0.00839737,0,0.00252039
2260,4,0.0224272,0.00833853,0.00425534,0.0333732,0.011392,0.00598138,0,0.0020415
2261,4,0.0240481,0.00928095,0.00467812,0.0477959,0.016931,0.00886473,0,0.00210693
2262,4,0.143316,0.0621817,0.0352982,0.6377,0.354233,0.147372,3,0.00488821
2263,4,0.0924722,0.025838,0.0186128,0.302766,0.160195,0.080422,0,0.00360811
2264,4,0.0448849,0.013867,0.00721496,0.139492,0.0585581,0.039633,0,0.00261162
2265,4,0.0295008,0.0125957,0.00513793,0.0520513,0.0292396,0.00917564,0,0.00161186
2266,4,0.0235518,0.00966172,0.0051423,0.0520513,0.0300963,0.007816,0,0.00145505
2267,4,0.0174257,0.00756528,0.00344591,0.048572,0.0261937,0.0087234,0,0.00164704
2268,4,0.0279927,0.0115324,0.00583648,0.048572,0.0201587,0.0101099,0,0.00222338
2269,4,0.0279927,0.0126483,0.00569401,0.0496659,0.0196159,0.0109349,0,0.00224519
2270,4,0.0245165,0.00936091,0.00480305,0.0496659,0.0155668,0.0107692,0,0.00169835
2271,4,0.0207318,0.00893589,0.00390249,0.0372093,0.0122912,0.00667516,0,0.00144626
2272,4,0.0196358,0.00896382,0.00341387,0.0372093,0.0144722,0.00626408,0,0.00153769
2273,4,0.0183494,0.00685827,0.00304703,0.0265642,0.0106765,0.00509278,0,0.00156196
2274,4,0.0125126,0.00565053,0.00208796,0.01578,0.00683701,0.00309637,0,0.0013421
2275,4,0.0302286,0.00807671,0.00655771,0.101483,0.0133905,0.0182807,0,0.0023321
2276,6,0.533802,0.171579,0.15917,0.59106,0.387182,0.0822208,1,0.00773157
2277,6,0.149146,0.0440841,0.0284332,0.442035,0.25115,0.10688,1,0.00603458
2278,6,0.0618898,0.022204,0.0134198,0.281979,0.110667,0.0696327,1,0.00278424
2279,6,0.029678,0.0115973,0.00491757,0.109391,0.0381834,0.023849,0,0.00206352
2280,6,0.0189032,0.00813812,0.004603,0.0420909,0.0223893,0.00714619,0,0.0020776
2281,6,0.024694,0.00860798,0.0057112,0.0739026,0.0236192,0.0108535,0,0.00201004
2282,6,0.024694,0.00929277,0.00542849,0.0739026,0.0221678,0.0125745,0,0.00172422
2283,6,0.0224438,0.0100202,0.00445525,0.050947,0.0177224,0.0113307,0,0.00161727
2284,6,0.0181936,0.00936568,0.00385737,0.050947,0.0135693,0.00838757,0,0.00144777
2285,6,0.017547,0.00845566,0.00308195,0.033049,0.0150753,0.00620288,0,0.00140932
2286,6,0.017547,0.00824915,0.00332006,0.033049,0.0167896,0.00664048,0,0.00142268
2287,6,0.021475,0.00886999,0.00497339,0.0351603,0.0183806,0.00758224,0,0.00157416
2288,6,0.221062,0.0495387,0.0493578,0.640687,0.24928,0.11649,2,0.00807047
2289,6,0.0331762,0.014373,0.00686614,0.278659,0.111369,0.0752257,0,0.00216949
2290,6,0.0331762,0.013288,0.00691316,0.0931193,0.0421714,0.0231627,0,0.00217279
2291,6,0.0214286,0.0100086,0.00437555,0.0674257,0.0257022,0.0143319,0,0.00196045
2292,6,0.0179708,0.00956858,0.00344103,0.0722728,0.0275948,0.0149195,0,0.00184516
2293,6,0.0238942,0.0111355,0.00422344,0.0722728,0.026596,0.0140138,0,0.00191125
2294,6,0.0238942,0.0121451,0.0047694,0.063002,0.0212124,0.0143282,0,0.0016786
2295,6,0.0295669,0.0132858,0.0056961,0.0954765,0.0242748,0.0183576,0,0.00163314
2296,6,0.0345237,0.0145377,0.0072033,0.0954765,0.0275846,0.015401,0,0.00183036
2297,6,0.0345237,0.0137965,0.00665632,0.0546101,0.0259302,0.011836,0,0.00169003
2298,6,0.0427434,0.0192618,0.00927227,0.0546101,0.0305651,0.012624,0,0.00157371
2299,6,0.071838,0.0266693,0.0150215,0.312264,0.0575256,0.0551069,2,0.00425091
2300,6,0.120568,0.0357137,0.0257341,0.471505,0.101098,0.108106,2,0.00512653
2301,1,0.443626,0.245531,0.102698,1.60408,0.780559,0.350524,4,0.0305527
2302,1,0.609413,0.266003,0.114757,1.80153,0.759165,0.379026,5,0.0407467
2303,1,0.609413,0.284757,0.121232,1.90649,0.782932,0.422858,4,0.0481474
2304,1,0.544742,0.292432,0.109415,1.93371,0.776199,0.478107,3,0.0441453
2305,1,0.59264,0.296313,0.101075,1.93371,0.767778,0.471159,2,0.0404101
2306,1,0.59264,0.289542,0.104858,1.97776,0.780251,0.426782,4,0.0414519
2307,1,0.529733,0.282416,0.102389,1.97776,0.788916,0.419731,3,0.0384449
2308,1,0.485987,0.280556,0.101252,2.14648,0.823976,0.436765,4,0.0356816
2309,1,0.48979,0.273617,0.100282,2.14648,0.824,0.425825,4,0.034709
2310,1,0.48979,0.261065,0.0979088,1.84816,0.725013,0.394816,3,0.0332817
2311,1,0.467618,0.252441,0.10086,2.07996,0.753564,0.414379,3,0.0310925
2312,1,0.602962,0.260531,0.115313,2.11154,0.810393,0.444717,4,0.0356532
2313,1,0.602962,0.268883,0.114096,2.11154,0.78882,0.436843,4,0.0388982
2314,1,0.558877,0.26606,0.108368,1.77589,0.7805,0.406511,4,0.0386483
2315,1,0.558877,0.261811,0.106944,1.92785,0.735111,0.406063,4,0.0325908
2316,1,0.460107,0.255752,0.091298,1.92785,0.729907,0.399323,5,0.0273673
2317,1,0.624555,0.309376,0.131587,1.91013,0.947621,0.40362,6,0.0424741
2318,1,0.640634,0.312702,0.128564,1.91013,0.91873,0.431081,5,0.0441859
2319,1,0.657174,0.299626,0.126397,1.95531,0.8622,0.405911,4,0.0458273
2320,1,0.657174,0.300893,0.112065,1.97816,0.838036,0.422098,3,0.0451668
2321,1,0.526717,0.294689,0.110328,1.97816,0.790277,0.413171,4,0.0403545
2322,1,0.533397,0.287856,0.120068,1.91028,0.771915,0.418439,4,0.0405289
2323,1,0.533397,0.285147,0.107356,2.05443,0.764453,0.435137,5,0.0384669
2324,1,0.503042,0.27435,0.0976871,2.05443,0.763517,0.406856,4,0.0376518
2325,1,0.677863,0.276902,0.113837,1.74844,0.794585,0.386038,4,0.0444155
2326,1,0.677863,0.275373,0.118441,1.83933,0.814892,0.408061,4,0.0429413
2327,1,0.592786,0.268796,0.116792,1.83933,0.809568,0.42151,4,0.039074
2328,1,0.592786,0.272035,0.109523,1.85586,0.794013,0.413615,4,0.0384275
2329,1,0.555637,0.287909,0.0988767,1.85586,0.811739,0.408689,4,0.0359139
2330,1,0.555637,0.284904,0.105359,1.82034,0.802207,0.405016,4,0.0386282
2331,3,0.956437,0.331184,0.202403,1.34012,0.695421,0.319968,5,0.0849715
2332,3,1.26133,0.341465,0.212846,2.51925,0.89647,0.429901,5,0.0985409
2333,3,1.43424,0.365789,0.259888,3.08072,1.17416,0.529337,4,0.122748
2334,3,1.43424,0.379113,0.274831,3.08072,1.0467,0.550623,4,0.127328
2335,3,1.31347,0.359431,0.252344,2.21159,1.00204,0.46014,4,0.11014
2336,3,1.15892,0.36725,0.239814,2.21159,1.1457,0.395409,3,0.0913965
2337,3,1.18829,0.36869,0.229708,2.09077,1.00635,0.357142,3,0.0958882
2338,3,1.18829,0.351963,0.221627,1.60363,0.833808,0.325242,4,0.100185
2339,3,1.1498,0.375981,0.238652,1.82553,0.996006,0.328644,5,0.106287
2340,3,1.44133,0.394818,0.264599,2.41249,1.03626,0.488845,5,0.119128
2341,3,1.44133,0.393657,0.267922,2.68991,1.21113,0.563739,4,0.116574
2342,3,1.3113,0.388423,0.23953,2.68991,1.08521,0.482054,4,0.104266
2343,3,1.36876,0.404563,0.23816,2.92939,1.15989,0.502528,4,0.108414
2344,3,1.36876,0.430269,0.245215,2.92939,1.17686,0.500147,5,0.110738
2345,3,1.13421,0.402209,0.227563,2.01624,0.950421,0.339704,5,0.0961757
2346,3,0.93971,0.351173,0.219213,2.01624,0.87377,0.332438,4,0.0936528
2347,3,1.18378,0.411266,0.227665,2.20345,1.069,0.359633,4,0.105659
2348,3,1.10283,0.387172,0.229227,2.14973,1.11327,0.410397,4,0.102913
2349,3,1.37294,0.400251,0.265332,3.72901,1.24445,0.595874,5,0.119178
2350,3,1.37294,0.415099,0.270769,3.72901,1.03438,0.601162,5,0.120154
2351,3,1.08948,0.377976,0.241766,2.50612,1.12033,0.478173,5,0.108302
2352,3,1.55689,0.413517,0.285179,2.50612,1.22267,0.450849,4,0.131715
2353,3,1.55689,0.415063,0.285671,1.99848,1.00855,0.404634,5,0.14503
2354,3,1.2669,0.356589,0.248125,1.69827,0.8816,0.360286,4,0.109912
2355,2,0.847896,0.393109,0.17339,3.01518,1.10204,0.557614,4,0.0527694
2356,2,0.881058,0.38429,0.178842,3.67381,1.11704,0.650793,4,0.0625605
2357,2,0.881058,0.402009,0.174461,3.67381,1.3245,0.767818,5,0.0621632
2358,2,0.816206,0.385044,0.164633,3.26377,1.33071,0.70885,5,0.0483159
2359,2,0.938155,0.374286,0.178717,3.58674,1.21488,0.640808,4,0.055384
2360,2,1.00049,0.393438,0.201352,3.58674,1.22266,0.628619,5,0.0659442
2361,2,1.00049,0.38026,0.191183,3.18689,1.17535,0.589768,5,0.0591426
2362,2,0.842576,0.35897,0.165893,3.38162,1.20937,0.629069,4,0.0525856
2363,2,0.842576,0.356397,0.158972,3.38162,1.12802,0.632045,4,0.0507358
2364,2,0.793559,0.378945,0.175988,3.40229,1.27966,0.569178,5,0.0552312
2365,2,0.793559,0.370354,0.164394,3.43118,1.20706,0.669742,4,0.055392
2366,2,0.999993,0.406587,0.183305,3.43118,1.38692,0.844189,4,0.0643572
2367,2,0.999993,0.407351,0.203325,3.15696,1.40856,0.768798,5,0.066592
2368,2,0.944761,0.381108,0.195521,3.41481,1.19305,0.64615,4,0.0644051
2369,2,0.99561,0.39543,0.197105,3.41481,1.30554,0.660289,5,0.0761523
2370,2,0.99561,0.370876,0.187912,3.24715,1.37438,0.658368,5,0.0707594
2371,2,0.705991,0.349404,0.154644,3.72266,1.33762,0.720255,4,0.0509094
2372,2,0.747598,0.348705,0.163021,3.72266,1.12572,0.611487,4,0.0485443
2373,2,0.92744,0.388238,0.179242,3.34388,1.32288,0.599737,4,0.0628937
2374,2,1.14883,0.412903,0.203844,3.49391,1.2616,0.684619,5,0.0728208
2375,2,1.14883,0.442431,0.212342,3.89206,1.49536,0.820549,4,0.077277
2376,2,1.06957,0.408364,0.203162,3.89206,1.52984,0.813536,4,0.0710225
2377,2,0.877005,0.368671,0.186391,3.25928,1.23479,0.636774,4,0.0636565
2378,2,0.887678,0.389396,0.189576,3.51733,1.30422,0.650983,4,0.0717199
2379,2,0.887678,0.390598,0.186279,3.51733,1.40292,0.652419,4,0.0719123
2380,2,0.742899,0.381993,0.172556,3.20153,1.28551,0.640089,5,0.0584264
2381,2,0.742899,0.341433,0.157956,3.078,1.10021,0.573637,3,0.053092
2382,5,0.117569,0.0514368,0.0294544,0.443974,0.164735,0.094997,2,0.0117614
2383,5,0.117569,0.0657407,0.0246033,0.489303,0.174152,0.126404,3,0.00483187
2384,5,0.110134,0.0417541,0.0291337,0.489303,0.0991006,0.122733,2,0.00293164
2385,5,0.0650633,0.0173522,0.013613,0.0642229,0.0259426,0.0129201,1,0.00167238
2386,5,0.025057,0.0122893,0.00458152,0.0331449,0.0151172,0.00762806,0,0.00150895
2387,5,0.0200148,0.00927474,0.00418569,0.042329,0.0141274,0.00733574,0,0.00155905
2388,5,0.0200148,0.00783103,0.00370682,0.0477898,0.0195592,0.0100474,0,0.00236678
2389,5,0.0191101,0.0101752,0.0045223,0.0499969,0.0201702,0.0103658,0,0.00233612
2390,5,0.0393798,0.0177112,0.00879763,0.111714,0.0364618,0.0279271,0,0.00404262
2391,5,0.0441671,0.0222708,0.0100636,0.132551,0.0608024,0.0282021,0,0.00434703
2392,5,0.0576764,0.0233859,0.0124837,0.132551,0.0573709,0.0295258,3,0.00372245
2393,5,0.0576764,0.020593,0.0116189,0.112546,0.045713,0.0235808,1,0.00281265
2394,5,0.0288349,0.0128897,0.00620262,0.0850665,0.033485,0.0177194,0,0.00190845
2395,5,0.0219008,0.00862499,0.00370152,0.0553398,0.0190508,0.0115147,0,0.00144501
2396,5,0.0201327,0.00779846,0.00335108,0.0308101,0.0141395,0.00693731,0,0.00155702
2397,5,0.244763,0.0783917,0.0676195,0.274215,0.116705,0.0636544,1,0.00356766
2398,5,0.0535865,0.0270733,0.0126514,0.128612,0.0642015,0.0254139,3,0.00267424
2399,5,0.0873955,0.0316539,0.020212,0.226811,0.0914975,0.0585995,3,0.00589944
2400,5,0.0873955,0.0371079,0.0179721,0.226811,0.106812,0.0569064,4,0.00611231
2401,5,0.0720574,0.0304897,0.0145592,0.194735,0.0964286,0.0458705,4,0.00465967
2402,5,0.0720574,0.0265764,0.0133958,0.194735,0.0765528,0.0490696,2,0.00447673
2403,5,0.102456,0.0316337,0.0187856,0.209885,0.0720536,0.0527949,2,0.00761159
2404,5,0.102456,0.0364385,0.0175763,0.226472,0.0987473,0.0533972,3,0.00782609
2405,5,0.0707919,0.0211249,0.0134046,0.226472,0.0673301,0.0503128,1,0.00524577
2406,5,0.0276108,0.00996452,0.00520675,0.0907149,0.0305532,0.0197854,0,0.001762
2407,5,0.0860895,0.0201805,0.0179474,0.193829,0.0536543,0.0452502,3,0.00677925
2408,5,0.112452,0.0348521,0.0203488,0.284111,0.101277,0.0635785,4,0.00920274
2409,5,0.112452,0.0284522,0.0199239,0.284111,0.0854626,0.0654929,3,0.00874867
2410,5,0.0494374,0.0163824,0.0111874,0.144579,0.0428416,0.0300276,3,0.00277536
2411,5,0.0338174,0.010929,0.00735693,0.0869341,0.0293685,0.0210093,0,0.00208775
2412,4,0.681614,0.222716,0.217017,0.408463,0.175514,0.0833487,1,0.00890919
2413,4,0.152656,0.0303477,0.0213278,0.408463,0.17663,0.0590571,2,0.00586261
2414,4,0.0298053,0.0119182,0.00620098,0.215301,0.122206,0.0430767,0,0.0017587
2415,4,0.0224554,0.00868237,0.00477341,0.121628,0.0597017,0.0327018,0,0.00226108
2416,4,0.0230702,0.00839152,0.00494824,0.0457572,0.0247305,0.0112373,0,0.00249834
2417,4,0.0230702,0.00706467,0.00426796,0.0400912,0.015215,0.00746644,0,0.00192943
2418,4,0.0140793,0.00541434,0.00256745,0.0285856,0.0118145,0.00479558,0,0.00163368
2419,4,0.0129734,0.00553282,0.0025187,0.0245383,0.0110315,0.0045521,0,0.00139576
2420,4,0.0129734,0.00571586,0.00258078,0.0245383,0.01009,0.00464409,0,0.00143245
2421,4,0.0136824,0.0058154,0.0027481,0.0201022,0.00822053,0.00427069,0,0.00166831
2422,4,0.0317049,0.00949075,0.00603955,0.055773,0.0153309,0.011892,0,0.00258351
2423,4,0.056551,0.0162182,0.0105907,0.105394,0.0310192,0.0225145,0,0.00446549
2424,4,0.0766544,0.0218189,0.0141141,0.138556,0.0429868,0.030587,3,0.00683906
2425,4,0.0766544,0.0181549,0.0136299,0.138556,0.0349062,0.0283683,3,0.00675393
2426,4,0.24816,0.0853394,0.0551291,0.593374,0.382629,0.16299,3,0.00844469
2427,4,0.24816,0.0790349,0.0508853,0.593374,0.217462,0.141796,3,0.00862561
2428,4,0.153228,0.0570179,0.037513,0.261331,0.100552,0.0655824,2,0.00598885
2429,4,0.0531515,0.0266446,0.0128098,0.161434,0.0417312,0.0304251,4,0.00350647
2430,4,0.0450543,0.0186946,0.00918612,0.0833649,0.0324732,0.0129889,0,0.00287716
2431,4,0.0411388,0.017529,0.00752486,0.0903953,0.0322434,0.016848,0,0.00273648
2432,4,0.0352266,0.0151278,0.00708527,0.110354,0.0324644,0.0207465,0,0.00288049
2433,4,0.183344,0.0402466,0.0373381,0.346035,0.074585,0.0711884,3,0.0089386
2434,4,0.183344,0.0557828,0.0298225,0.346035,0.0975262,0.0648824,2,0.0101447
2435,4,0.0893813,0.0323763,0.0187484,0.161435,0.0594922,0.0392278,4,0.00692116
2436,4,0.0482507,0.0143111,0.0117811,0.101599,0.0280112,0.0247662,1,0.00210766
2437,4,0.021709,0.00789586,0.00396992,0.0281773,0.0140824,0.0065195,0,0.00164002
2438,4,0.021709,0.00700817,0.00431607,0.0278298,0.0106601,0.00595224,0,0.00147617
2439,4,0.0226741,0.00703454,0.00413273,0.0304688,0.00788952,0.00511129,0,0.00206194
2440,6,1.14795,0.340233,0.340391,1.45395,0.568638,0.233277,1,0.0219997
2441,6,0.185829,0.0528542,0.0336932,0.647253,0.348242,0.119475,1,0.00476933
2442,6,0.0817599,0.0250025,0.021005,0.393103,0.178617,0.0830058,1,0.00190629
2443,6,0.0425061,0.0169246,0.00835725,0.156155,0.0802633,0.0408286,0,0.00179638
2444,6,0.0425061,0.0155303,0.00883774,0.136874,0.0379988,0.028335,0,0.00178109
2445,6,0.0226489,0.0110308,0.0050573,0.0945945,0.0318971,0.014299,0,0.0016862
2446,6,0.0226489,0.00996885,0.00534766,0.0945945,0.0325644,0.0154352,0,0.00172504
2447,6,0.0482124,0.0189809,0.01382,0.125624,0.0425665,0.0272321,1,0.00169636
2448,6,0.0482124,0.0291274,0.0111125,0.125624,0.0434514,0.0285236,2,0.0018807
2449,6,0.0430338,0.0222674,0.010879,0.066383,0.0260611,0.0155427,2,0.00170802
2450,6,0.026277,0.01189,0.00620139,0.0516301,0.0192279,0.0113471,0,0.00137553
2451,6,1.10317,0.399058,0.37002,1.04401,0.524936,0.168822,3,0.0187804
2452,6,0.259028,0.0609891,0.0436732,0.633136,0.347643,0.107283,1,0.00647651
2453,6,0.0882384,0.0260492,0.0199722,0.456348,0.197173,0.0980146,2,0.0032264
2454,6,0.0421172,0.016505,0.00824068,0.211373,0.0888444,0.0450435,0,0.00277106
2455,6,0.113805,0.0163489,0.0146889,0.51128,0.056863,0.06954,2,0.00692923
2456,6,0.113805,0.022315,0.0188704,0.51128,0.0623872,0.0712084,3,0.00777816
2457,6,0.0754652,0.0318724,0.0141158,0.369232,0.0890563,0.0549462,3,0.00552206
2458,6,0.0754652,0.0284478,0.0143117,0.369232,0.0874131,0.0630389,3,0.00634061
2459,6,0.0647454,0.0183287,0.0123331,0.264494,0.0501989,0.0439706,2,0.00572814
2460,6,0.087051,0.0152276,0.0123982,0.371727,0.0484938,0.0535257,2,0.00595908
2461,6,0.087051,0.0164369,0.0130495,0.371727,0.0454321,0.0551542,2,0.0062611
2462,6,0.053252,0.0166518,0.00788698,0.0738671,0.0295749,0.0182922,0,0.00302737
2463,6,0.0557196,0.0227925,0.011117,0.188263,0.0539721,0.0363218,0,0.00418649
2464,6,0.0557196,0.0235645,0.0132334,0.188263,0.0575838,0.0417901,3,0.00440677
2465,6,0.0628232,0.0177385,0.013433,0.357952,0.0498409,0.0615048,2,0.00420872
2466,1,0.681167,0.314547,0.130812,2.02742,1.0236,0.413873,4,0.0391038
2467,1,0.618201,0.327175,0.122534,1.98674,0.881787,0.431694,4,0.0383977
2468,1,0.669019,0.324711,0.134547,2.139,0.831193,0.445072,5,0.0435598
2469,1,0.669019,0.322798,0.14218,2.139,0.85946,0.45649,5,0.0515975
2470,1,0.659096,0.313128,0.138439,2.03792,0.88608,0.457011,4,0.0473945
2471,1,0.662445,0.300975,0.140614,2.16631,0.918334,0.484372,4,0.0427494
2472,1,0.662445,0.300935,0.142151,2.16631,0.930981,0.463703,4,0.0483646
2473,1,0.635696,0.309229,0.132271,1.96273,0.872845,0.424285,5,0.0483955
2474,1,0.588311,0.308819,0.121047,1.96273,0.822005,0.42174,4,0.0441132
2475,1,0.588311,0.308736,0.110922,1.92748,0.830598,0.422976,4,0.0376485
2476,1,0.655481,0.318291,0.1242,2.11326,0.843415,0.464446,5,0.044788
2477,1,0.655481,0.310764,0.129053,2.11326,0.851757,0.458065,4,0.0463581
2478,1,0.598772,0.301644,0.119958,1.89533,0.87828,0.442815,4,0.0395329
2479,1,0.598772,0.29046,0.112839,1.90015,0.853617,0.436885,4,0.0373534
2480,1,0.525944,0.269911,0.0994301,2.06228,0.808383,0.41357,4,0.0376784
2481,1,0.655044,0.306869,0.130558,1.97359,1.0131,0.41049,4,0.0401211
2482,1,0.655044,0.319427,0.132599,1.97359,0.931503,0.423259,4,0.0427776
2483,1,0.624214,0.330099,0.131347,1.86138,0.886082,0.395955,4,0.0473244
2484,1,0.624214,0.327369,0.122717,2.01177,0.853447,0.42064,4,0.0450872
2485,1,0.711608,0.329493,0.130511,2.49848,0.886383,0.46715,4,0.0438838
2486,1,0.711608,0.338515,0.136293,2.49848,0.872548,0.489258,5,0.0454461
2487,1,0.616835,0.319515,0.131263,2.09169,0.842101,0.478013,4,0.0510543
2488,1,0.604905,0.294493,0.122372,2.01817,0.884778,0.455644,4,0.0489651
2489,1,0.587022,0.306092,0.122493,2.01817,0.889495,0.4266,4,0.0416619
2490,1,0.589002,0.320071,0.130595,2.0268,0.860102,0.423234,4,0.046499
2491,1,0.649394,0.313091,0.12856,2.0268,0.848972,0.419149,4,0.0527012
2492,1,0.675216,0.323501,0.14466,1.93181,0.870538,0.422017,4,0.0586632
2493,1,0.675216,0.323896,0.144817,1.93181,0.895842,0.448947,4,0.0528243
2494,1,0.571411,0.307769,0.121368,1.90187,0.893703,0.451532,5,0.0420833
2495,3,1.1673,0.396182,0.245942,1.8612,0.812422,0.417911,4,0.104475
2496,3,1.1673,0.397256,0.254395,3.42272,1.19532,0.576624,4,0.105984
2497,3,1.49116,0.40268,0.271289,3.42272,1.38324,0.558995,5,0.116402
2498,3,1.49116,0.411279,0.262835,3.01571,1.08415,0.526213,4,0.108375
2499,3,1.47954,0.419712,0.263709,3.15015,1.25619,0.582096,4,0.110552
2500,3,1.47954,0.430878,0.279004,3.15015,1.28715,0.54783,5,0.131053
2501,3,1.43796,0.402252,0.250783,2.19302,0.970088,0.444858,4,0.123863
2502,3,1.21031,0.414788,0.234405,2.24091,1.12565,0.416085,6,0.108607
2503,3,1.28033,0.416271,0.260208,2.32832,1.198,0.513579,5,0.121152
2504,3,1.6401,0.452888,0.313964,4.33691,1.4418,0.721614,4,0.140984
2505,3,1.6401,0.494593,0.321547,4.33691,1.36172,0.740029,5,0.153811
2506,3,1.43741,0.450126,0.28689,2.56803,1.31695,0.507904,4,0.138343
2507,3,1.32277,0.438879,0.27806,2.56803,1.2305,0.478407,4,0.130588
2508,3,1.37721,0.4308,0.271081,2.09158,1.07986,0.438894,5,0.131695
2509,3,1.35095,0.461528,0.301562,2.5321,1.19618,0.518947,5,0.140584
2510,3,1.56493,0.476067,0.328659,3.22758,1.37238,0.667947,5,0.166286
2511,3,1.60603,0.476816,0.340384,4.41216,1.54005,0.788851,4,0.161187
2512,3,1.60603,0.459954,0.311407,4.41216,1.19552,0.760148,5,0.147281
2513,3,1.62447,0.448099,0.315457,3.26067,1.31084,0.627821,4,0.151111
2514,3,1.62447,0.473272,0.33793,3.26067,1.42407,0.603041,5,0.158275
2515,3,1.49635,0.431672,0.298968,2.7213,1.11412,0.502608,5,0.149084
2516,2,0.882078,0.418465,0.188677,3.47349,1.32322,0.687869,4,0.0550491
2517,2,0.996562,0.440364,0.193855,3.47349,1.34372,0.72709,5,0.069104
2518,2,1.09029,0.459364,0.209818,3.87518,1.53231,0.773225,4,0.0783933
2519,2,1.09029,0.425102,0.197238,3.87518,1.49561,0.729678,3,0.0753565
2520,2,1.05356,0.4028,0.19544,3.82528,1.28725,0.682451,4,0.0705296
2521,2,0.945587,0.425158,0.203542,3.82528,1.30372,0.682167,5,0.0592131
2522,2,0.828925,0.391703,0.181962,4.00027,1.40389,0.751017,5,0.046573
2523,2,0.805356,0.34897,0.161731,4.00027,1.39166,0.801003,4,0.0562466
2524,2,0.810243,0.348217,0.179166,3.50659,1.12282,0.625842,4,0.0628291
2525,2,0.832393,0.328775,0.176988,3.68908,1.22962,0.528763,3,0.0497785
2526,2,0.832393,0.422441,0.192988,3.68908,1.35709,0.690724,4,0.0622979
2527,2,0.828504,0.385906,0.1884,3.60519,1.35698,0.743217,3,0.0590972
2528,2,0.822625,0.396986,0.180381,3.85443,1.54853,0.843767,4,0.0559094
2529,2,0.829248,0.417318,0.172164,3.85443,1.49725,0.84058,5,0.0624883
2530,2,0.957972,0.403615,0.178563,3.76116,1.27407,0.65048,4,0.0630082
2531,2,0.957972,0.465338,0.188279,5.65784,1.42388,0.874756,5,0.0853351
2532,2,1.05092,0.454197,0.205253,5.65784,1.56185,0.938636,4,0.0859725
2533,2,1.05092,0.397886,0.193136,3.88931,1.36672,0.764772,4,0.0528307
2534,2,0.698477,0.365315,0.167612,3.71532,1.31338,0.669792,5,0.0577415
2535,2,0.953035,0.435197,0.193396,4.33236,1.49421,0.760547,4,0.0624669
2536,2,0.87643,0.418982,0.183877,4.21101,1.44133,0.740309,4,0.0690781
2537,2,0.87643,0.409213,0.180024,3.85292,1.41792,0.638805,5,0.0626311
2538,2,0.865997,0.390134,0.174706,3.15817,1.34439,0.604892,5,0.0538979
2539,2,1.00915,0.383349,0.162218,3.76302,1.33284,0.717207,4,0.0656863
2540,2,1.00915,0.390698,0.167063,3.76302,1.34688,0.723712,4,0.062405
2541,2,0.68779,0.365107,0.159825,3.72314,1.29136,0.677609,4,0.0451773
2542,2,0.821354,0.355588,0.164981,3.72314,1.27622,0.6773,4,0.0500882
2543,5,0.108586,0.0225836,0.0166739,0.8083,0.128468,0.133022,2,0.00957675
2544,5,0.0264806,0.0102715,0.00564231,0.116702,0.0413525,0.0246555,0,0.00197511
2545,5,0.0210129,0.00671514,0.00354147,0.0443661,0.02433,0.00800809,0,0.00174651
2546,5,0.0167582,0.00681671,0.00357979,0.0432338,0.0226097,0.00815389,0,0.00179088
2547,5,0.0233394,0.00858107,0.00433281,0.0714876,0.0240497,0.0136217,0,0.00187808
2548,5,0.0517876,0.0142749,0.00977008,0.0941157,0.0301444,0.020898,0,0.00258501
2549,5,0.0517876,0.0147086,0.0097658,0.0941157,0.0256298,0.0202474,0,0.0025627
2550,5,0.0235875,0.0100417,0.00504648,0.0577344,0.0140653,0.0109254,0,0.00159578
2551,5,0.0204749,0.00848624,0.00421396,0.0379123,0.0100986,0.00565467,0,0.00167753
2552,5,0.0205013,0.00727957,0.00364747,0.0542804,0.0146772,0.0086366,0,0.00202915
2553,5,0.0205013,0.0080871,0.00384419,0.0542804,0.0188078,0.00942217,0,0.00204705
2554,5,0.0204888,0.00838943,0.00366675,0.0396829,0.0158836,0.00802903,0,0.00168197
2555,5,0.0204888,0.00834621,0.00379404,0.0225923,0.0103709,0.0045918,0,0.00171055
2556,5,0.263979,0.0911744,0.0773018,0.328119,0.137954,0.0590843,2,0.00338685
2557,5,0.0451788,0.0212635,0.0127329,0.134324,0.0654287,0.0337377,4,0.00189039
2558,5,0.0292051,0.00985533,0.00448804,0.0879573,0.026685,0.0145884,0,0.00129002
2559,5,0.0347522,0.00969701,0.0051982,0.124523,0.0247787,0.0228779,0,0.0025812
2560,5,0.0948189,0.0237772,0.0239033,0.249135,0.0765302,0.076233,1,0.00335938
2561,5,0.0969186,0.0404262,0.0231042,0.254632,0.131123,0.074663,1,0.00364327
2562,5,0.0969186,0.0343598,0.0169832,0.254632,0.102925,0.0645576,2,0.00368277
2563,5,0.0484153,0.0189201,0.0102357,0.134843,0.0558427,0.0317551,0,0.00270661
2564,5,0.0401483,0.0149348,0.00762783,0.102036,0.0424287,0.022405,0,0.00223934
2565,5,0.0401483,0.0164671,0.00679293,0.0755036,0.034002,0.01491,0,0.00221587
2566,5,0.03024,0.0136122,0.00547328,0.049701,0.020574,0.0133734,0,0.00197068
2567,5,0.0220299,0.00900836,0.00476908,0.02268,0.0103756,0.00444472,0,0.00177044
2568,5,0.0158059,0.00614091,0.00309396,0.0169516,0.00913573,0.00315215,0,0.00147441
2569,5,0.0327753,0.00975641,0.00808876,0.243448,0.0522808,0.0747778,0,0.00176164
2570,4,0.819312,0.213755,0.218526,0.382869,0.200747,0.0493425,1,0.00977842
2571,4,0.0863438,0.0412641,0.0264011,0.230205,0.164024,0.0367034,3,0.00206646
2572,4,0.0473178,0.0144872,0.00860193,0.163514,0.0994172,0.0379544,0,0.00167845
2573,4,0.0195871,0.00933536,0.00421851,0.102659,0.0432331,0.0267693,0,0.00156622
2574,4,0.0175698,0.00605127,0.00287787,0.053915,0.0140855,0.0112444,0,0.0018162
2575,4,0.0175698,0.0065743,0.00326969,0.0328729,0.0110054,0.00739773,0,0.00179763
2576,4,0.0159793,0.00721777,0.00292098,0.0328729,0.0125299,0.00666919,0,0.00180873
2577,4,0.0159793,0.00576142,0.00300329,0.0206435,0.00847378,0.00439588,0,0.00170834
2578,4,0.0139867,0.00484646,0.00280014,0.0206435,0.00657481,0.00380989,0,0.00152783
2579,4,0.0173659,0.00563459,0.00330847,0.0524722,0.0107288,0.00989583,0,0.00156371
2580,4,0.0343671,0.0114782,0.00810805,0.0609871,0.0217975,0.0152658,0,0.00219369
2581,4,0.0343671,0.0122599,0.00791149,0.0609871,0.0237754,0.0137418,0,0.00290913
2582,4,0.253391,0.0777354,0.0505464,0.408807,0.294906,0.0698174,0,0.00401104
2583,4,0.103509,0.0407335,0.0240092,0.346658,0.163533,0.0905476,1,0.00234712
2584,4,0.0438493,0.0207124,0.0114796,0.135732,0.051832,0.0416568,2,0.00187056
2585,4,0.0483398,0.0162142,0.00962945,0.162751,0.035133,0.0274356,0,0.0027468
2586,4,0.0483398,0.0220167,0.0097099,0.162751,0.0457129,0.025573,0,0.00315037
2587,4,0.0372497,0.017094,0.00953973,0.0805453,0.0349531,0.0156983,0,0.00325842
2588,4,0.0316638,0.00989441,0.00598994,0.0553602,0.0216435,0.0125657,0,0.00275881
2589,4,0.0198092,0.00712955,0.00337298,0.0332128,0.0102536,0.00532887,0,0.00157985
2590,4,0.0181791,0.00666623,0.00348063,0.0347002,0.0121885,0.00783661,0,0.00158536
2591,4,0.0204938,0.006677,0.00386358,0.0347002,0.0121908,0.00806507,0,0.00188296
2592,4,0.0204938,0.00559024,0.00324549,0.0250866,0.00911232,0.00533231,0,0.00173701
2593,4,0.0119332,0.00522524,0.00261247,0.0250866,0.0100661,0.00581271,0,0.00148137
2594,4,0.0130881,0.00568728,0.00275137,0.023928,0.0086329,0.00563736,0,0.00149649
2595,4,0.0232841,0.00735264,0.00419801,0.0916499,0.0147481,0.0148324,0,0.00172663
2596,4,0.0353522,0.00959685,0.00564123,0.139885,0.0306194,0.0362271,0,0.00249953
2597,6,0.281114,0.107663,0.0679899,1.33246,0.417769,0.2515,1,0.0133455
2598,6,0.162775,0.0420262,0.0412464,0.440516,0.188316,0.098297,2,0.00787856
2599,6,0.0237205,0.00993644,0.00452946,0.173555,0.0685207,0.0496148,0,0.00151196
2600,6,0.0134563,0.00632313,0.00263041,0.0528472,0.0204146,0.0123544,0,0.00155379
2601,6,0.0134563,0.0053111,0.00241561,0.0288863,0.0171299,0.00508638,0,0.00169525
2602,6,0.0108704,0.00467478,0.00220932,0.0288863,0.0174644,0.00420322,0,0.00155408
2603,6,0.0437486,0.00921388,0.00862461,0.260113,0.0330635,0.0387726,0,0.00465123
2604,6,0.0437486,0.0118861,0.0078157,0.260113,0.034726,0.038437,0,0.00461483
2605,6,0.0255142,0.00734721,0.00410457,0.0433596,0.0128596,0.00855048,0,0.00187564
2606,6,0.0144693,0.00555421,0.00269164,0.0176551,0.00796136,0.00342612,0,0.00156235
2607,6,0.0144693,0.00582731,0.00276247,0.0176551,0.00827285,0.00336477,0,0.00161499
2608,6,0.0120008,0.0052779,0.00265136,0.0159754,0.00703119,0.00330672,0,0.00141432
2609,6,0.0122992,0.0052759,0.00253147,0.0221939,0.00733121,0.00412904,0,0.00141233
2610,6,0.17102,0.0804464,0.0399637,0.475587,0.180843,0.0965437,2,0.00668501
2611,6,0.296436,0.0829515,0.0545022,1.21656,0.244697,0.301058,1,0.00949341
2612,6,0.390634,0.118409,0.092748,1.21656,0.323065,0.311964,2,0.0112549
2613,6,0.390634,0.103413,0.0887034,0.672148,0.19502,0.185859,1,0.00972091
2614,6,0.0731585,0.0285688,0.0195186,0.215113,0.0715682,0.0431164,2,0.00392918
2615,6,0.0337211,0.00957796,0.00598495,0.176401,0.0391224,0.0257568,0,0.00207463
2616,6,0.0237658,0.00828596,0.00465867,0.176401,0.0260445,0.026236,0,0.00193173
2617,6,0.0208456,0.00815119,0.00439097,0.0953658,0.0218594,0.016133,0,0.00171204
2618,6,0.128444,0.0163194,0.0212112,0.854555,0.0589479,0.104399,2,0.0101959
2619,6,0.128444,0.0213254,0.0203227,0.854555,0.0734189,0.103561,2,0.0102414
2620,6,0.0423954,0.0121086,0.0086333,0.178079,0.0419675,0.0298886,0,0.00241765
2621,6,0.0304082,0.00931959,0.00545502,0.0587348,0.0256054,0.0115301,0,0.00214547
2622,6,0.0304082,0.0109909,0.00473223,0.0576322,0.0167054,0.00849241,0,0.00247978
2623,6,0.0228512,0.00947189,0.00383715,0.0658629,0.0194297,0.0143961,0,0.00215745
2624,6,0.0175167,0.00853791,0.00335162,0.0658629,0.0234894,0.0148757,0,0.00139634
2625,6,0.0175167,0.0086012,0.0035825,0.0687012,0.0222558,0.0122384,0,0.0014282
2626,6,0.0173517,0.00788807,0.00357798,0.092545,0.0205121,0.0156948,0,0.00193385
2627,6,0.047615,0.0125214,0.00889658,0.114303,0.032391,0.0276157,0,0.00256672
2628,6,0.047615,0.0122197,0.0090387,0.114303,0.0333733,0.0265526,0,0.00247688
2629,6,0.0172283,0.00640943,0.00348886,0.0732246,0.0165492,0.011987,0,0.00204067
2630,6,0.0153047,0.00582157,0.00293317,0.0317523,0.0119997,0.00546291,0,0.00195175
2631,1,0.659517,0.243611,0.104577,1.44556,0.637354,0.270846,4,0.0459053
2632,1,0.592852,0.26784,0.112464,1.44556,0.677987,0.265884,5,0.0481608
2633,1,0.657527,0.283042,0.122928,1.32931,0.70782,0.264794,5,0.0578474
2634,1,0.676703,0.279512,0.12544,1.32931,0.729757,0.273235,5,0.0606487
2635,1,0.701245,0.283398,0.123127,1.25614,0.698057,0.259517,3,0.0569928
2636,1,0.737202,0.291453,0.127426,1.18293,0.668056,0.238336,4,0.0609366
2637,1,0.737202,0.284571,0.124029,1.46395,0.671524,0.255402,3,0.0621643
2638,1,0.633439,0.271613,0.106911,1.46395,0.659526,0.256145,4,0.0528613
2639,1,0.535389,0.248519,0.0938056,1.29763,0.642039,0.231272,3,0.0440289
2640,1,0.558656,0.240056,0.0947705,1.19598,0.654646,0.235587,3,0.0446241
2641,1,0.650854,0.268626,0.113549,1.35686,0.677627,0.268716,4,0.0496227
2642,1,0.669694,0.294573,0.120507,1.5606,0.751675,0.283714,4,0.0492236
2643,1,0.669694,0.282083,0.116247,1.5606,0.741197,0.279789,4,0.0492885
2644,1,0.638305,0.251865,0.108255,1.32916,0.666883,0.271956,3,0.0441095
2645,1,0.535864,0.243801,0.0957122,1.27747,0.626376,0.286207,4,0.0428128
2646,1,0.586925,0.26576,0.103625,1.31477,0.621297,0.289489,4,0.0444459
2647,1,0.608905,0.274269,0.108502,1.31477,0.635324,0.275709,4,0.0468581
2648,1,0.608905,0.267163,0.108274,1.30166,0.597757,0.275345,5,0.0496012
2649,1,0.578725,0.261515,0.109874,1.20238,0.587641,0.273619,4,0.0460872
2650,1,0.589663,0.26015,0.108272,1.20872,0.616431,0.250188,4,0.0477643
2651,1,0.589663,0.247666,0.105875,1.34095,0.601451,0.243157,4,0.0489424
2652,1,0.671839,0.247736,0.108716,1.34095,0.612984,0.239903,4,0.0512508
2653,1,0.671839,0.271795,0.104616,1.3604,0.637519,0.256956,3,0.0483024
2654,1,0.707816,0.279577,0.107216,1.4121,0.653403,0.30742,5,0.0491834
2655,1,0.707816,0.269205,0.111684,1.4121,0.637707,0.303863,5,0.0499777
2656,1,0.614607,0.254116,0.104626,1.23696,0.610123,0.265343,4,0.044025
2657,1,0.614607,0.235407,0.0949441,1.20373,0.595173,0.23202,4,0.043165
2658,1,0.552433,0.23074,0.0924363,1.12057,0.601333,0.215336,4,0.0467601
2659,3,1.14251,0.478637,0.266215,1.41719,0.624531,0.229982,5,0.110561
2660,3,1.13477,0.401408,0.23836,2.18041,0.732017,0.423136,5,0.105572
2661,3,1.13831,0.371609,0.229141,2.18041,0.801497,0.431276,4,0.108409
2662,3,1.13831,0.4029,0.241305,1.348,0.666393,0.271719,5,0.107209
2663,3,1.25371,0.412568,0.242569,2.25636,0.81825,0.433929,4,0.103319
2664,3,1.25371,0.445046,0.245332,2.25636,0.93237,0.421931,4,0.104889
2665,3,1.17555,0.493996,0.250794,1.53336,0.772409,0.351295,5,0.106826
2666,3,1.14626,0.45927,0.247412,2.03166,0.809929,0.313937,5,0.10235
2667,3,1.12796,0.428878,0.219331,2.10308,0.791924,0.351314,4,0.0928926
2668,3,1.1465,0.44302,0.250477,2.38949,0.924378,0.482813,5,0.101357
2669,3,1.1465,0.458141,0.249346,2.38949,0.837911,0.444694,6,0.0952217
2670,3,1.13616,0.440614,0.242923,1.28887,0.672164,0.238133,5,0.0972132
2671,3,1.13616,0.434335,0.254942,1.81325,0.795189,0.338316,5,0.101162
2672,3,1.04832,0.433305,0.233884,1.81325,0.831764,0.320341,4,0.107989
2673,3,1.06553,0.457766,0.229604,1.38592,0.677602,0.257803,6,0.0929841
2674,3,1.17655,0.435105,0.233686,2.54481,0.938466,0.561886,5,0.0922575
2675,3,1.17655,0.432642,0.236834,2.54481,0.995779,0.543647,4,0.0884953
2676,3,1.0963,0.460999,0.243459,2.23133,0.789061,0.42731,5,0.0939823
2677,3,1.13743,0.463096,0.245476,2.23133,0.859631,0.417146,5,0.0992497
2678,3,1.13743,0.466735,0.237664,1.77684,0.90018,0.337854,5,0.0952841
2679,3,1.09009,0.461175,0.236095,1.77684,0.817862,0.38557,5,0.0889683
2680,2,0.81453,0.364336,0.168975,1.67257,0.760496,0.32608,6,0.061443
2681,2,0.822779,0.356701,0.16556,1.13695,0.586648,0.25757,6,0.0590739
2682,2,0.822779,0.335823,0.155855,2.0399,0.76371,0.48063,4,0.0606395
2683,2,0.822509,0.352938,0.154204,2.0399,0.769235,0.463195,4,0.0587462
2684,2,0.822509,0.33155,0.150573,1.19855,0.598923,0.235726,5,0.0596314
2685,2,0.827848,0.316989,0.159053,1.28014,0.667009,0.294335,5,0.0645449
2686,2,0.829709,0.337609,0.177335,1.45397,0.706517,0.302737,6,0.0719303
2687,2,1.01604,0.344778,0.187333,1.45397,0.642955,0.269403,4,0.0764055
2688,2,0.850927,0.336936,0.15659,1.15848,0.572886,0.256179,6,0.060369
2689,2,0.850927,0.334516,0.158942,1.15848,0.528846,0.251604,7,0.0604838
2690,2,0.724297,0.313336,0.144498,1.95304,0.761698,0.468013,4,0.053732
2691,2,0.725917,0.323267,0.151182,1.95304,0.768176,0.451067,5,0.0580358
2692,2,0.725917,0.31462,0.141892,1.27215,0.585104,0.266124,5,0.0568044
2693,2,0.77316,0.325808,0.148171,1.27215,0.630028,0.280595,5,0.0605872
2694,2,0.77316,0.332572,0.158709,1.63787,0.68599,0.284499,5,0.0634998
2695,2,0.743235,0.309364,0.135973,1.63787,0.666946,0.278707,5,0.0468073
2696,2,0.86115,0.349398,0.171741,1.27985,0.666699,0.262929,6,0.0683951
2697,2,0.86115,0.342146,0.164647,1.27985,0.581321,0.293073,6,0.0631182
2698,2,0.681816,0.307537,0.131387,2.24654,0.769304,0.499685,3,0.0455903
2699,2,0.965143,0.336239,0.165066,2.24654,0.789353,0.472584,4,0.0667378
2700,2,0.965143,0.328843,0.162962,1.35439,0.604084,0.278831,5,0.0709263
2701,2,0.907523,0.339797,0.156205,1.35439,0.675607,0.298987,6,0.066559
2702,2,0.907523,0.357006,0.161701,1.63966,0.73294,0.30253,6,0.0667735
2703,2,0.825044,0.316045,0.150654,1.63966,0.658537,0.295141,6,0.0619787
2704,5,0.182472,0.0690795,0.0516936,0.487495,0.187405,0.0900654,1,0.00599451
2705,5,0.108124,0.0290032,0.0234991,0.487495,0.129279,0.119316,1,0.00661739
2706,5,0.108124,0.0251123,0.0254477,0.702243,0.196126,0.225298,2,0.00545161
2707,5,0.0797909,0.0290177,0.0206339,0.702243,0.250671,0.215527,2,0.00412654
2708,5,0.0767633,0.0242573,0.0175796,0.472675,0.136537,0.131867,3,0.00395516
2709,5,0.0294749,0.0133904,0.0063865,0.0913617,0.0514564,0.0195749,0,0.00270852
2710,5,0.0230327,0.0095946,0.00499128,0.0827054,0.0292001,0.0159649,0,0.00196078
2711,5,0.0178184,0.00694754,0.00305351,0.0479276,0.0148305,0.00849267,0,0.00156831
2712,5,0.0178184,0.00663962,0.00320128,0.0303484,0.010273,0.00542985,0,0.00161571
2713,5,0.017113,0.00609295,0.00331686,0.0247037,0.0105773,0.0046326,0,0.00160007
2714,5,0.017113,0.00575196,0.00338238,0.0221662,0.00979026,0.004355,0,0.00163439
2715,5,0.0159944,0.00621114,0.00330786,0.0501163,0.00991836,0.00841726,0,0.00177357
2716,5,0.0211724,0.00722299,0.00386227,0.0501163,0.0124105,0.00949364,0,0.00205275
2717,5,0.0211724,0.00733093,0.004072,0.0345663,0.0103399,0.00659976,0,0.00203829
2718,5,0.0278761,0.00893257,0.00545015,0.0460887,0.0137086,0.00909428,0,0.00208691
2719,5,0.236856,0.0591322,0.0472708,0.368423,0.190389,0.0776732,1,0.00647057
2720,5,0.115068,0.0403692,0.0217452,0.368423,0.173259,0.0833809,2,0.00636641
2721,5,0.115068,0.0300612,0.020128,0.319868,0.104762,0.0777592,1,0.0061151
2722,5,0.0451546,0.0165733,0.00855108,0.13327,0.0365267,0.0326144,0,0.0018935
2723,5,0.0240386,0.00836846,0.00479213,0.0335438,0.0160779,0.00590209,0,0.00150485
2724,5,0.0163749,0.00628915,0.00278701,0.0336189,0.0142032,0.00575547,0,0.00169968
2725,5,0.036841,0.00952186,0.00645599,0.136951,0.0349404,0.0321167,0,0.00252873
2726,5,0.036841,0.0130098,0.00704765,0.136951,0.051107,0.0269824,0,0.00271731
2727,5,0.0353815,0.0133926,0.0061253,0.0853021,0.0388198,0.0189595,0,0.00318316
2728,5,0.0353815,0.0114833,0.00553187,0.0853021,0.0209503,0.0171561,0,0.00301473
2729,5,0.0195685,0.0083038,0.00435362,0.0225774,0.0098339,0.00522227,0,0.00167654
2730,4,0.260064,0.0600403,0.0563583,0.183476,0.143728,0.0194857,0,0.00368998
2731,4,0.0503172,0.0178717,0.0128648,0.162425,0.113437,0.0311567,2,0.00231896
2732,4,0.02343,0.00889438,0.00401753,0.117131,0.062346,0.0299337,0,0.00224391
2733,4,0.0241566,0.00834499,0.00452071,0.066354,0.0288433,0.0139931,0,0.00216137
2734,4,0.0292175,0.0103795,0.00562244,0.296712,0.0290649,0.0445062,0,0.0021907
2735,4,0.0442507,0.0167509,0.00951154,0.296712,0.0435942,0.0505095,0,0.00340146
2736,4,0.0442507,0.0154272,0.0100319,0.171389,0.0327005,0.0309093,0,0.00352543
2737,4,0.0239413,0.0101265,0.00558677,0.0357502,0.0154021,0.00809445,0,0.0024667
2738,4,0.0239413,0.00959016,0.00533216,0.0309296,0.0135822,0.00638326,0,0.00237593
2739,4,0.0198296,0.00707984,0.00361251,0.0235419,0.010464,0.00433459,0,0.00194803
2740,4,0.017241,0.00554746,0.0029688,0.0212561,0.00809419,0.00358436,0,0.00197019
2741,4,0.017241,0.00538597,0.00305753,0.0212561,0.00653707,0.00378407,0,0.00190964
2742,4,0.0144446,0.00571344,0.00236037,0.0173046,0.00586421,0.00334453,0,0.00147447
2743,4,0.0176248,0.00538526,0.00287933,0.0129779,0.00556973,0.00278197,0,0.0017874
2744,4,0.0210117,0.00627697,0.00423581,0.0382913,0.00831909,0.00634646,0,0.00228644
2745,4,0.320194,0.081547,0.0865586,0.50764,0.260582,0.0826082,1,0.00643834
2746,4,0.0688305,0.0301087,0.0192363,0.257411,0.132725,0.0810859,3,0.00279532
2747,4,0.113217,0.0304527,0.0239832,0.292182,0.0957767,0.0647743,1,0.00501306
2748,4,0.113217,0.0376621,0.0216377,0.292182,0.0974791,0.0665722,1,0.00524569
2749,4,0.0535661,0.0233426,0.0127123,0.165957,0.0541835,0.0348513,2,0.00329161
2750,4,0.0419795,0.0163575,0.00651555,0.0974892,0.0335536,0.0184858,0,0.00319138
2751,4,0.0419795,0.0141087,0.00766726,0.0690236,0.0188622,0.0149725,0,0.00306424
2752,4,0.0231818,0.00728983,0.00463486,0.0253912,0.0106782,0.00417597,0,0.00206457
2753,4,0.0143524,0.00529771,0.00264676,0.0202029,0.00903829,0.00397026,0,0.00150935
2754,4,0.0143524,0.00576631,0.00264077,0.0202029,0.00798998,0.00379558,0,0.00164141
2755,4,0.0212574,0.005798,0.0030404,0.0132602,0.0076701,0.00285571,0,0.00189774
2756,4,0.0212574,0.00486988,0.00294165,0.0226059,0.00736588,0.00376839,0,0.00191524
2757,4,0.0130249,0.00501914,0.00282677,0.0226059,0.00674628,0.00403183,0,0.00164013
2758,4,0.0188227,0.00611403,0.00333254,0.0315533,0.00983645,0.00671276,0,0.00159109
2759,4,0.0213281,0.00675558,0.00404859,0.0315533,0.0103412,0.00706513,0,0.00186787
2760,4,0.0213281,0.00541322,0.00367379,0.0226186,0.00670397,0.00426218,0,0.00171284
2761,4,0.0114482,0.0050993,0.00240864,0.0129184,0.00611769,0.00309154,0,0.00127226
2762,6,0.140598,0.0795657,0.0282571,0.497343,0.300468,0.134103,3,0.00503503
2763,6,0.11635,0.0400592,0.0268037,0.445696,0.142178,0.106012,1,0.00296566
2764,6,0.0400722,0.0135898,0.00988222,0.133136,0.0444372,0.0321042,0,0.00150905
2765,6,0.0192047,0.00816209,0.00411078,0.0432473,0.0222586,0.00725622,0,0.00173657
2766,6,0.0294605,0.0118874,0.00539235,0.120195,0.0349005,0.0225802,0,0.00232001
2767,6,0.0294663,0.0118566,0.00602313,0.120195,0.0360079,0.0231814,0,0.00271325
2768,6,0.0294663,0.00926759,0.0052845,0.0551126,0.0250141,0.0119759,0,0.00277283
2769,6,0.0230353,0.0073297,0.00403255,0.0544877,0.0166497,0.0101737,0,0.0021089
2770,6,0.0208436,0.00643394,0.00326793,0.0585197,0.0153327,0.00920703,0,0.00200929
2771,6,0.0208436,0.00671921,0.00331664,0.0585197,0.0131515,0.00932521,0,0.00210729
2772,6,0.0258027,0.00764144,0.00488556,0.0653804,0.0124777,0.011332,0,0.00182306
2773,6,0.0258027,0.00966704,0.0056245,0.0653804,0.0173938,0.0125667,0,0.00179316
2774,6,0.0258756,0.00934217,0.00514863,0.052729,0.0152512,0.0117435,0,0.00219738
2775,6,0.0258756,0.00959432,0.00490259,0.0538417,0.013976,0.012919,0,0.00228301
2776,6,0.021703,0.00905654,0.00438068,0.0538417,0.0125838,0.0104153,0,0.00176331
2777,6,0.0172951,0.00607607,0.00335192,0.0251322,0.00901384,0.00462247,0,0.00160026
2778,6,0.023831,0.00570776,0.00341121,0.192563,0.0134604,0.0251488,0,0.00212444
2779,6,0.0973008,0.0436832,0.0126169,0.465257,0.24973,0.09762,2,0.00350066
2780,6,0.0478815,0.0260501,0.0134203,0.251718,0.117841,0.0620679,1,0.00193979
2781,6,0.0345089,0.010396,0.00734663,0.114494,0.0417569,0.0297173,0,0.00227255
2782,6,0.0202957,0.00576742,0.00330075,0.0340541,0.0184394,0.00579587,0,0.0020101
2783,6,0.0149829,0.00543813,0.00268566,0.0340541,0.0198061,0.00471217,0,0.00171512
2784,6,0.0177735,0.00554022,0.00313966,0.0255325,0.0158285,0.00527442,0,0.00195452
2785,6,0.0215463,0.00706088,0.00440973,0.039133,0.0141592,0.00656745,0,0.00205386
2786,6,0.131041,0.0330837,0.0349464,0.393402,0.108999,0.115929,1,0.00499194
2787,6,0.131041,0.0538189,0.0269284,0.393402,0.14811,0.0944198,1,0.00504066
2788,6,0.0806426,0.0341556,0.0204264,0.18991,0.0785766,0.0444063,2,0.0033356
2789,6,0.0527835,0.0147115,0.00993444,0.114977,0.0453703,0.0313249,0,0.00273829
2790,6,0.0344763,0.00929492,0.0062905,0.108417,0.0184914,0.018301,0,0.00222411
2791,6,0.0182027,0.0061863,0.00347599,0.0175991,0.00799247,0.00299472,0,0.00144239
2792,6,0.0130128,0.00453026,0.00251548,0.0198526,0.00819218,0.00337901,0,0.00141937
2793,6,0.0156685,0.00528659,0.00308579,0.0198526,0.00858545,0.00355293,0,0.00148775
2794,6,0.0156685,0.0058161,0.00305862,0.0173431,0.00780677,0.00312184,0,0.00159867
2795,6,0.0139612,0.00484285,0.00228749,0.0208441,0.00760319,0.00356524,0,0.00146547
2796,6,0.0115307,0.00510982,0.00219521,0.0208441,0.00862602,0.0042672,0,0.00135328
2797,6,0.0624662,0.0102764,0.0103776,0.190519,0.0309864,0.0433212,0,0.00203301
2798,6,0.0624662,0.022782,0.0146937,0.190519,0.0497425,0.0429683,3,0.0023535
2799,6,0.0610399,0.0271837,0.0108933,0.318993,0.0586718,0.0628736,0,0.0029657
2800,1,0.964176,0.298816,0.145227,1.834,0.836526,0.4339,4,0.065874
2801,1,0.964176,0.306912,0.157883,1.67002,0.809267,0.370954,5,0.0793209
2802,1,0.790625,0.317815,0.160848,1.6414,0.827179,0.355148,4,0.0695358
2803,1,0.790625,0.313261,0.150745,1.64574,0.869436,0.350418,4,0.0616967
2804,1,0.825887,0.312061,0.153844,1.81062,0.862989,0.35697,4,0.0708423
2805,1,0.825887,0.321753,0.160796,1.81062,0.866067,0.344981,5,0.0793121
2806,1,0.805562,0.317105,0.139777,1.67998,0.866477,0.338577,5,0.0694618
2807,1,0.701104,0.32362,0.13355,1.59052,0.830776,0.34693,4,0.0606464
2808,1,0.701104,0.315823,0.142464,1.59052,0.834774,0.330545,5,0.0594885
2809,1,1.0477,0.305288,0.163219,1.58413,0.830844,0.329361,4,0.0772558
2810,1,1.0477,0.298575,0.17436,1.58413,0.80994,0.341219,4,0.0856866
2811,1,0.84319,0.292293,0.156932,1.71987,0.840883,0.362245,4,0.0657061
2812,1,0.754365,0.298484,0.143152,1.78946,0.865949,0.375382,4,0.0568563
2813,1,0.655554,0.277024,0.136481,2.14944,0.909211,0.499606,4,0.0583764
2814,1,0.801422,0.29132,0.143999,2.14944,0.816945,0.438209,4,0.068623
2815,1,0.801422,0.302451,0.150786,1.63224,0.784233,0.333715,5,0.0735438
2816,1,0.787898,0.304282,0.147838,1.7849,0.816288,0.336103,5,0.0685142
2817,1,0.787898,0.279236,0.141051,1.7849,0.798396,0.34241,4,0.0614081
2818,1,0.712275,0.280175,0.13315,1.62725,0.792692,0.332721,4,0.0655464
2819,1,0.712275,0.282563,0.142101,1.62725,0.775983,0.324271,4,0.0669273
2820,1,0.711662,0.287517,0.144583,1.59378,0.793031,0.319536,5,0.0585402
2821,1,0.656648,0.29302,0.124727,1.59378,0.802259,0.333632,5,0.050505
2822,1,0.656648,0.282715,0.112377,1.50174,0.761456,0.338434,4,0.0524686
2823,1,0.629203,0.302861,0.130227,1.73094,0.784214,0.344687,5,0.0583562
2824,1,0.70332,0.309257,0.141027,1.73094,0.831191,0.348746,5,0.058953
2825,1,0.70332,0.283012,0.133096,1.59506,0.833713,0.35432,4,0.0554136
2826,3,1.08869,0.485851,0.27124,1.88588,0.764716,0.334488,6,0.120739
2827,3,1.3757,0.468125,0.280382,2.11549,0.884192,0.383871,6,0.127136
2828,3,1.3757,0.431224,0.263772,2.12104,0.874481,0.401493,6,0.115442
2829,3,1.06929,0.428025,0.242698,2.12104,0.73982,0.31009,6,0.10292
2830,3,1.35713,0.455612,0.280295,2.51648,0.916221,0.435937,5,0.129105
2831,3,1.35713,0.472681,0.284843,2.51648,1.00451,0.448249,7,0.130466
2832,3,1.11427,0.473176,0.259327,1.8703,0.81432,0.363234,7,0.107242
2833,3,1.17796,0.469247,0.244495,1.83606,0.838964,0.337586,7,0.0983605
2834,3,1.07877,0.428755,0.240365,2.46722,0.964132,0.46692,5,0.0969486
2835,3,1.07877,0.425764,0.252179,2.46722,0.981058,0.465517,6,0.107553
2836,3,1.07246,0.45792,0.237532,1.73197,0.753497,0.312921,5,0.101155
2837,3,1.1734,0.483816,0.25346,2.42157,1.0151,0.480866,6,0.109304
2838,3,1.1734,0.501152,0.269257,2.42157,1.1418,0.440514,7,0.10873
2839,3,1.23195,0.484343,0.277762,1.97324,0.920215,0.381431,7,0.106093
2840,3,1.05413,0.460391,0.250939,1.8067,0.870996,0.302633,6,0.0926309
2841,3,1.18973,0.496767,0.259002,2.0109,0.965923,0.396015,5,0.0981996
2842,3,1.28877,0.466036,0.260709,2.0109,0.938923,0.404209,6,0.113468
2843,3,1.28877,0.44073,0.246966,1.48573,0.741685,0.294599,6,0.109655
2844,3,1.24872,0.458179,0.260188,2.03175,0.872926,0.394194,6,0.11382
2845,3,1.24872,0.518805,0.278128,2.03175,0.958524,0.405879,8,0.118212
2846,3,1.09719,0.487199,0.252355,1.81887,0.852872,0.380795,7,0.100387
2847,2,0.851133,0.354434,0.173302,1.78873,0.92985,0.436463,5,0.0743791
2848,2,0.882989,0.3713,0.16726,2.03391,0.858631,0.478663,5,0.0667177
2849,2,0.882989,0.34943,0.163598,2.03391,0.935215,0.459322,4,0.0606098
2850,2,0.880242,0.358053,0.162331,1.84134,0.823048,0.393787,4,0.0632249
2851,2,0.880242,0.383787,0.177996,2.49209,0.878259,0.534582,5,0.0699719
2852,2,0.86583,0.366654,0.181567,2.49209,0.918807,0.531438,4,0.0707184
2853,2,0.86583,0.34149,0.155052,2.01942,0.858306,0.416195,5,0.0615456
2854,2,0.774233,0.322178,0.151582,1.82809,0.758978,0.397433,5,0.0539121
2855,2,0.971578,0.3659,0.18588,1.82119,0.998227,0.391899,4,0.082346
2856,2,0.899482,0.368334,0.175677,1.82119,0.881258,0.407052,5,0.0701376
2857,2,0.766463,0.359188,0.156815,2.04003,0.929986,0.444409,4,0.0595779
2858,2,0.872786,0.35596,0.154006,2.04003,0.872241,0.421383,4,0.0665009
2859,2,0.872786,0.353084,0.157253,2.04743,0.826222,0.454108,4,0.0690806
2860,2,0.827267,0.377193,0.169471,2.04743,0.813235,0.463564,6,0.0703298
2861,2,0.827267,0.365411,0.161932,2.03574,0.846046,0.448377,6,0.0627193
2862,2,0.724898,0.31659,0.138647,2.03574,0.818168,0.42845,4,0.0504592
2863,2,0.944641,0.363169,0.166001,1.78329,0.955231,0.332254,5,0.0710911
2864,2,0.944641,0.374828,0.171729,1.58886,0.829119,0.35985,5,0.0764959
2865,2,0.837782,0.357502,0.161092,1.9468,0.921405,0.417932,6,0.0662577
2866,2,0.837782,0.343603,0.163393,1.9468,0.941149,0.398835,5,0.0585218
2867,2,0.796421,0.341806,0.157816,2.2261,0.888981,0.484315,5,0.0555957
2868,2,0.82121,0.341729,0.152567,2.2261,0.884451,0.49785,4,0.0563383
2869,2,0.867705,0.364336,0.169306,2.10719,0.860673,0.41109,5,0.0712745
2870,2,0.867705,0.338914,0.166111,2.02083,0.831302,0.442559,5,0.068469
2871,5,0.0610826,0.0252955,0.012437,0.174397,0.0530497,0.0148238,2,0.00232996
2872,5,0.0327143,0.0158781,0.00822715,0.0733867,0.0341343,0.0188987,0,0.00169878
2873,5,0.027261,0.0108841,0.00534822,0.0376124,0.0169566,0.00613342,0,0.00151711
2874,5,0.0213279,0.00945379,0.00533095,0.0376124,0.0142754,0.00673758,0,0.00174126
2875,5,0.0199879,0.0064897,0.00391202,0.0198605,0.00990009,0.00387711,0,0.00172604
2876,5,0.0130396,0.00542833,0.00266961,0.0162341,0.00824703,0.00296094,0,0.00143231
2877,5,0.0130396,0.00526684,0.00258537,0.0155436,0.00747483,0.00258405,0,0.00138604
2878,5,0.0133174,0.00594711,0.00270298,0.018496,0.00733305,0.0030567,0,0.00126103
2879,5,0.0141092,0.00655118,0.00289391,0.0414812,0.00904755,0.00622683,0,0.00134314
2880,5,0.0141092,0.00543758,0.00261536,0.0414812,0.00805825,0.00639783,0,0.00145015
2881,5,0.0119714,0.00449986,0.00209415,0.0190432,0.00667392,0.00345589,0,0.00129629
2882,5,0.014848,0.00503096,0.00240177,0.0190432,0.00736873,0.00340407,0,0.00146596
2883,5,0.014848,0.00598559,0.00265864,0.0181596,0.0083555,0.00379153,0,0.00161118
2884,5,0.0132872,0.00573914,0.0027004,0.0181596,0.00872539,0.00371521,0,0.00134957
2885,5,0.0130781,0.00506576,0.00261393,0.0392757,0.00862012,0.00539162,0,0.00134192
2886,5,0.0134342,0.00579798,0.00256743,0.0392757,0.00912476,0.00555264,0,0.00141075
2887,5,0.0149859,0.00626282,0.00245313,0.0268053,0.00843206,0.00453043,0,0.00149061
2888,5,0.0155806,0.00609786,0.00293747,0.0268053,0.00888025,0.00484998,0,0.00200222
2889,5,0.0155806,0.00601126,0.00282953,0.0256959,0.00872204,0.0040466,0,0.00196724
2890,5,0.0162628,0.00592731,0.00270958,0.0609765,0.0109691,0.01245,0,0.00139328
2891,5,0.325369,0.153031,0.117262,0.305594,0.0853008,0.0562284,2,0.00432274
2892,5,0.130769,0.0327516,0.0257947,0.0827096,0.0325584,0.0237457,0,0.00231905
2893,5,0.0425249,0.0146256,0.0111827,0.0292227,0.0141108,0.00584726,1,0.00186357
2894,5,0.0161134,0.00653135,0.00351798,0.0292227,0.0144816,0.00461296,0,0.00183322
2895,5,0.0157479,0.0049192,0.00250181,0.0319831,0.0131134,0.00413685,0,0.00150021
2896,5,0.0157479,0.00536847,0.00254962,0.0319831,0.0112039,0.00529588,0,0.00158681
2897,5,0.0117659,0.00536427,0.00224289,0.0260961,0.00899028,0.0051375,0,0.00130938
2898,5,0.0130686,0.00579723,0.00249007,0.0353314,0.00982627,0.00519328,0,0.00147857
2899,5,0.0170374,0.00774068,0.00320228,0.0353314,0.0103854,0.00500152,0,0.00148142
2900,5,0.0170374,0.00746392,0.00313331,0.0254081,0.0104791,0.005172,0,0.00108162
2901,5,0.0276237,0.00785369,0.00402684,0.0254081,0.0117228,0.00455484,0,0.00196919
2902,5,0.0276237,0.00899671,0.00392548,0.0221668,0.0112003,0.00441274,0,0.00204587
2903,5,0.0219966,0.00774292,0.00358895,0.0221668,0.00787004,0.004508,0,0.001585
2904,5,0.0219966,0.006898,0.00368077,0.0243145,0.0071011,0.00415675,0,0.00216203
2905,5,0.016119,0.00574383,0.00289132,0.0243145,0.00752145,0.00427225,0,0.00210699
2906,5,0.0149187,0.00575727,0.00293575,0.17602,0.0331451,0.0527805,0,0.00161228
2907,4,0.595608,0.17462,0.175528,0.141233,0.0922601,0.0197829,0,0.00548468
2908,4,0.0692267,0.0318001,0.0199491,0.121717,0.0891509,0.016376,2,0.00186995
2909,4,0.0382581,0.0151369,0.00839757,0.121717,0.0596843,0.0235203,0,0.00208295
2910,4,0.139293,0.0186337,0.0225138,0.503888,0.0898025,0.129654,0,0.00322649
2911,4,0.327635,0.121387,0.117298,1.29951,0.266977,0.284587,1,0.00783946
2912,4,0.327635,0.146497,0.100627,1.29951,0.334492,0.28779,1,0.0162271
2913,4,0.244578,0.0636652,0.0387032,1.25931,0.172558,0.198568,1,0.0160758
2914,4,0.0863973,0.0322959,0.0269068,0.095585,0.0593618,0.0160928,2,0.0019358
2915,4,0.0304546,0.0082886,0.00567337,0.0838194,0.039146,0.0122313,0,0.00180011
2916,4,0.0130879,0.00622944,0.00283812,0.0399094,0.0227676,0.00956083,0,0.00155303
2917,4,0.0179681,0.00673968,0.00335233,0.0291688,0.0103048,0.00618621,0,0.00212329
2918,4,0.0179681,0.00633857,0.0034508,0.017804,0.0064674,0.00321676,0,0.00207937
2919,4,0.0151163,0.00540868,0.00271239,0.017804,0.00687587,0.00339869,0,0.00158231
2920,4,0.0118243,0.00473946,0.00242216,0.0172296,0.00569012,0.0028312,0,0.00178374
2921,4,0.0118243,0.00468301,0.00216509,0.0169601,0.00574967,0.00271188,0,0.00162076
2922,4,0.160648,0.0759339,0.0545231,0.641188,0.441884,0.117401,3,0.00296196
2923,4,0.0692348,0.0198292,0.0137257,0.437161,0.2518,0.0973533,1,0.00197216
2924,4,0.0273978,0.0127388,0.00620577,0.242515,0.107202,0.068851,0,0.00137824
2925,4,0.0217693,0.00877413,0.00500843,0.0954666,0.0334028,0.0224848,0,0.00179238
2926,4,0.020513,0.00683578,0.00422404,0.0590392,0.0260896,0.0107412,0,0.00214817
2927,4,0.020513,0.00613373,0.00426919,0.0590392,0.0263097,0.0104793,0,0.00196951
2928,4,0.0169705,0.00533915,0.00285996,0.028922,0.015519,0.00564798,0,0.00165416
2929,4,0.0181234,0.0060135,0.00296712,0.0198288,0.010791,0.00334991,0,0.00159843
2930,4,0.0182974,0.00574289,0.00317071,0.0204546,0.00855746,0.00394457,0,0.00187365
2931,4,0.0182974,0.00554283,0.00302664,0.0204546,0.00655352,0.00331961,0,0.00185777
2932,4,0.0114655,0.0055626,0.00235102,0.0142385,0.00675172,0.00303766,0,0.00159145
2933,4,0.0121946,0.00547447,0.00237721,0.0142385,0.00688199,0.0028326,0,0.00171346
2934,4,0.0188921,0.00525938,0.00269704,0.0158665,0.0067371,0.00278425,0,0.00198376
2935,4,0.0188921,0.00539966,0.00299269,0.0172087,0.00709498,0.00336201,0,0.00221153
2936,4,0.0165952,0.00610279,0.00316136,0.0231777,0.00780114,0.00436419,0,0.00198217
2937,4,0.299991,0.0353836,0.0573923,1.21404,0.25306,0.385131,1,0.0110998
2938,6,0.199804,0.0610879,0.0476879,0.44858,0.275596,0.0946627,1,0.00339068
2939,6,0.0572119,0.0222234,0.0160507,0.271356,0.132321,0.0721025,2,0.00158565
2940,6,0.0186807,0.00933036,0.00400108,0.12995,0.0442444,0.0333421,0,0.00165522
2941,6,0.0186807,0.00761747,0.00360563,0.0377459,0.0197403,0.00580856,0,0.00167058
2942,6,0.0164895,0.00649202,0.00283211,0.0434476,0.0227998,0.0063662,0,0.00175667
2943,6,0.0212937,0.00908634,0.00432473,0.0434476,0.023213,0.00716073,0,0.00171269
2944,6,0.0385953,0.0135435,0.00596495,0.0713049,0.021779,0.0118413,0,0.00220524
2945,6,0.0385953,0.0136742,0.00641499,0.0713049,0.0199703,0.0116031,0,0.00218971
2946,6,0.026076,0.0120993,0.00562647,0.0360101,0.018721,0.00655919,0,0.00153648
2947,6,0.026076,0.0131849,0.00577631,0.0360101,0.0157034,0.00699241,0,0.00157717
2948,6,0.0269657,0.014085,0.00602253,0.0527311,0.0176016,0.00907672,0,0.00171306
2949,6,0.0272366,0.0162096,0.0065347,0.0597895,0.0221378,0.0112134,0,0.0017432
2950,6,0.0272366,0.015212,0.00708404,0.0597895,0.0212836,0.0112219,0,0.00144063
2951,6,0.0292684,0.0132412,0.0067868,0.0435385,0.0209819,0.00889664,0,0.00142828
2952,6,0.0292684,0.0136776,0.00665892,0.042465,0.0206382,0.00846926,0,0.00144221
2953,6,0.0296693,0.0149583,0.00695805,0.0445527,0.0206099,0.00828373,0,0.00146762
2954,6,0.0296693,0.0155866,0.00644262,0.0445527,0.0203486,0.00771193,0,0.00146444
2955,6,0.374486,0.0898581,0.0920349,0.471481,0.354882,0.0874338,1,0.00520833
2956,6,0.0774488,0.0305832,0.0167655,0.414989,0.213334,0.0826675,2,0.00292894
2957,6,0.0348844,0.0168647,0.00691363,0.203091,0.100827,0.0553267,0,0.00193289
2958,6,0.0225162,0.0102944,0.00442816,0.119798,0.0379818,0.0320641,0,0.00161467
2959,6,0.0244726,0.0109519,0.00498587,0.0372951,0.0216299,0.00690329,0,0.00134935
2960,6,0.0244726,0.011468,0.00465956,0.0559798,0.025229,0.0102306,0,0.00148254
2961,6,0.0251903,0.00917637,0.00403319,0.0559798,0.0204823,0.0114921,0,0.00153777
2962,6,0.0251903,0.00961791,0.00466009,0.0424476,0.018366,0.00843775,0,0.00148475
2963,6,0.0294265,0.0130302,0.0069657,0.059579,0.0253748,0.0117458,0,0.00150516
2964,6,0.029692,0.0144235,0.00737908,0.059579,0.0252876,0.0114737,0,0.0017796
2965,6,0.029692,0.0135408,0.00654805,0.0429854,0.0209104,0.00785482,0,0.0016335
2966,6,0.0257254,0.0130887,0.00622673,0.0372046,0.0181068,0.00722976,0,0.00148315
2967,6,0.0251214,0.0110739,0.00493703,0.040709,0.0183985,0.00785214,0,0.00155625
2968,6,0.0173616,0.0100109,0.00339463,0.040709,0.0165523,0.00867383,0,0.00133574
2969,6,0.0194518,0.00975759,0.00378738,0.0342059,0.0149353,0.00720044,0,0.00156261
2970,6,0.0212958,0.0104839,0.00463356,0.0348009,0.018449,0.00701596,0,0.00185658
2971,6,0.0278688,0.0116854,0.00585664,0.041016,0.0202792,0.00714579,0,0.00163048
2972,6,0.0380135,0.0146608,0.00813367,0.146878,0.0314571,0.0281186,0,0.00232222
2973,1,0.574809,0.231658,0.103527,0.951027,0.476167,0.155457,4,0.0378864
2974,1,0.636489,0.257414,0.106166,0.951027,0.494939,0.170326,4,0.0507697
2975,1,0.636489,0.263735,0.108411,1.03379,0.500614,0.1801,3,0.0503775
2976,1,0.55975,0.261474,0.101103,1.06445,0.507012,0.208513,5,0.043147
2977,1,0.47959,0.248735,0.0961913,1.06445,0.527941,0.198931,4,0.0441419
2978,1,0.525654,0.264372,0.104113,1.00097,0.505156,0.192834,5,0.0473981
2979,1,0.551361,0.275266,0.112774,1.00097,0.488685,0.187501,6,0.0504745
2980,1,0.551361,0.270362,0.110156,0.986701,0.530299,0.164668,5,0.0517677
2981,1,0.577638,0.264497,0.101184,0.986701,0.532838,0.162349,5,0.0496527
2982,1,0.585469,0.262471,0.0980376,0.943235,0.492074,0.188036,4,0.0474443
2983,1,0.59071,0.255817,0.103565,0.989913,0.47423,0.195711,4,0.0525903
2984,1,0.59071,0.233583,0.098112,0.989913,0.489568,0.164389,3,0.0480551
2985,1,0.38386,0.189598,0.0761993,0.788034,0.420195,0.16669,3,0.0285279
2986,1,0.48941,0.225397,0.0905065,0.788034,0.416588,0.15231,3,0.0393722
2987,1,0.521482,0.239008,0.100255,0.812312,0.418757,0.157753,4,0.0415605
2988,1,0.539868,0.242857,0.100973,0.812312,0.437819,0.161201,4,0.0436088
2989,1,0.540904,0.253771,0.100383,0.756032,0.452379,0.141607,4,0.0432991
2990,1,0.549125,0.26222,0.102293,1.02344,0.449066,0.165639,5,0.0419662
2991,1,0.603422,0.262357,0.110734,1.02344,0.475133,0.186135,4,0.0520352
2992,1,0.603422,0.258455,0.104086,0.946283,0.475581,0.192218,4,0.0519488
2993,1,0.53251,0.261933,0.0961488,0.946283,0.475684,0.195299,5,0.0452716
2994,1,0.553678,0.266922,0.103577,0.973174,0.479645,0.192983,4,0.0475579
2995,1,0.553678,0.256027,0.0984652,0.973174,0.459149,0.181705,3,0.0426496
2996,1,0.526184,0.24493,0.0948174,0.890771,0.458116,0.191363,4,0.0418737
2997,1,0.544617,0.235237,0.0983506,0.890771,0.470749,0.18684,5,0.0465242
2998,1,0.544617,0.2041,0.0899815,0.815615,0.447821,0.153765,4,0.0445431
2999,3,1.03991,0.365625,0.199853,1.07985,0.482866,0.177937,5,0.0797102
3000,3,0.877951,0.354898,0.176697,1.60242,0.544941,0.326128,4,0.0711373
3001,3,0.898374,0.331198,0.166859,1.60242,0.719002,0.36382,4,0.0731258
3002,3,0.92296,0.343721,0.180274,1.50056,0.633815,0.306222,4,0.0782722
3003,3,1.21193,0.383552,0.20771,1.81016,0.616049,0.31596,4,0.0962525
3004,3,1.21193,0.383727,0.215565,1.81016,0.690735,0.29758,4,0.104162
3005,3,1.01284,0.374451,0.190163,1.14468,0.64373,0.220637,5,0.0890477
3006,3,0.814945,0.367424,0.178763,1.14468,0.511779,0.226129,4,0.0770403
3007,3,0.883546,0.344789,0.182915,1.09432,0.645141,0.222646,5,0.0786985
3008,3,0.897127,0.348645,0.190236,1.80399,0.677111,0.414252,6,0.0799677
3009,3,0.897127,0.355315,0.180481,1.96032,0.832112,0.479966,4,0.0817144
3010,3,0.881416,0.378192,0.169505,1.96032,0.694645,0.396172,4,0.0827441
3011,3,1.01585,0.400085,0.199084,1.40773,0.682966,0.268351,4,0.092804
3012,3,1.01585,0.403673,0.200587,1.28239,0.744677,0.233167,3,0.0834993
3013,3,0.939987,0.401566,0.177794,1.37087,0.655943,0.236972,4,0.0858871
3014,3,0.939987,0.413478,0.194484,1.37087,0.58923,0.237029,4,0.0873036
3015,3,0.923559,0.394846,0.205334,1.43045,0.71385,0.238709,5,0.0846009
3016,3,0.971224,0.381677,0.206447,1.65196,0.582349,0.308998,5,0.0842627
3017,3,1.05391,0.35725,0.199322,1.65196,0.707998,0.42264,4,0.0844746
3018,3,1.05391,0.381174,0.205915,1.67641,0.72693,0.384041,4,0.0864642
3019,3,1.0626,0.394663,0.20624,1.70087,0.739959,0.352167,4,0.091912
3020,3,1.0626,0.401395,0.204848,1.70087,0.790634,0.335678,5,0.101369
3021,3,1.01615,0.400864,0.189104,1.63171,0.633534,0.282406,5,0.0944299
3022,3,0.982378,0.398794,0.193285,1.16165,0.533003,0.226379,4,0.0789297
3023,2,0.647779,0.286011,0.127505,1.30133,0.754852,0.236121,6,0.0418213
3024,2,0.645796,0.281873,0.123044,1.08258,0.554765,0.209039,5,0.0475059
3025,2,0.65189,0.275246,0.120237,1.64061,0.712892,0.393609,5,0.0522817
3026,2,0.65189,0.261405,0.11246,1.64061,0.702232,0.388651,5,0.0456703
3027,2,0.652499,0.263519,0.112184,1.0933,0.534107,0.235997,4,0.0459837
3028,2,0.736512,0.27214,0.134581,1.4166,0.673787,0.335928,4,0.0563111
3029,2,0.736512,0.260505,0.139018,1.4166,0.74307,0.307187,4,0.0559974
3030,2,0.695259,0.256496,0.128216,1.33894,0.694856,0.23454,5,0.048218
3031,2,0.616489,0.256573,0.123206,1.03896,0.543746,0.233772,5,0.0405556
3032,2,0.693947,0.286982,0.121397,1.3861,0.67839,0.282763,5,0.044712
3033,2,0.630653,0.26755,0.124817,1.19555,0.547723,0.232735,5,0.0409005
3034,2,0.702761,0.25882,0.137976,1.67967,0.761873,0.380724,4,0.0511785
3035,2,0.702761,0.247619,0.125629,1.67967,0.802915,0.347705,4,0.0504703
3036,2,0.561927,0.24521,0.107259,1.14427,0.535686,0.17944,4,0.0392592
3037,2,0.544478,0.240388,0.109722,1.29921,0.548122,0.285658,4,0.0402957
3038,2,0.544478,0.232176,0.10561,1.29921,0.604167,0.314776,4,0.0366743
3039,2,0.545951,0.233496,0.101604,1.01552,0.590735,0.198284,4,0.0356019
3040,2,0.545951,0.233429,0.101987,1.01552,0.533375,0.156473,5,0.0359359
3041,2,0.630686,0.260807,0.113839,1.16627,0.641061,0.241715,5,0.0464783
3042,2,0.630686,0.267373,0.117448,1.16136,0.565115,0.237466,5,0.0452581
3043,2,0.617063,0.254439,0.112486,1.82115,0.715852,0.366568,5,0.0400465
3044,2,0.580409,0.242577,0.109192,1.82115,0.703249,0.364161,4,0.0405065
3045,2,0.580409,0.245879,0.116133,1.18722,0.59999,0.253889,4,0.0401683
3046,2,0.56007,0.243961,0.107461,1.18722,0.667406,0.239199,4,0.0344347
3047,2,0.471778,0.244292,0.100362,1.06306,0.686711,0.181492,4,0.0325151
3048,2,0.612268,0.247743,0.108898,1.03941,0.632951,0.177461,4,0.0418165
3049,2,0.612268,0.229098,0.0981517,1.03941,0.539854,0.177987,3,0.0398062
3050,5,0.0559739,0.0221515,0.0160318,0.21216,0.0730504,0.0537553,3,0.00306881
3051,5,0.0241111,0.00980932,0.00485415,0.0949524,0.0248411,0.0195488,0,0.00230049
3052,5,0.0278501,0.00881297,0.00387798,0.0506619,0.0132859,0.00782396,0,0.00157294
3053,5,0.0385864,0.0120129,0.00751865,0.0715144,0.0244591,0.0158109,0,0.00201308
3054,5,0.0385864,0.0134055,0.00724446,0.0715144,0.0282037,0.0124371,0,0.00194175
3055,5,0.0262817,0.0106424,0.00527375,0.0389036,0.0174693,0.00843179,0,0.00148756
3056,5,0.0262817,0.00882477,0.00459781,0.0417317,0.0181115,0.0100868,0,0.00144182
3057,5,0.0146628,0.00767109,0.00320834,0.0417317,0.0179106,0.00935971,0,0.00168775
3058,5,0.0145556,0.00626629,0.00301526,0.0240851,0.0111153,0.00468641,0,0.00164351
3059,5,0.0281447,0.00753197,0.00445488,0.0342026,0.0132553,0.00608922,0,0.00169455
3060,5,0.116696,0.0252195,0.0293051,0.397737,0.079123,0.112996,2,0.00391412
3061,5,0.116696,0.0419353,0.0306207,0.397737,0.103792,0.107438,2,0.00440731
3062,5,0.0955404,0.0264101,0.0249146,0.243263,0.0492266,0.0413323,2,0.00321467
3063,5,0.0208863,0.00785195,0.00372914,0.0633704,0.0276071,0.013386,0,0.00163514
3064,5,0.0181422,0.00674382,0.00315154,0.0382592,0.0224949,0.00715788,0,0.00174617
3065,5,0.0248289,0.00918969,0.00515278,0.09435,0.0335736,0.0227215,0,0.00221258
3066,5,0.0327768,0.0140528,0.00729011,0.165481,0.0604868,0.0371071,0,0.00225509
3067,5,0.0327768,0.0153175,0.00648187,0.165481,0.0528515,0.0379882,0,0.00190907
3068,5,0.0271198,0.0125944,0.00506132,0.0684014,0.0271336,0.0152785,0,0.00170301
3069,5,0.0264907,0.00928557,0.00514896,0.0684014,0.0237434,0.0141893,0,0.00197617
3070,5,0.0248708,0.00699441,0.00371315,0.0603085,0.0225481,0.0114567,0,0.00223689
3071,5,0.0179584,0.007361,0.00410924,0.0478949,0.0183575,0.0092975,0,0.00196886
3072,5,0.020898,0.0088519,0.00485435,0.0623991,0.0178156,0.0116878,0,0.00199537
3073,5,0.0323873,0.0110291,0.00589363,0.0695184,0.022623,0.0146826,0,0.00235928
3074,5,0.142498,0.067006,0.0485045,0.178422,0.121851,0.0323535,2,0.00218338
3075,5,0.0578302,0.0170994,0.0137425,0.150798,0.073393,0.0374097,1,0.00308679
3076,5,0.0286774,0.0107637,0.00611102,0.0893343,0.035813,0.0220506,0,0.00302571
3077,5,0.0511601,0.0125253,0.00966392,0.158967,0.0408193,0.0344971,0,0.00318866
3078,5,0.0786056,0.0262933,0.0192646,0.274988,0.0873708,0.0607244,3,0.00693702
3079,5,0.0786056,0.0279804,0.0165303,0.274988,0.0680271,0.0666496,3,0.00711545
3080,5,0.0281479,0.0126402,0.00697676,0.0402739,0.0155207,0.00735038,0,0.0018927
3081,5,0.0197578,0.00791256,0.00397574,0.0255686,0.0122417,0.00583659,0,0.00200952
3082,5,0.0252759,0.00890183,0.00447038,0.0399561,0.0168868,0.00858622,0,0.00216403
3083,5,0.0252759,0.0095949,0.00467378,0.069567,0.0269779,0.0142356,0,0.00204608
3084,5,0.123537,0.0220747,0.0279779,0.332689,0.088953,0.0875025,2,0.00528063
3085,5,0.157487,0.0481651,0.0415419,0.340101,0.166093,0.0899931,2,0.00685417
3086,5,0.157487,0.0409238,0.0370105,0.340101,0.106594,0.0999283,1,0.00550245
3087,5,0.0324058,0.0170192,0.00676857,0.0765195,0.033726,0.0181175,0,0.00183795
3088,5,0.0307306,0.0114056,0.00679267,0.0929528,0.0388355,0.0188801,0,0.00177701
3089,5,0.0431436,0.0133476,0.0104943,0.0929528,0.0401786,0.022339,1,0.00212643
3090,5,0.0431436,0.012771,0.0105777,0.0878872,0.0275775,0.0230943,1,0.00221652
3091,5,0.11087,0.0130667,0.0169165,0.404397,0.0443984,0.0696241,1,0.00369194
3092,4,0.0468785,0.0167619,0.010126,0.150263,0.112121,0.021962,0,0.00192121
3093,4,0.0317972,0.0092831,0.0045658,0.115533,0.0700897,0.0267911,0,0.00184701
3094,4,0.0141959,0.00544585,0.0025115,0.0695159,0.0321508,0.0174476,0,0.00148402
3095,4,0.0132197,0.00448174,0.00240353,0.0326189,0.0117688,0.00834409,0,0.00155138
3096,4,0.0135247,0.00493851,0.00248993,0.0204577,0.00655523,0.00372765,0,0.00180498
3097,4,0.0137139,0.00572394,0.00263424,0.0209678,0.00757959,0.0042929,0,0.00174471
3098,4,0.0137139,0.00568415,0.00258569,0.0209678,0.00775954,0.00397828,0,0.00145917
3099,4,0.0142281,0.0052028,0.00248466,0.0227072,0.00929275,0.00469167,0,0.00138125
3100,4,0.015258,0.00598479,0.00295169,0.0227072,0.010103,0.00431374,0,0.00121905
3101,4,0.016611,0.00745008,0.00354361,0.0415786,0.0113446,0.00759162,0,0.00162873
3102,4,0.019078,0.00891205,0.00427193,0.0415786,0.0132099,0.00899474,0,0.00191818
3103,4,0.019078,0.00773916,0.00419775,0.0350427,0.00987411,0.00701161,0,0.00186024
3104,4,0.0145985,0.00526501,0.00272847,0.0260539,0.00846124,0.00516189,0,0.00161268
3105,4,0.0139854,0.00514032,0.00259537,0.033078,0.0100824,0.00624405,0,0.00160014
3106,4,0.017591,0.00650678,0.00351399,0.033078,0.0124031,0.00719366,0,0.00201519
3107,4,0.0259889,0.00704791,0.00433873,0.0460388,0.0131743,0.00879904,0,0.00207323
3108,4,0.0259889,0.0069893,0.0040863,0.0460388,0.0129396,0.0117081,0,0.00179742
3109,4,0.0155761,0.00704885,0.00327537,0.0451796,0.0126168,0.0109694,0,0.00167541
3110,4,0.0127495,0.00632578,0.00276493,0.034321,0.0114629,0.00770512,0,0.00162352
3111,4,0.0186046,0.00631485,0.00302111,0.0279382,0.00858513,0.00641508,0,0.00173201
3112,4,0.0186046,0.00640864,0.00335379,0.0167359,0.0067801,0.0033559,0,0.0016533
3113,4,0.0415313,0.00702512,0.00613978,0.33936,0.0259041,0.0634972,0,0.00238855
3114,4,0.100763,0.0396398,0.0243728,0.650641,0.421044,0.123058,3,0.00500826
3115,4,0.0369805,0.0164503,0.00715336,0.421094,0.234247,0.0990079,0,0.00253752
3116,4,0.0293408,0.0150882,0.00538316,0.240996,0.0986809,0.0637987,0,0.00255849
3117,4,0.0280019,0.0128008,0.00602669,0.0757011,0.0361857,0.0181579,0,0.00229363
3118,4,0.0217384,0.00889998,0.00404261,0.0711098,0.0256071,0.0111207,0,0.00187455
3119,4,0.0240314,0.00796251,0.00358412,0.0409422,0.0243772,0.0062865,0,0.00195139
3120,4,0.0240314,0.00658396,0.00360945,0.0409422,0.0186251,0.00856797,0,0.00202535
3121,4,0.0176406,0.00595962,0.00300013,0.0193655,0.0113722,0.00452337,0,0.00186091
3122,4,0.0189128,0.00763364,0.00376525,0.0256435,0.0116063,0.00536298,0,0.00196355
3123,4,0.0189128,0.00797634,0.00420613,0.0256435,0.0101796,0.00531468,0,0.00207994
3124,4,0.0188288,0.00661384,0.00341038,0.0201151,0.0081366,0.0036966,0,0.00189125
3125,4,0.016798,0.00687314,0.00335762,0.0192247,0.00830003,0.0037545,0,0.00153631
3126,4,0.016798,0.00705591,0.00332158,0.0223074,0.00864752,0.00383003,0,0.00165415
3127,4,0.013529,0.00684013,0.00282425,0.0242663,0.00802452,0.00436734,0,0.00156751
3128,4,0.0150922,0.00675024,0.00301604,0.0242663,0.00825925,0.00424275,0,0.00171908
3129,4,0.0728588,0.0111903,0.0144365,0.330665,0.0206429,0.0391477,1,0.00355878
3130,6,0.0888573,0.0296316,0.0158497,0.470476,0.241359,0.0947528,1,0.00269519
3131,6,0.0398613,0.0201298,0.00891379,0.246565,0.107234,0.0615279,0,0.00181431
3132,6,0.028349,0.014873,0.00496133,0.149535,0.0369328,0.0318673,0,0.00148317
3133,6,0.0226888,0.0115509,0.00491379,0.0448342,0.0175542,0.00680327,0,0.00123662
3134,6,0.0231052,0.0105676,0.00464301,0.0563393,0.0234937,0.0115525,0,0.00121963
3135,6,0.0231052,0.0128854,0.00597621,0.0699149,0.0260814,0.013474,0,0.00160203
3136,6,0.0229948,0.0120805,0.00564863,0.0699149,0.0198099,0.0125797,0,0.00157898
3137,6,0.0295895,0.0136293,0.00687876,0.0602434,0.0208487,0.0124878,0,0.0013803
3138,6,0.0295895,0.0177792,0.007698,0.06276,0.0234613,0.0149537,0,0.00172904
3139,6,0.0290989,0.0167311,0.0075992,0.06276,0.0231591,0.0148084,0,0.0016417
3140,6,0.0272211,0.0136195,0.00618406,0.0569445,0.0202624,0.0121872,0,0.00124691
3141,6,0.0270417,0.0133375,0.00547945,0.0453421,0.0190927,0.0108338,0,0.0014011
3142,6,0.035111,0.0163784,0.00669133,0.0506528,0.0234438,0.0110868,0,0.00148798
3143,6,0.035111,0.0184808,0.00733609,0.070332,0.0248587,0.0122666,0,0.00134044
3144,6,0.0321137,0.0159432,0.00772498,0.070332,0.0238678,0.0127676,0,0.00131121
3145,6,0.0321137,0.0141684,0.00693165,0.0454093,0.0209233,0.0104063,0,0.00157665
3146,6,0.0270879,0.0141075,0.00670713,0.0485518,0.0221296,0.011299,0,0.00153875
3147,6,0.0335335,0.0165676,0.006884,0.0485518,0.0253653,0.0107343,0,0.00136385
3148,6,0.0335335,0.0175019,0.00646962,0.0844847,0.0255936,0.0149461,0,0.00122656
3149,6,0.310955,0.072408,0.0667699,0.602227,0.356843,0.103127,1,0.00616017
3150,6,0.0767478,0.0280604,0.0174514,0.358462,0.199424,0.084334,2,0.00345798
3151,6,0.0393248,0.0194044,0.0071606,0.216563,0.0885218,0.0496619,0,0.00264148
3152,6,0.0556067,0.0233199,0.00941105,0.169806,0.0511958,0.0343481,0,0.00236706
3153,6,0.0556067,0.0187921,0.0109146,0.169806,0.041877,0.0351356,2,0.00237323
3154,6,0.0342268,0.0161754,0.00716549,0.114467,0.0329213,0.0211422,0,0.00216681
3155,6,0.0342268,0.013601,0.00835912,0.114467,0.0276735,0.0221076,0,0.00212866
3156,6,0.0169894,0.00820287,0.00339822,0.0551121,0.0175312,0.00916248,0,0.0013451
3157,6,0.0202151,0.00979613,0.00370377,0.0565592,0.0183188,0.0123135,0,0.0014062
3158,6,0.0315463,0.0131466,0.00658056,0.0940173,0.0310947,0.023683,0,0.00181178
3159,6,0.0794674,0.0248546,0.0157182,0.23521,0.0462187,0.0430118,2,0.00628737
3160,6,0.0794674,0.0277884,0.0147288,0.23521,0.0609897,0.0473337,2,0.00590589
3161,6,0.0394712,0.0153316,0.00955604,0.134061,0.0407605,0.0399418,0,0.00181884
3162,6,0.0195415,0.00976587,0.00408854,0.0298175,0.0109523,0.00643855,0,0.00157769
3163,6,0.021631,0.010015,0.00400065,0.0509241,0.0126934,0.00947265,0,0.00152511
3164,6,0.0315394,0.0143224,0.00768703,0.128887,0.0267574,0.0207637,0,0.00206963
3165,1,0.462189,0.236702,0.0889243,0.988473,0.513834,0.189131,3,0.0341323
3166,1,0.68147,0.265339,0.099427,0.988473,0.522394,0.206881,4,0.0510668
3167,1,0.68147,0.274242,0.106081,0.954182,0.532192,0.188009,5,0.0543851
3168,1,0.52456,0.274569,0.101549,0.995737,0.561624,0.19281,6,0.0454888
3169,1,0.52456,0.274747,0.097144,0.995737,0.550488,0.196414,5,0.04243
3170,1,0.513285,0.276492,0.098573,1.00477,0.547053,0.184079,5,0.0429164
3171,1,0.513285,0.26827,0.101194,1.00477,0.5558,0.176864,5,0.0427716
3172,1,0.500538,0.263478,0.0988517,0.922036,0.528961,0.177159,4,0.0411309
3173,1,0.500538,0.27497,0.101386,0.963304,0.533051,0.173516,5,0.0457913
3174,1,0.470041,0.270911,0.0950988,0.963304,0.532098,0.167885,5,0.0484355
3175,1,0.535571,0.264756,0.0911954,0.863607,0.501197,0.164872,4,0.0505016
3176,1,0.535571,0.26172,0.0938947,0.860584,0.515644,0.16473,5,0.0471701
3177,1,0.489832,0.241495,0.0845161,1.14359,0.532069,0.210735,5,0.0407038
3178,1,0.489832,0.262782,0.0968337,0.811525,0.498458,0.169127,4,0.0443577
3179,1,0.45796,0.267644,0.094587,0.809712,0.505133,0.160881,4,0.0408578
3180,1,0.559088,0.268464,0.100821,0.930217,0.494923,0.149101,4,0.045911
3181,1,0.625579,0.284025,0.106961,1.1768,0.530296,0.214603,4,0.0549659
3182,1,0.625579,0.274855,0.110577,1.1768,0.557674,0.23071,4,0.0555907
3183,1,0.496426,0.258148,0.101456,1.06537,0.563965,0.203544,3,0.0478552
3184,1,0.506711,0.262843,0.0945097,1.06537,0.552883,0.199503,3,0.0432022
3185,1,0.506711,0.264119,0.0933053,0.935451,0.521222,0.18371,5,0.0419868
3186,1,0.530753,0.26466,0.0972237,0.967451,0.507436,0.184756,5,0.0414103
3187,1,0.540066,0.262697,0.101976,0.967451,0.502044,0.175596,5,0.0454636
3188,1,0.584003,0.252169,0.0998822,1.00189,0.519747,0.171053,5,0.0473505
3189,1,0.584003,0.234758,0.0888868,1.00189,0.497274,0.183817,5,0.0438625
3190,3,1.22661,0.435709,0.22119,1.15912,0.52525,0.192937,5,0.0899616
3191,3,1.22661,0.437472,0.225203,2.24908,0.712313,0.464739,5,0.0899101
3192,3,0.984203,0.422782,0.211952,2.24908,0.792224,0.467307,4,0.0839942
3193,3,0.984203,0.450092,0.221356,1.37213,0.57901,0.284868,5,0.0922573
3194,3,1.09745,0.460763,0.230351,1.75226,0.645529,0.333118,4,0.104323
3195,3,1.09745,0.458156,0.252214,1.75226,0.786096,0.30437,5,0.104244
3196,3,1.07254,0.453893,0.239852,1.392,0.617129,0.272173,4,0.0880061
3197,3,1.05164,0.421737,0.214818,1.35988,0.652158,0.28783,4,0.0947232
3198,3,0.961066,0.439071,0.21426,1.89078,0.662313,0.382993,6,0.0945328
3199,3,1.40167,0.45659,0.230357,1.89078,0.78479,0.436216,4,0.103149
3200,3,1.40167,0.466472,0.242772,1.71932,0.675145,0.342651,5,0.109031
3201,3,1.16307,0.4429,0.225624,1.25269,0.684261,0.25656,5,0.0936405
3202,3,0.946093,0.404817,0.194874,1.37071,0.771594,0.2713,4,0.0718757
3203,3,1.0291,0.446919,0.218895,1.37485,0.713754,0.274476,5,0.0836024
3204,3,1.05009,0.457414,0.235998,1.37485,0.591505,0.249102,5,0.0992364
3205,3,1.14625,0.463299,0.241018,1.44298,0.789315,0.304576,5,0.093874
3206,3,1.08003,0.459214,0.228303,1.73764,0.693845,0.328458,5,0.0935236
3207,3,1.09156,0.440561,0.203047,1.78527,0.769564,0.398377,4,0.0875953
3208,3,1.09156,0.474292,0.226967,1.78527,0.666499,0.342434,5,0.0952111
3209,3,1.03845,0.446022,0.215871,1.49214,0.670432,0.302961,4,0.0877028
3210,3,0.887207,0.390485,0.18155,1.49214,0.726894,0.304808,5,0.0688034
3211,3,0.973307,0.420021,0.226622,1.29782,0.635715,0.245481,4,0.0908105
3212,3,0.973307,0.46437,0.246551,1.35295,0.587577,0.259744,5,0.0971373
3213,2,0.663652,0.283113,0.126152,1.36204,0.818756,0.185285,5,0.0500176
3214,2,0.667444,0.270995,0.140134,1.16289,0.686621,0.170102,5,0.0485949
3215,2,0.667444,0.267608,0.133508,1.46195,0.796504,0.30815,4,0.0472126
3216,2,0.576183,0.265966,0.116445,1.46195,0.737114,0.343264,5,0.0422782
3217,2,0.624922,0.268832,0.124396,1.46258,0.675458,0.31827,5,0.0489643
3218,2,0.631251,0.274231,0.137175,1.46258,0.749395,0.280421,5,0.0522913
3219,2,0.631251,0.265857,0.129189,1.18265,0.741414,0.175914,4,0.0442025
3220,2,0.685592,0.27357,0.136187,1.18265,0.719455,0.202319,4,0.0448409
3221,2,0.718525,0.27494,0.135277,1.07196,0.627668,0.191988,4,0.0527509
3222,2,0.612047,0.277563,0.131853,1.10518,0.514565,0.192723,4,0.0468857
3223,2,0.605856,0.26224,0.126634,1.52852,0.692429,0.351092,4,0.0426715
3224,2,0.635983,0.260198,0.127237,1.52852,0.765561,0.308824,4,0.0438895
3225,2,0.635983,0.274622,0.124878,0.963666,0.594202,0.175397,4,0.0453318
3226,2,0.737784,0.283213,0.138384,1.69803,0.73849,0.36624,4,0.0477387
3227,2,0.737784,0.286308,0.144563,1.69803,0.855947,0.360139,5,0.0469625
3228,2,0.559652,0.266681,0.138417,1.29831,0.723023,0.24328,4,0.0448047
3229,2,0.699524,0.297679,0.124948,1.67401,0.701791,0.216026,5,0.0474868
3230,2,0.780409,0.307209,0.142612,0.95649,0.632287,0.133132,5,0.0509692
3231,2,0.780409,0.304012,0.146479,1.60806,0.781718,0.273549,3,0.0566186
3232,2,0.734812,0.271805,0.136274,1.60806,0.754492,0.296395,3,0.0488626
3233,2,0.665148,0.266179,0.133685,1.34419,0.637562,0.24859,4,0.0462176
3234,2,0.665148,0.277114,0.136375,1.34419,0.690626,0.251878,4,0.0475903
3235,2,0.655065,0.281642,0.134194,1.20352,0.704436,0.214603,4,0.0491696
3236,2,0.655065,0.270423,0.135714,1.08363,0.676815,0.211574,4,0.0455982
3237,5,0.0785165,0.0324639,0.0201675,0.472151,0.135638,0.108479,3,0.00531008
3238,5,0.0331027,0.0168984,0.00468017,0.150321,0.0491677,0.0268243,0,0.00213409
3239,5,0.0284345,0.0148097,0.00453697,0.0672152,0.0341825,0.0134859,0,0.00163337
3240,5,0.0261865,0.014948,0.0054164,0.0679173,0.032927,0.0139344,0,0.00146909
3241,5,0.0261865,0.0129257,0.00657747,0.0679173,0.0330005,0.0160307,0,0.00155751
3242,5,0.0299642,0.0135156,0.00716964,0.0676938,0.0330911,0.0194498,0,0.00155193
3243,5,0.0299642,0.0140777,0.00699798,0.0653776,0.0253088,0.0182124,0,0.00131751
3244,5,0.0215555,0.00987351,0.00417389,0.0418017,0.0156814,0.00646627,0,0.00153408
3245,5,0.0208121,0.00937952,0.00346531,0.0304384,0.0135559,0.00670524,0,0.00149593
3246,5,0.0153646,0.00683204,0.00329149,0.0304384,0.0105146,0.00586445,0,0.00109365
3247,5,0.0169458,0.00596841,0.00300993,0.0279692,0.0122702,0.0061557,0,0.0015561
3248,5,0.0169458,0.00701359,0.00334934,0.0430505,0.0213152,0.00936438,0,0.00179323
3249,5,0.0162172,0.00743831,0.0029706,0.0430505,0.0222199,0.0106055,0,0.00151137
3250,5,0.0162172,0.00796488,0.00270161,0.0407858,0.0125397,0.00924523,0,0.00137774
3251,5,0.0147069,0.00732724,0.0031032,0.0294517,0.00967355,0.00663366,0,0.001542
3252,5,0.0147069,0.00645028,0.00288243,0.0294517,0.00876545,0.00642286,0,0.00154873
3253,5,0.0133024,0.00573357,0.00259454,0.027046,0.0077848,0.00501302,0,0.00137883
3254,5,0.0146791,0.00554869,0.00259797,0.027046,0.00987533,0.00580815,0,0.00137962
3255,5,0.0146791,0.0052063,0.00251255,0.0214381,0.00793172,0.00474643,0,0.0012136
3256,5,0.0135648,0.00501513,0.00257468,0.0124377,0.00625421,0.00264083,0,0.00147769
3257,5,0.0135648,0.00548492,0.00250287,0.0204286,0.00874399,0.0039533,0,0.00165581
3258,5,0.0169617,0.00664508,0.00311752,0.0204286,0.00992232,0.00397009,0,0.00161826
3259,5,0.0169617,0.0070796,0.00336904,0.019248,0.00847175,0.00348111,0,0.00164029
3260,5,0.0155477,0.00628049,0.00328294,0.0196789,0.00925632,0.00364782,0,0.00159605
3261,5,0.0160432,0.00698651,0.00375661,0.020185,0.00944176,0.00370632,0,0.00155081
3262,5,0.0160432,0.00649062,0.00348386,0.0225287,0.00981368,0.00379722,0,0.00156388
3263,5,0.0133451,0.00491297,0.00221368,0.0225287,0.0101347,0.00339854,0,0.00143763
3264,5,0.0113467,0.00461082,0.00222014,0.0181334,0.00825231,0.00345669,0,0.00141559
3265,5,0.0328542,0.00904143,0.00662182,0.0362005,0.0117702,0.00725384,0,0.00198081
3266,5,0.166732,0.0287393,0.0339467,0.225236,0.0686105,0.0427828,1,0.00545331
3267,5,0.0262874,0.0108295,0.00504092,0.0635111,0.0462524,0.0079201,0,0.00148182
3268,5,0.0250262,0.00998744,0.00468683,0.0918412,0.0520627,0.017503,0,0.0014491
3269,5,0.0283657,0.0117125,0.00600928,0.0918412,0.040184,0.0258216,0,0.00119138
3270,5,0.0283657,0.0116248,0.00541513,0.0384082,0.0193567,0.00722103,0,0.00135974
3271,5,0.0188139,0.00870924,0.00360408,0.0373293,0.0174694,0.00680199,0,0.00178968
3272,5,0.0200299,0.00980468,0.00408943,0.0293496,0.013994,0.0071638,0,0.00174343
3273,5,0.0200299,0.0101694,0.00394195,0.0264537,0.0128498,0.00647032,0,0.00150021
3274,5,0.0196364,0.00793276,0.0037053,0.0242264,0.011266,0.00528414,0,0.00151754
3275,5,0.0158874,0.00674828,0.00305451,0.0182398,0.00947142,0.00347651,0,0.00139059
3276,5,0.0170785,0.00784495,0.00350542,0.0483188,0.0159317,0.0109084,0,0.00134082
3277,5,0.0192931,0.00859048,0.00390774,0.0483188,0.0166877,0.0109243,0,0.00172226
3278,5,0.0202355,0.00742574,0.00366602,0.0247842,0.0113124,0.00460741,0,0.0020907
3279,5,0.0202355,0.0085474,0.00347413,0.0263946,0.0119065,0.00415396,0,0.00187587
3280,4,0.215195,0.0971327,0.0673662,0.29111,0.103368,0.0432507,3,0.00552462
3281,4,0.0894929,0.0255483,0.0209084,0.100341,0.0622997,0.0213443,0,0.00160602
3282,4,0.0248094,0.0108941,0.0066039,0.0705295,0.0299863,0.017982,0,0.00202907
3283,4,0.0247088,0.00615734,0.00364719,0.0267195,0.0117779,0.0055481,0,0.00200135
3284,4,0.0185688,0.0060425,0.00308296,0.0143049,0.0081484,0.00256533,0,0.00140588
3285,4,0.0185688,0.00649807,0.0032922,0.0164332,0.00806986,0.00237238,0,0.00171979
3286,4,0.0152014,0.00572487,0.00265422,0.0164332,0.00669484,0.00273643,0,0.00158046
3287,4,0.0151648,0.00583603,0.00268155,0.0195353,0.0061834,0.00343001,0,0.0013075
3288,4,0.0191343,0.00604906,0.00343833,0.0195353,0.00662836,0.00330243,0,0.0015693
3289,4,0.0191343,0.00605151,0.00359538,0.0115371,0.00528975,0.00233982,0,0.00160134
3290,4,0.0172088,0.00563176,0.00321538,0.0111924,0.00436362,0.00189007,0,0.00158344
3291,4,0.0172088,0.00509624,0.00246848,0.013015,0.00506167,0.00246838,0,0.00155691
3292,4,0.0127118,0.0055553,0.00238434,0.013015,0.00554621,0.00257623,0,0.00145959
3293,4,0.0147649,0.00565969,0.00339727,0.012027,0.00614648,0.00254685,0,0.00158156
3294,4,0.0147649,0.00548137,0.0031195,0.012027,0.00563885,0.00254528,0,0.00137594
3295,4,0.0130753,0.00558023,0.00224217,0.0143777,0.00606246,0.00299603,0,0.00140651
3296,4,0.159644,0.0297978,0.0296837,0.45966,0.297944,0.0713474,1,0.0061424
3297,4,0.0415501,0.017904,0.00660007,0.328142,0.171283,0.0839636,0,0.001768
3298,4,0.0415501,0.0200329,0.0077865,0.159241,0.0684704,0.0370945,0,0.00206367
3299,4,0.0696291,0.015974,0.0131278,0.156938,0.0402217,0.0315695,1,0.00254253
3300,4,0.0696291,0.0172238,0.0142155,0.156938,0.0493276,0.0401247,1,0.00268052
3301,4,0.0621671,0.0167925,0.00999539,0.132977,0.0354288,0.0330234,0,0.00216024
3302,4,0.0273621,0.0090046,0.00552337,0.0322484,0.0113745,0.00507618,0,0.00142866
3303,4,0.0156748,0.00509799,0.00244313,0.0159571,0.0076995,0.00266949,0,0.00143787
3304,4,0.0156748,0.00467728,0.00244117,0.0167223,0.00722146,0.00298245,0,0.00141976
3305,4,0.014135,0.00542833,0.00285581,0.0188752,0.00854269,0.00365108,0,0.00126725
3306,4,0.0182873,0.0064264,0.00326059,0.020025,0.00874615,0.00390854,0,0.00157973
3307,4,0.0182873,0.0063526,0.00295277,0.020025,0.00822105,0.00396432,0,0.0015926
3308,4,0.0130326,0.00545184,0.00273796,0.0168344,0.00737692,0.00387261,0,0.00140817
3309,4,0.013075,0.00512277,0.00270989,0.0150988,0.00627533,0.00290857,0,0.00144121
3310,4,0.0136977,0.00550586,0.00250445,0.0184382,0.00749292,0.00379765,0,0.00134517
3311,4,0.0136977,0.00562051,0.00248696,0.0184382,0.00836934,0.00383017,0,0.00141484
3312,4,0.0129911,0.0063732,0.00262868,0.0192284,0.00895305,0.00362837,0,0.00145199
3313,6,0.225933,0.0970578,0.0480073,0.813547,0.234296,0.150729,2,0.0094304
3314,6,0.113945,0.0523776,0.0322623,0.241051,0.101514,0.0458029,2,0.00357706
3315,6,0.0448543,0.0180008,0.00971278,0.11675,0.0440677,0.0315401,0,0.00183453
3316,6,0.025677,0.0143771,0.00557125,0.0343103,0.0194119,0.00477861,0,0.00157661
3317,6,0.0248999,0.0107369,0.00699166,0.0274495,0.0177502,0.00435927,0,0.00189933
3318,6,0.0177709,0.00589789,0.00312892,0.0389591,0.0178854,0.00716773,0,0.00211266
3319,6,0.0274531,0.0134328,0.00804207,0.0389591,0.0197525,0.00799008,0,0.00151179
3320,6,0.0274531,0.0195985,0.00355817,0.0337359,0.0140838,0.00768501,0,0.00129991
3321,6,0.0271272,0.0176964,0.0038409,0.0437464,0.0120239,0.0084253,0,0.00163107
3322,6,0.0353396,0.0154148,0.0065612,0.0446035,0.0235315,0.0118585,0,0.00193063
3323,6,0.0353396,0.0174434,0.00715739,0.0446035,0.0251157,0.0087169,0,0.00182721
3324,6,0.0308219,0.0204267,0.00403963,0.0321046,0.0144951,0.00617858,0,0.00169389
3325,6,0.0293603,0.0162634,0.00587609,0.0246238,0.0121174,0.00490554,0,0.00167752
3326,6,0.0796368,0.0255017,0.0215807,0.32256,0.042985,0.0503504,3,0.00518003
3327,6,0.189799,0.0684822,0.0315821,0.463022,0.193619,0.0951877,3,0.0110008
3328,6,0.189799,0.0514198,0.0314305,0.463022,0.144653,0.095499,2,0.010766
3329,6,0.0621498,0.0248066,0.0141467,0.352712,0.0702244,0.0599241,2,0.00464573
3330,6,0.039204,0.0217412,0.00945374,0.0578324,0.0314513,0.0149959,0,0.00197056
3331,6,0.039204,0.0168276,0.0122485,0.0482363,0.0162091,0.00926299,3,0.00213098
3332,6,0.0238152,0.00966759,0.00593733,0.0338629,0.0176527,0.00850615,0,0.00216359
3333,6,0.0344815,0.017751,0.00732314,0.0338629,0.0197016,0.00835435,0,0.00160682
3334,6,0.0344815,0.0168213,0.00777589,0.045677,0.0193174,0.00828477,0,0.00166175
3335,6,0.0261284,0.0152714,0.00613229,0.045677,0.020291,0.00671111,0,0.00147066
3336,6,0.0261284,0.0155964,0.00537454,0.0281071,0.0125531,0.00616262,0,0.00126443
3337,6,0.0205579,0.00995558,0.00468112,0.0386201,0.0160839,0.0113183,0,0.00145892
3338,6,0.0332603,0.0163791,0.009056,0.0407298,0.0229018,0.0102566,0,0.00157401
3339,6,0.0332603,0.017608,0.00790887,0.0484005,0.0219506,0.00920466,0,0.00142101
3340,6,0.0299181,0.0155385,0.00668767,0.0484005,0.0212837,0.0084944,0,0.0015866
3341,6,0.0299181,0.0160506,0.00604829,0.0413568,0.0142123,0.00900977,0,0.00155256
3342,6,0.0252901,0.00997542,0.00478571,0.0389483,0.0148042,0.00930632,0,0.00141935
3343,6,0.0301538,0.0149099,0.00821829,0.0389483,0.0203305,0.00856317,0,0.00143294
3344,6,0.0301538,0.0164853,0.00667589,0.0375821,0.0190223,0.00810187,0,0.00160255
3345,6,0.0261319,0.0142185,0.00471427,0.0375821,0.0169859,0.00698604,0,0.00176029
3346,6,0.0261319,0.0139759,0.00458547,0.0275416,0.0114203,0.00613645,0,0.00155054
3347,6,0.0956366,0.0208032,0.0208917,0.324483,0.0373722,0.0566578,2,0.00506277
3348,1,0.572311,0.242874,0.0943866,1.13028,0.626067,0.238094,3,0.0396098
3349,1,0.572311,0.264644,0.101627,1.01948,0.56462,0.214241,3,0.0432279
3350,1,0.577813,0.285942,0.0999014,1.36074,0.597863,0.237659,4,0.0429605
3351,1,0.577813,0.289987,0.100072,1.36074,0.640734,0.249162,4,0.0476962
3352,1,0.618829,0.278576,0.095949,1.17844,0.616442,0.224779,2,0.0477675
3353,1,0.618829,0.287937,0.0930219,1.33944,0.614204,0.215164,3,0.0503497
3354,1,0.509534,0.293544,0.0933491,1.33944,0.601569,0.212018,4,0.0500933
3355,1,0.626074,0.293845,0.0993423,1.1185,0.597236,0.214451,4,0.0482022
3356,1,0.626074,0.296251,0.0930046,1.1464,0.605524,0.203007,3,0.0453103
3357,1,0.483655,0.290614,0.0850713,1.16555,0.598882,0.199002,2,0.0386226
3358,1,0.492933,0.287332,0.0868657,1.16555,0.592117,0.214234,2,0.0435076
3359,1,0.56186,0.285045,0.0920201,0.999754,0.59519,0.194068,3,0.045977
3360,1,0.56186,0.293301,0.0921926,1.23247,0.624382,0.230118,2,0.0439549
3361,1,0.534887,0.298643,0.0964312,1.48912,0.649514,0.256446,3,0.0476327
3362,1,0.534887,0.29623,0.0996125,1.48912,0.6488,0.218904,4,0.0476538
3363,1,0.504705,0.294729,0.0914074,1.13197,0.628057,0.224511,5,0.0474821
3364,1,0.49474,0.279308,0.0948421,1.4068,0.621915,0.245084,5,0.0514959
3365,1,0.540011,0.26743,0.091641,1.09959,0.553581,0.223622,4,0.0412528
3366,1,0.516145,0.2837,0.0858159,1.31878,0.585318,0.212672,4,0.0436811
3367,1,0.507294,0.283518,0.0806725,1.31878,0.58612,0.22182,4,0.0447277
3368,1,0.572194,0.292093,0.0812411,1.25299,0.590583,0.222329,5,0.0403999
3369,1,0.572194,0.292037,0.0804037,1.25299,0.608768,0.221206,4,0.0360627
3370,1,0.50538,0.296967,0.0860238,1.11393,0.614515,0.219085,3,0.0437444
3371,1,0.50538,0.306979,0.0920719,1.21723,0.648607,0.221479,3,0.0492021
3372,1,0.542528,0.301073,0.093096,1.21723,0.643928,0.230061,2,0.0468367
3373,1,0.542528,0.302681,0.0899039,1.06051,0.639563,0.218614,4,0.0426376
3374,1,0.517029,0.307512,0.0839733,1.24023,0.658254,0.226856,3,0.041811
3375,1,0.517029,0.304318,0.0871076,1.24023,0.656515,0.244105,4,0.0411425
3376,1,0.514635,0.303463,0.0889962,1.17086,0.642739,0.224325,4,0.0402293
3377,1,0.560229,0.298511,0.0914064,1.17964,0.628825,0.22499,3,0.0431381
3378,1,0.560229,0.297772,0.0960101,1.28722,0.619829,0.23317,2,0.0448564
3379,1,0.552025,0.299908,0.0967543,1.28722,0.607548,0.229471,2,0.0454097
3380,3,0.919162,0.326321,0.191962,1.21929,0.551466,0.221963,4,0.0800676
3381,3,0.919162,0.331719,0.178975,1.02217,0.507152,0.171227,4,0.0700716
3382,3,0.732573,0.334614,0.160278,1.57942,0.701643,0.304328,4,0.0678554
3383,3,0.887776,0.363405,0.179395,1.38135,0.593491,0.245796,4,0.0735363
3384,3,0.961907,0.336448,0.174414,1.38216,0.623458,0.286574,4,0.0720611
3385,3,0.961907,0.332555,0.177207,1.38216,0.657188,0.283371,4,0.0713448
3386,3,0.903322,0.35566,0.194138,1.56114,0.662701,0.282029,4,0.0671448
3387,3,1.05305,0.388617,0.217824,1.56114,0.60131,0.274354,4,0.080134
3388,2,0.735411,0.332675,0.165217,1.31404,0.605992,0.207201,3,0.0622334
3389,2,0.735411,0.321474,0.151227,1.13669,0.568566,0.218687,4,0.0563096
3390,2,0.690587,0.324096,0.146446,1.46236,0.805206,0.325357,5,0.0500247
3391,2,0.825399,0.348433,0.168203,1.46236,0.815164,0.321262,5,0.0545021
3392,2,0.825399,0.361531,0.153595,1.2561,0.683805,0.249505,4,0.0502552
3393,2,0.659063,0.333278,0.146586,1.2561,0.679041,0.248049,4,0.0470368
3394,2,0.659063,0.307139,0.14332,1.08702,0.663727,0.228228,4,0.0457056
3395,2,0.67058,0.326086,0.147741,1.07286,0.635431,0.222137,4,0.0466233
3396,3,0.930567,0.435862,0.212964,1.84812,0.785822,0.332652,6,0.0817035
3397,3,0.930567,0.426089,0.212185,1.37538,0.644992,0.273191,5,0.068568
3398,3,0.870218,0.380217,0.187073,1.59819,0.813192,0.364559,4,0.0702941
3399,3,0.870218,0.3798,0.190093,1.59819,0.775788,0.378171,4,0.0756743
3400,3,0.95053,0.387556,0.190907,1.56452,0.741532,0.34026,4,0.0805684
3401,3,1.017,0.39869,0.216468,1.62108,0.83841,0.348658,6,0.0931519
3402,3,1.017,0.392755,0.219486,1.63933,0.750955,0.332464,6,0.0917003
3403,3,1.03534,0.375987,0.216329,1.63933,0.655687,0.277388,4,0.0939336
3404,2,0.93193,0.373479,0.175924,1.52829,0.940981,0.269395,4,0.0694655
3405,2,0.734568,0.351547,0.173275,1.43966,0.730809,0.261983,5,0.0643507
3406,2,0.879549,0.380762,0.198864,1.92027,0.857071,0.355007,5,0.0679472
3407,2,0.879549,0.377763,0.198591,1.92027,0.878701,0.354252,4,0.0709047
3408,2,0.870864,0.346697,0.178961,1.34729,0.708653,0.292941,2,0.0618058
3409,2,0.870864,0.332178,0.165738,1.34188,0.755771,0.290862,2,0.0554666
3410,2,0.674237,0.300075,0.148014,1.35974,0.78355,0.259201,2,0.050521
3411,2,0.633148,0.298092,0.159625,1.49577,0.767543,0.267346,3,0.0499537
3412,3,1.10955,0.46197,0.242228,1.88235,0.969535,0.373075,5,0.103367
3413,3,1.18895,0.459022,0.245306,1.88235,0.842201,0.391171,4,0.106069
3414,3,1.18895,0.434074,0.225134,2.15963,0.774064,0.37572,5,0.0984436
3415,3,1.15998,0.42087,0.22476,2.15963,0.862999,0.428798,5,0.103203
3416,3,1.06278,0.411704,0.224338,2.0414,0.791269,0.391961,5,0.103244
3417,3,1.12327,0.440607,0.246362,1.90834,0.785724,0.357537,5,0.106968
3418,3,1.14456,0.441877,0.245617,1.90834,0.7919,0.336856,6,0.10344
3419,2,0.932953,0.376985,0.177144,1.93268,0.971783,0.334031,6,0.0665779
3420,2,1.00129,0.353327,0.187652,1.93268,0.899184,0.337187,5,0.0707205
3421,2,1.00129,0.359969,0.190101,1.72745,0.868947,0.360368,4,0.0708459
3422,2,0.736097,0.356676,0.167236,1.72745,0.804831,0.371957,4,0.0574938
3423,2,0.938814,0.375239,0.179919,1.39508,0.690453,0.29494,5,0.0698681
3424,2,0.938814,0.368762,0.195758,1.38605,0.732223,0.293085,3,0.0751552
3425,2,0.888131,0.318928,0.188607,1.34934,0.727669,0.279345,4,0.0625178
3426,2,0.740637,0.328042,0.162423,1.6706,0.730664,0.296478,6,0.0618087
3427,5,0.0818289,0.0381447,0.0132825,0.499536,0.141487,0.0941058,0,0.00948689
3428,5,0.0818289,0.0384079,0.0123935,0.499536,0.100064,0.0839418,2,0.0058405
3429,5,0.0595707,0.0260947,0.0128436,0.18211,0.0573001,0.0396797,3,0.00375808
3430,5,0.0354682,0.0139931,0.00707337,0.0641643,0.02219,0.0148581,0,0.0016398
3431,5,0.0288549,0.00907627,0.00514871,0.0284067,0.0111735,0.00592147,0,0.00158676
3432,5,0.0169729,0.00681235,0.00325058,0.0207511,0.0100542,0.00426828,0,0.00169225
3433,5,0.0207179,0.00939322,0.00457918,0.0249174,0.0118212,0.00471059,0,0.00170231
3434,5,0.0218642,0.0122526,0.00409689,0.0526192,0.0184438,0.0121993,0,0.00146513
3435,5,0.0218642,0.0106544,0.00460596,0.0526192,0.0194693,0.0124503,0,0.00167359
3436,5,0.0196192,0.0104455,0.00451451,0.0351025,0.0161115,0.00678549,0,0.00178377
3437,5,0.0196192,0.0102388,0.00379298,0.029448,0.0153032,0.00499374,0,0.00152459
3438,5,0.0145743,0.00827692,0.00272264,0.0184775,0.0115655,0.00354203,0,0.0011666
3439,5,0.0145029,0.00713746,0.00314635,0.0184775,0.0103489,0.00328204,0,0.00116826
3440,5,0.0145029,0.00594972,0.00275069,0.0202047,0.00913546,0.00362648,0,0.00127268
3441,5,0.0118408,0.00539344,0.00226509,0.0221164,0.00912551,0.0041939,0,0.00128307
3442,5,0.0167623,0.00709429,0.00344079,0.022525,0.0103423,0.00478883,0,0.00138686
3443,5,0.0179148,0.00760822,0.00339008,0.022525,0.00992659,0.00511756,0,0.0015892
3444,5,0.363324,0.10377,0.105399,0.222782,0.118195,0.049389,1,0.00389879
3445,5,0.0574843,0.0240027,0.0160428,0.176448,0.0712969,0.0482174,2,0.00149816
3446,5,0.0317257,0.0098288,0.00473359,0.063479,0.0407087,0.0140343,0,0.00157501
3447,5,0.0291645,0.013453,0.00687702,0.0554786,0.0322648,0.0142625,0,0.00170188
3448,5,0.0291645,0.0139205,0.00644073,0.0477672,0.0233074,0.0107504,0,0.00171396
3449,5,0.0210085,0.00781946,0.00348704,0.0421327,0.019119,0.00878005,0,0.00151207
3450,5,0.0188844,0.00692642,0.00347137,0.0250595,0.0151141,0.00479736,0,0.0017465
3451,5,0.0188844,0.0077869,0.00347823,0.0313668,0.0138635,0.00563548,0,0.00170638
3452,5,0.0170389,0.00775092,0.00291126,0.0313668,0.0137718,0.005809,0,0.00142461
3453,5,0.0170483,0.00763927,0.00296524,0.0294227,0.0108788,0.00563326,0,0.0013946
3454,5,0.0237778,0.00795325,0.00367354,0.0666811,0.017588,0.0144383,0,0.00154165
3455,5,0.0270144,0.012966,0.00651488,0.0666811,0.0222047,0.0126741,0,0.00164006
3456,5,0.0270144,0.0141046,0.00566832,0.0417542,0.0159157,0.00638961,0,0.00139601
3457,5,0.0203414,0.00923407,0.00409862,0.0504245,0.0215578,0.0117196,0,0.00156998
3458,5,0.01666,0.00877374,0.00375975,0.0701006,0.0307414,0.0153773,0,0.00180613
3459,5,0.0180346,0.00849239,0.00392957,0.0701006,0.0291574,0.0147745,0,0.00154784
3460,5,0.0180346,0.00794844,0.00403715,0.0495091,0.0253092,0.00936526,0,0.00167784
3461,5,0.0438529,0.0098517,0.00732623,0.126513,0.0258309,0.0163671,0,0.0025801
3462,4,0.24403,0.0732034,0.060854,0.246666,0.137583,0.0324457,1,0.00393577
3463,4,0.0446535,0.0194102,0.0128095,0.165338,0.0882234,0.0315889,3,0.00194275
3464,4,0.021516,0.0079141,0.00447423,0.0896565,0.0477663,0.018006,0,0.00180506
3465,4,0.0390207,0.0138515,0.00886365,0.110389,0.0382513,0.0172684,0,0.00244821
3466,4,0.0390207,0.0180049,0.00767132,0.110389,0.0409137,0.0202323,0,0.00261873
3467,4,0.0368919,0.020438,0.00770233,0.100001,0.034181,0.0210425,0,0.00227472
3468,4,0.0368919,0.0166305,0.00979818,0.100001,0.018753,0.0193427,0,0.00150391
3469,4,0.0199849,0.0104145,0.0046061,0.0324801,0.0114395,0.00742592,0,0.00134255
3470,4,0.0196781,0.0095369,0.00465979,0.0324801,0.0120016,0.00701677,0,0.00159052
3471,4,0.0196781,0.00698706,0.00306475,0.0150995,0.00889264,0.00316601,0,0.00151938
3472,4,0.0128669,0.00634623,0.00260105,0.0147549,0.00730538,0.00290863,0,0.00126213
3473,4,0.0121387,0.00615205,0.00235117,0.0307481,0.00975947,0.00520842,0,0.00115187
3474,4,0.0213452,0.00871532,0.00463411,0.0321564,0.0117205,0.0061637,0,0.00178649
3475,4,0.0213452,0.00869728,0.00474567,0.0321564,0.0106079,0.00535002,0,0.0019287
3476,4,0.015855,0.00700066,0.0028486,0.0181626,0.00996488,0.00308015,0,0.00150231
3477,4,0.0157338,0.00692673,0.00276385,0.113669,0.0129685,0.0169317,0,0.0014327
3478,4,0.254355,0.0839457,0.0668508,0.504083,0.32522,0.0808418,0,0.00309072
3479,4,0.0685556,0.0257796,0.0159727,0.33473,0.187679,0.0811766,2,0.00151205
3480,4,0.0256502,0.0156355,0.00535424,0.187552,0.0749686,0.0512736,0,0.00130025
3481,4,0.0237117,0.0108791,0.00475673,0.0594644,0.0278781,0.00962177,0,0.00133725
3482,4,0.0206738,0.0105204,0.00397205,0.0331973,0.0218562,0.00496854,0,0.00135318
3483,4,0.0181737,0.00944432,0.00455294,0.0383309,0.0246028,0.00641574,0,0.0014662
3484,4,0.0247601,0.0104483,0.00563589,0.0383309,0.0211595,0.0101905,0,0.00161043
3485,4,0.0247601,0.0124537,0.00568512,0.0331461,0.0142933,0.0076584,0,0.00152427
3486,4,0.0228829,0.0103546,0.00530217,0.0313359,0.00984443,0.00709132,0,0.00121886
3487,4,0.0191765,0.00760007,0.00427172,0.0207317,0.00716913,0.00420797,0,0.00168321
3488,4,0.0263215,0.00796969,0.00416699,0.0216216,0.00981446,0.00472293,0,0.0019685
3489,4,0.0263215,0.0079383,0.00392945,0.0216216,0.00804302,0.00444539,0,0.00163192
3490,4,0.0138766,0.00587813,0.00270731,0.0177506,0.00881921,0.00426902,0,0.00128112
3491,4,0.0176016,0.007548,0.00349946,0.0177506,0.00867706,0.00436264,0,0.00137513
3492,4,0.0176016,0.00705669,0.00380718,0.0232685,0.00859259,0.00525928,0,0.00161997
3493,6,0.577117,0.129288,0.137638,0.96469,0.372674,0.158719,1,0.0166724
3494,6,0.148125,0.0614796,0.0322888,0.629238,0.274225,0.123292,3,0.00993511
3495,6,0.148125,0.0462185,0.0345298,0.611483,0.162792,0.131253,2,0.00707082
3496,6,0.0538562,0.0202626,0.0122409,0.157491,0.062506,0.0337209,2,0.00339662
3497,6,0.03428,0.0116052,0.00543115,0.157491,0.0349482,0.0237124,0,0.00297029
3498,6,0.0229217,0.0104166,0.00436208,0.0528148,0.019768,0.00615607,0,0.00201172
3499,6,0.0229217,0.0113485,0.00487801,0.0497072,0.0192923,0.00921022,0,0.00171909
3500,6,0.0214385,0.00979294,0.00517947,0.0497072,0.013982,0.0111949,0,0.0015588
3501,6,0.0214385,0.0070226,0.00422615,0.0292139,0.0115695,0.00682348,0,0.00188886
3502,6,0.0232625,0.00948467,0.00507704,0.0387284,0.0165166,0.00686942,0,0.00213691
3503,6,0.0232625,0.011224,0.00472048,0.0423306,0.0205428,0.0101978,0,0.00188381
3504,6,0.0236412,0.0122193,0.00501627,0.0423306,0.0180643,0.0114541,0,0.00139259
3505,6,0.0236412,0.0103857,0.00547593,0.0352248,0.0137346,0.00772588,0,0.00130477
3506,6,0.023192,0.0101761,0.00570729,0.0398762,0.0183227,0.00821138,0,0.00142715
3507,6,0.0249017,0.0128938,0.00502013,0.0977402,0.0242022,0.0126434,0,0.00158716
3508,6,0.139176,0.0567525,0.0329707,0.337073,0.146161,0.0838002,1,0.00511733
3509,6,0.0813241,0.0344143,0.0191429,0.185494,0.0646691,0.0428267,3,0.00493184
3510,6,0.0795309,0.0174546,0.0166797,0.147387,0.0314122,0.0270095,1,0.00356543
3511,6,0.0132913,0.00651447,0.00300284,0.0285933,0.0185428,0.0045656,0,0.00156918
3512,6,0.0174649,0.00676961,0.00333053,0.0274281,0.017283,0.00415519,0,0.00148415
3513,6,0.022251,0.0085521,0.00388919,0.0342783,0.0183205,0.00508319,0,0.00155471
3514,6,0.022251,0.010014,0.00418238,0.0342783,0.0135625,0.00739168,0,0.00200143
3515,6,0.021903,0.00973442,0.00450559,0.0251475,0.0113182,0.00514206,0,0.00210606
3516,6,0.021903,0.00908674,0.00458589,0.0251475,0.0159951,0.00510689,0,0.00178764
3517,6,0.0197125,0.00943142,0.00428232,0.0240361,0.0124489,0.00662875,0,0.00164456
3518,6,0.0222894,0.0096529,0.00471724,0.028551,0.0130539,0.00688526,0,0.00176263
3519,6,0.0234917,0.0110671,0.00608064,0.043722,0.0213466,0.00893716,0,0.00177798
3520,6,0.0252031,0.0135399,0.00556152,0.043722,0.0199981,0.0116212,0,0.00162658
3521,6,0.0252031,0.0106082,0.00587237,0.0336257,0.011457,0.00925212,0,0.00131304
3522,6,0.0216018,0.00861338,0.00484051,0.0320491,0.0139196,0.00813374,0,0.0015434
3523,6,0.0228136,0.0128868,0.00437382,0.0320491,0.0170602,0.00608006,0,0.00170215
3524,6,0.0228136,0.0121335,0.00470525,0.045101,0.0176862,0.0116217,0,0.00171977
3525,6,0.0273919,0.0140666,0.00640877,0.045101,0.0230978,0.012931,0,0.00156698
3526,6,0.0273919,0.0140664,0.00648805,0.0407197,0.0160074,0.0117531,0,0.00124105
3527,6,0.020849,0.00804688,0.0039401,0.0329162,0.0123017,0.00777049,0,0.00148889
3528,6,0.036258,0.011549,0.00755973,0.116779,0.0260851,0.0203883,0,0.00304803
3529,1,0.660694,0.274437,0.11274,1.65794,0.700662,0.407503,3,0.0474504
3530,1,0.662638,0.298284,0.107682,1.62613,0.666327,0.37141,3,0.043417
3531,1,0.703398,0.296904,0.116617,1.62613,0.696138,0.363614,2,0.0492755
3532,1,0.706592,0.288182,0.121654,1.47038,0.675916,0.299983,2,0.0527433
3533,1,0.706592,0.285461,0.113506,1.38593,0.670588,0.272929,2,0.051061
3534,1,0.757708,0.288879,0.118697,1.38593,0.671631,0.273024,3,0.0477251
3535,1,0.757708,0.288456,0.117117,1.14878,0.663815,0.268351,4,0.0428967
3536,1,0.681019,0.279288,0.106806,1.14878,0.641887,0.266868,4,0.0405102
3537,1,0.681019,0.275871,0.106575,1.13549,0.626228,0.270566,4,0.0415529
3538,1,0.649667,0.278382,0.100504,1.19429,0.655819,0.295206,4,0.044169
3539,1,0.679841,0.284599,0.108032,1.2685,0.686921,0.327202,2,0.0440848
3540,1,0.679841,0.294997,0.110428,1.35995,0.698583,0.318835,2,0.0430089
3541,1,0.668738,0.294618,0.105135,1.35995,0.654197,0.286238,2,0.0449923
3542,1,0.668738,0.283437,0.108203,1.1817,0.612198,0.261145,3,0.0438702
3543,1,0.721623,0.267097,0.115987,1.09082,0.577062,0.235936,3,0.0478387
3544,1,0.821072,0.291931,0.112655,1.50742,0.686084,0.324748,2,0.0509623
3545,1,0.781,0.310627,0.115358,1.19609,0.643459,0.268898,5,0.045506
3546,1,0.781,0.319419,0.115067,1.17027,0.651443,0.247153,3,0.0476028
3547,1,0.68734,0.302532,0.106877,1.18582,0.647551,0.260546,4,0.0483696
3548,1,0.68734,0.298348,0.111353,1.20448,0.675077,0.264406,3,0.0458124
3549,1,0.699031,0.310721,0.116536,1.20448,0.679528,0.258305,3,0.0454238
3550,1,0.699031,0.316924,0.117465,1.17858,0.678626,0.235152,5,0.0488622
3551,1,0.634755,0.316907,0.11783,1.34889,0.707625,0.282491,3,0.0495667
3552,1,0.636139,0.321317,0.111378,1.34889,0.711066,0.303368,5,0.0492292
3553,1,0.67487,0.310786,0.101307,1.35227,0.700285,0.293589,5,0.0481346
3554,1,0.688804,0.310499,0.100517,1.35227,0.755029,0.326042,5,0.0519339
3555,1,0.691394,0.317562,0.11079,1.32868,0.812802,0.308356,5,0.0511425
3556,1,0.691394,0.305477,0.110938,1.37168,0.773464,0.308098,4,0.0452892
3557,1,0.71179,0.293198,0.106123,1.37168,0.704648,0.298293,4,0.046235
3558,3,0.846051,0.345234,0.1853,1.38157,0.528929,0.268829,4,0.0755269
3559,3,0.846051,0.38525,0.192307,1.80418,0.580552,0.339712,5,0.0752479
3560,3,0.954628,0.388598,0.171656,1.92491,0.731189,0.44066,4,0.0695584
3561,3,0.954628,0.398433,0.186465,1.92491,0.728755,0.390124,4,0.0812147
3562,3,0.903619,0.388229,0.187582,1.6953,0.753476,0.376544,5,0.080322
3563,3,0.936007,0.364867,0.170236,1.6953,0.865845,0.369443,5,0.068502
3564,3,0.949141,0.399341,0.196392,1.64153,0.731738,0.310887,4,0.0753281
3565,3,0.949141,0.387636,0.208792,1.28967,0.583366,0.250899,5,0.0810486
3566,3,1.0744,0.414081,0.20748,2.13187,0.917371,0.414616,4,0.0816232
3567,3,0.936973,0.416577,0.210921,2.13187,0.795243,0.416162,5,0.0798971
3568,3,0.96731,0.405207,0.200375,2.2243,0.831097,0.441774,6,0.074569
3569,3,0.96731,0.403759,0.184381,2.2243,0.900821,0.47931,6,0.0685174
3570,3,0.888711,0.395201,0.1806,1.6491,0.777287,0.395462,5,0.0689603
3571,3,0.908438,0.407849,0.197615,1.59404,0.76916,0.306619,5,0.0769228
3572,3,1.01536,0.428068,0.211955,1.59404,0.721276,0.300452,5,0.07751
3573,2,0.678767,0.32678,0.147663,1.56353,0.874357,0.325299,3,0.0498377
3574,2,0.671173,0.340465,0.153163,1.52488,0.748929,0.311432,5,0.0470056
3575,2,0.831868,0.327962,0.153682,1.69395,0.842776,0.409587,4,0.0462896
3576,2,0.831868,0.335571,0.160479,1.69395,0.823866,0.425706,5,0.0568095
3577,2,0.642062,0.322639,0.151024,1.08196,0.55893,0.234164,5,0.0498563
3578,2,0.636379,0.31219,0.132474,1.37457,0.568925,0.235305,5,0.0401809
3579,2,0.590956,0.299488,0.128879,1.37457,0.647684,0.261963,5,0.0423486
3580,2,0.691517,0.293311,0.140943,1.13009,0.652951,0.212056,4,0.0441307
3581,2,0.724805,0.320194,0.157289,2.37739,0.942246,0.405336,5,0.0485867
3582,2,0.721552,0.331722,0.162189,1.55562,0.87987,0.316342,5,0.0543674
3583,2,0.918485,0.369424,0.174134,1.55562,0.793302,0.337953,4,0.0584648
3584,2,0.918485,0.36436,0.174871,1.50879,0.686083,0.320035,4,0.0595024
3585,2,0.8451,0.340449,0.180412,1.07298,0.574232,0.212377,6,0.0606303
3586,2,0.874866,0.341348,0.180236,1.66714,0.635718,0.307536,4,0.0602662
3587,2,0.874866,0.326001,0.156714,1.66714,0.679302,0.30308,5,0.0545998
3588,2,0.75524,0.314242,0.166832,1.07985,0.60536,0.198508,5,0.0528899
3589,2,0.808969,0.346326,0.181748,2.73849,0.972828,0.48257,4,0.0569817
3590,2,0.808969,0.372795,0.197549,1.43979,0.828816,0.295925,5,0.0627768
3591,2,0.774676,0.370587,0.178301,1.99678,0.81507,0.382946,3,0.0544282
3592,2,0.67234,0.350525,0.163485,1.99678,0.740738,0.391765,4,0.0454565
3593,2,0.713326,0.35229,0.177186,1.04959,0.568754,0.196387,6,0.0540369
3594,2,0.760757,0.353039,0.167163,1.8172,0.631442,0.310733,5,0.0581167
3595,2,0.82011,0.350256,0.174944,1.8172,0.654467,0.335445,5,0.0649099
3596,2,0.82011,0.334262,0.185576,1.26032,0.624265,0.265896,4,0.0664288
3597,3,1.05137,0.348743,0.213969,1.89734,0.885618,0.403882,3,0.0757585
3598,3,1.05137,0.40271,0.213509,1.89734,0.796661,0.388478,5,0.0846063
3599,3,0.952865,0.391542,0.197253,2.41514,0.909087,0.470637,4,0.0842812
3600,3,1.00467,0.418869,0.216779,2.41514,0.863426,0.48062,5,0.0911267
3601,3,1.00467,0.402892,0.198583,1.82555,0.751352,0.353713,5,0.0800534
3602,3,0.955458,0.41065,0.175802,1.5188,0.758212,0.362727,5,0.0621467
3603,3,1.04701,0.455421,0.213865,1.67048,0.698096,0.343176,4,0.0841469
3604,3,1.04701,0.428059,0.232777,1.67048,0.683221,0.304009,5,0.0923303
3605,5,0.0848821,0.0323723,0.0179002,0.41742,0.155189,0.0812807,1,0.00551394
3606,5,0.0483288,0.0248559,0.0102015,0.16779,0.100695,0.03103,0,0.0027161
3607,5,0.0539528,0.0262535,0.0119724,0.145226,0.0722907,0.0355,3,0.00344529
3608,5,0.0539528,0.0231704,0.01263,0.200422,0.0657742,0.0425961,2,0.00386665
3609,5,0.0523147,0.0137102,0.0104583,0.200422,0.0459439,0.0444836,0,0.00285988
3610,5,0.0309449,0.00886818,0.00517185,0.0527184,0.0201783,0.00936497,0,0.00207252
3611,5,0.0242929,0.0105344,0.00577893,0.0572065,0.0244207,0.0109162,0,0.00164817
3612,5,0.0242929,0.0103606,0.00576621,0.0572065,0.0192096,0.0123981,0,0.00171612
3613,5,0.0229876,0.00922348,0.0046817,0.0375976,0.0156156,0.00836927,0,0.0016811
3614,5,0.0275367,0.0114143,0.0055686,0.0440643,0.0211085,0.00795045,0,0.00181403
3615,5,0.0275367,0.00916831,0.00580815,0.0461773,0.017964,0.00946743,0,0.002006
3616,5,0.0150137,0.00624008,0.00260848,0.0461773,0.0126077,0.00712811,0,0.00173504
3617,5,0.0152025,0.0070565,0.00297316,0.0379407,0.0119037,0.00676598,0,0.00145955
3618,5,0.0152025,0.00654812,0.00331088,0.0379407,0.0102168,0.00662677,0,0.00138634
3619,5,0.0201316,0.0065628,0.00364863,0.0244706,0.00927428,0.00452103,0,0.00170376
3620,5,0.0223278,0.00878687,0.004528,0.0655659,0.0154618,0.0136745,0,0.00193844
3621,5,0.0525575,0.0159173,0.0102755,0.110833,0.0371761,0.0298604,0,0.00265324
3622,5,0.0525575,0.0217479,0.00946521,0.110833,0.0483066,0.026605,0,0.00353508
3623,5,0.0459774,0.0179894,0.00721196,0.0819154,0.03437,0.0190571,0,0.00320171
3624,5,0.0255529,0.0129608,0.00507547,0.060867,0.0228889,0.0123251,0,0.00175872
3625,5,0.193041,0.060509,0.0303322,0.495846,0.247487,0.0548088,3,0.0140387
3626,5,0.193041,0.0413916,0.0284193,0.495846,0.192317,0.0956637,2,0.014437
3627,5,0.0960359,0.0225791,0.0182437,0.456358,0.0960344,0.0921,3,0.00668068
3628,5,0.0204503,0.0103484,0.00438487,0.0721986,0.0297683,0.0148681,0,0.00173657
3629,5,0.0409368,0.0116371,0.00671471,0.121403,0.0308683,0.0270556,0,0.00328375
3630,5,0.0409368,0.0114689,0.00680327,0.121403,0.0394333,0.0270572,0,0.00322344
3631,5,0.0215431,0.00809643,0.00428695,0.0772676,0.0265625,0.0171583,0,0.00173353
3632,5,0.0180979,0.00726534,0.0035054,0.0370765,0.0191629,0.00795635,0,0.00162904
3633,5,0.0180979,0.00879121,0.00381012,0.0356335,0.0150133,0.00826557,0,0.00195485
3634,5,0.0176721,0.00867451,0.00371968,0.0200983,0.0101497,0.00399168,0,0.00190216
3635,5,0.0174664,0.00685443,0.0032473,0.0200983,0.0106778,0.00387989,0,0.00158869
3636,5,0.013316,0.00646865,0.00279779,0.0307142,0.0110284,0.00517304,0,0.00142934
3637,5,0.014232,0.00657508,0.00316116,0.0406012,0.0167817,0.0101998,0,0.0016487
3638,5,0.0161004,0.00729854,0.00362223,0.0670969,0.0236447,0.0123466,0,0.00169268
3639,5,0.0182303,0.00990983,0.00359993,0.0670969,0.0215586,0.0109802,0,0.00154799
3640,5,0.0182303,0.00968065,0.00367964,0.0333779,0.0161336,0.00771625,0,0.00158749
3641,5,0.0178369,0.00814607,0.00334092,0.0371938,0.0166936,0.00825951,0,0.00153918
3642,5,0.0156531,0.00682018,0.00303296,0.0371938,0.0149951,0.0066673,0,0.00143612
3643,5,0.0145843,0.0056333,0.00263083,0.0358375,0.0125506,0.00596219,0,0.00153477
3644,5,0.0217694,0.0084665,0.00441151,0.050834,0.016967,0.00969494,0,0.00133081
3645,5,0.0217694,0.00915875,0.00387216,0.0560391,0.0196012,0.0110038,0,0.00128215
3646,4,0.216181,0.0518352,0.0442156,0.290119,0.230052,0.0463047,0,0.00282727
3647,4,0.0596601,0.018309,0.0155816,0.257243,0.146701,0.054234,1,0.00179986
3648,4,0.0500874,0.0167951,0.0115705,0.165475,0.0771646,0.0391198,2,0.00240421
3649,4,0.0500874,0.0194268,0.0107521,0.127917,0.0403856,0.0262305,0,0.00291052
3650,4,0.0263827,0.0129136,0.00611493,0.0835037,0.0298837,0.0170592,0,0.00246773
3651,4,0.0260922,0.0116423,0.00517653,0.0835037,0.0287001,0.0142112,0,0.00250906
3652,4,0.0300672,0.010937,0.00557596,0.073977,0.0213166,0.0134884,0,0.00264982
3653,4,0.0300672,0.00935293,0.0052658,0.0491677,0.0151722,0.00931259,0,0.00264146
3654,4,0.0223833,0.00840542,0.00430655,0.0491677,0.0141825,0.00908837,0,0.00201428
3655,4,0.0185493,0.0081701,0.00375281,0.0415338,0.0129703,0.00848408,0,0.00165211
3656,4,0.0185493,0.00771212,0.00341659,0.0304341,0.0116967,0.00787506,0,0.00148455
3657,4,0.0160088,0.00761723,0.00347282,0.0369057,0.0141609,0.00874272,0,0.00138208
3658,4,0.0168024,0.00794875,0.00393486,0.0369057,0.0149197,0.0091063,0,0.00145702
3659,4,0.02009,0.00837051,0.00442809,0.0347386,0.0128466,0.00768791,0,0.00166636
3660,4,0.02009,0.00740757,0.0040498,0.0313441,0.0110846,0.0060535,0,0.00167364
3661,4,0.0149797,0.00663223,0.00297069,0.0302023,0.0108879,0.00571715,0,0.00159101
3662,4,0.0149797,0.00761693,0.00297249,0.0302023,0.0115962,0.00543314,0,0.00149004
3663,4,0.0175785,0.00755743,0.00296437,0.0242285,0.0106673,0.00531009,0,0.0015599
3664,4,0.0175785,0.00749702,0.00292781,0.0318053,0.0104299,0.00616398,0,0.00154685
3665,4,0.211027,0.0628875,0.0600995,0.562517,0.363888,0.112792,2,0.00400962
3666,4,0.0426118,0.0200995,0.0116188,0.371504,0.198563,0.0874433,3,0.0023885
3667,4,0.0951311,0.0239358,0.0202425,0.178042,0.111419,0.0360879,2,0.00329134
3668,4,0.0963487,0.0427662,0.0214509,0.161337,0.0777133,0.0328244,1,0.00345432
3669,4,0.0963487,0.0381362,0.0207097,0.137671,0.0659614,0.0258275,1,0.00384585
3670,4,0.0587381,0.025206,0.0116741,0.132272,0.0650077,0.0297314,2,0.00358842
3671,4,0.0382221,0.0199773,0.00735049,0.132272,0.0462373,0.0275276,0,0.00291639
3672,4,0.0520237,0.0228897,0.0106943,0.107885,0.0364954,0.015317,0,0.00330749
3673,4,0.0520237,0.022039,0.0108238,0.0736841,0.0317235,0.012268,0,0.00279115
3674,4,0.0276065,0.0154539,0.00657805,0.0446305,0.0261642,0.00938151,0,0.00169801
3675,4,0.0317069,0.0146034,0.0066369,0.0505676,0.0272812,0.00886067,0,0.00246628
3676,4,0.0317069,0.0126111,0.00583162,0.0505676,0.024274,0.0109169,0,0.00243184
3677,4,0.0223513,0.0112507,0.00497381,0.0449938,0.0212468,0.00948925,0,0.00166745
3678,4,0.0223513,0.011332,0.00519989,0.0418202,0.0198928,0.00801678,0,0.00164245
3679,4,0.0214393,0.0124174,0.0047526,0.0543843,0.0226107,0.0119497,0,0.00197881
3680,4,0.0323846,0.0137784,0.0054889,0.061621,0.0252838,0.0141337,0,0.00219842
3681,4,0.0323846,0.0136539,0.00545975,0.061621,0.0233443,0.0125689,0,0.00243059
3682,4,0.0286917,0.0120214,0.00504201,0.0456668,0.0228725,0.00925603,0,0.00226278
3683,6,0.105942,0.0274125,0.0233804,0.692574,0.339484,0.142687,2,0.00411899
3684,6,0.0327137,0.0102721,0.00607757,0.336566,0.146019,0.0854149,0,0.00293175
3685,6,0.0276332,0.0066041,0.00381621,0.125612,0.0534821,0.0274055,0,0.00276492
3686,6,0.0276332,0.00647528,0.00370549,0.0516847,0.0342454,0.00906912,0,0.00252098
3687,6,0.0200712,0.0059774,0.00294991,0.0494613,0.0317846,0.00972805,0,0.00168319
3688,6,0.0316008,0.00736585,0.00467397,0.0651762,0.0272517,0.012553,0,0.00179192
3689,6,0.0316008,0.00959418,0.00479298,0.0651762,0.0256596,0.0126708,0,0.00187558
3690,6,0.0301092,0.010597,0.00587899,0.0595821,0.0228304,0.011994,0,0.00276581
3691,6,0.0301092,0.00950837,0.00603484,0.0595821,0.0195204,0.0114514,0,0.0028131
3692,6,0.0161906,0.00694833,0.00343113,0.0313334,0.0159473,0.00605951,0,0.0019035
3693,6,0.0146402,0.00646184,0.00288082,0.0518766,0.0170511,0.00874517,0,0.00172709
3694,6,0.0194585,0.00756602,0.0033545,0.0603369,0.0185846,0.0110453,0,0.00202873
3695,6,0.0204529,0.00831721,0.00385878,0.0603369,0.0161432,0.0104233,0,0.0023343
3696,6,0.0204529,0.00732114,0.00351261,0.043495,0.0159431,0.00905735,0,0.00219039
3697,6,0.0212577,0.00626608,0.00292958,0.043495,0.0159632,0.00785911,0,0.00196076
3698,6,0.0212577,0.00609631,0.00298029,0.0357316,0.0111086,0.00568155,0,0.00188718
3699,6,0.0160095,0.00590516,0.00279032,0.0214641,0.0107734,0.00514052,0,0.00168953
3700,6,0.0140389,0.00582834,0.00265247,0.0214641,0.0117434,0.00466585,0,0.00167684
3701,6,0.0222129,0.00596922,0.0030434,0.0225189,0.0111453,0.00440368,0,0.00204302
3702,6,0.0222129,0.00602851,0.0030779,0.0225189,0.0114737,0.00508995,0,0.00208091
3703,6,0.0142967,0.00518895,0.0026103,0.0251994,0.0103433,0.00499485,0,0.00162527
3704,6,0.120221,0.0341042,0.0240137,0.462527,0.27959,0.0991882,1,0.00363946
3705,6,0.04072,0.0161371,0.00913238,0.2767,0.129527,0.0731613,0,0.00222055
3706,6,0.0184798,0.00978566,0.00358136,0.120506,0.0450296,0.02825,0,0.00204724
3707,6,0.020954,0.00933024,0.00344911,0.06213,0.026903,0.00818532,0,0.00194692
3708,6,0.020954,0.00752835,0.00382531,0.06213,0.0248985,0.00799928,0,0.00173807
3709,6,0.0157819,0.00643579,0.00314678,0.0385458,0.0202793,0.0055618,0,0.00183719
3710,6,0.020319,0.00676358,0.00332511,0.0333509,0.0153978,0.00654689,0,0.00210644
3711,6,0.020319,0.00566443,0.00287245,0.0208518,0.00973978,0.00355152,0,0.00180032
3712,6,0.0103692,0.00531056,0.00209845,0.0646204,0.0102171,0.00835087,0,0.0011752
3713,6,0.0139316,0.00580359,0.0026832,0.0646204,0.0110505,0.00859362,0,0.00161411
3714,6,0.0151781,0.00658191,0.0030609,0.0870391,0.0130116,0.01255,0,0.00187012
3715,6,0.0189812,0.00706616,0.0032906,0.0870391,0.0125149,0.012604,0,0.00200203
3716,6,0.0189812,0.00590691,0.0031576,0.0252949,0.00760105,0.00390088,0,0.00185913
3717,6,0.0124224,0.00547751,0.0024231,0.0223115,0.00811786,0.00427019,0,0.00164276
3718,6,0.0127613,0.00582153,0.002449,0.0351829,0.00935195,0.0051436,0,0.00183963
3719,6,0.0152769,0.00565403,0.00260318,0.0351829,0.0107444,0.00582784,0,0.00177909
3720,6,0.0191069,0.00615789,0.00314531,0.0282903,0.0117808,0.00522924,0,0.00190672
3721,6,0.0191069,0.00620158,0.00330128,0.0282903,0.0104418,0.00459411,0,0.0019474
3722,6,0.0136864,0.00664263,0.00320287,0.023713,0.0097605,0.00423262,0,0.00209725
3723,6,0.0376254,0.00834736,0.00542965,0.156762,0.0190837,0.0278167,0,0.00284903
3724,1,0.863273,0.332099,0.160191,2.28266,0.96064,0.529568,5,0.0640275
3725,1,0.892165,0.359948,0.162943,2.24686,0.984901,0.519298,4,0.0755162
3726,1,0.944843,0.342899,0.155819,2.86181,1.02252,0.514834,4,0.0874665
3727,1,0.944843,0.343226,0.142773,2.86181,1.0246,0.494592,5,0.0865104
3728,1,0.866812,0.338054,0.149182,2.18819,0.976036,0.444707,4,0.08141
3729,1,0.88721,0.34286,0.155198,2.18819,0.956324,0.46751,6,0.0863969
3730,1,0.934938,0.346276,0.148077,1.99414,0.934464,0.468066,4,0.0869649
3731,1,0.934938,0.324535,0.143519,2.02448,0.958189,0.458648,4,0.0815945
3732,1,0.841436,0.330727,0.151491,2.05297,0.971068,0.471201,2,0.0815949
3733,1,0.977921,0.35196,0.172339,2.05297,0.930642,0.477547,4,0.0965315
3734,1,0.977921,0.326508,0.158006,1.98719,0.889762,0.45767,3,0.0932573
3735,1,0.771476,0.282371,0.124771,1.85292,0.804343,0.413978,4,0.0709154
3736,1,0.898222,0.270302,0.137978,1.7173,0.754251,0.382444,5,0.0822215
3737,1,0.963145,0.284527,0.156049,2.65153,0.754378,0.417386,3,0.0889956
3738,1,0.857559,0.323873,0.132108,2.49468,1.00445,0.504412,4,0.0575327
3739,1,0.958046,0.357892,0.167232,2.49468,1.03926,0.510638,3,0.082706
3740,1,0.958046,0.355088,0.161298,2.01619,1.02618,0.48826,4,0.085393
3741,1,0.897828,0.340565,0.149259,2.01619,0.991402,0.485077,4,0.0771202
3742,1,0.996223,0.355464,0.154835,2.21961,0.974544,0.446975,5,0.0883407
3743,1,1.00289,0.374491,0.166209,2.21961,1.01447,0.478625,5,0.0943807
3744,1,1.00289,0.364135,0.166945,2.15131,1.02461,0.48545,4,0.0887657
3745,1,0.914371,0.346781,0.146477,1.99097,1.03452,0.432283,5,0.0730281
3746,1,0.879517,0.362585,0.151304,1.90835,0.995173,0.423313,4,0.0750945
3747,1,1.07634,0.373889,0.18345,2.45139,0.992202,0.491561,4,0.105836
3748,1,1.11114,0.354621,0.195479,2.45139,0.959952,0.460935,4,0.107811
3749,1,1.11114,0.34847,0.1761,1.99457,0.939053,0.395229,4,0.0929836
3750,1,0.956943,0.326756,0.157046,3.69175,1.25893,0.86813,4,0.0871025
3751,3,1.22053,0.505404,0.244222,2.10802,0.996152,0.429937,5,0.12094
3752,3,1.22053,0.530418,0.255555,2.53973,1.1485,0.469468,4,0.123646
3753,3,1.17878,0.463992,0.226038,2.53973,1.10072,0.44986,4,0.0952849
3754,3,1.00564,0.42667,0.199859,1.86493,0.860441,0.371779,4,0.0920172
3755,3,1.00564,0.439326,0.220338,3.00965,1.00985,0.600595,5,0.104905
3756,3,0.990404,0.436796,0.200332,3.00965,1.05973,0.583221,5,0.0878223
3757,3,1.01557,0.459349,0.205575,2.17227,0.920231,0.410925,5,0.0840422
3758,3,1.18137,0.521964,0.25718,2.39012,1.08597,0.450517,5,0.125666
3759,3,1.20582,0.575754,0.261912,3.9023,1.368,0.789073,5,0.136653
3760,3,1.20582,0.602054,0.266035,3.9023,1.37917,0.807145,5,0.136923
3761,3,1.14248,0.540777,0.260056,2.36575,1.12229,0.512345,5,0.130527
3762,3,1.13495,0.561364,0.240965,2.36575,1.15344,0.53774,5,0.130446
3763,3,1.5004,0.63775,0.266754,2.55169,1.2652,0.567102,5,0.155601
3764,3,1.5004,0.606104,0.282041,4.62121,1.78831,0.955903,5,0.165508
3765,2,0.735563,0.335484,0.138736,2.25898,0.743292,0.340044,5,0.0524283
3766,2,0.561538,0.291596,0.115309,1.52992,0.648818,0.289812,5,0.0486133
3767,2,0.777223,0.335724,0.154273,1.53078,0.760103,0.33688,5,0.0646521
3768,2,0.777223,0.346244,0.153454,1.53078,0.734156,0.304954,4,0.0672843
3769,2,0.737831,0.308875,0.122262,1.19842,0.680174,0.256289,5,0.0566863
3770,2,0.737831,0.308678,0.126904,1.83948,0.7304,0.301726,4,0.0532084
3771,2,0.631197,0.308469,0.130544,1.83948,0.747942,0.34307,5,0.0480216
3772,2,0.971239,0.419257,0.170704,1.82642,0.894136,0.365654,3,0.0722391
3773,2,0.736247,0.338536,0.140731,1.79373,0.775287,0.313854,6,0.0532364
3774,2,0.712899,0.362114,0.149017,1.80123,0.747798,0.351335,3,0.0581282
3775,2,0.712899,0.373861,0.154819,1.80123,0.714942,0.313252,6,0.0580093
3776,2,0.738033,0.340703,0.138139,1.65871,0.807216,0.306745,5,0.0601142
3777,2,0.738033,0.346634,0.141186,2.10772,0.893721,0.422183,4,0.0602269
3778,2,0.689457,0.317426,0.148636,2.10772,0.83134,0.451002,4,0.0559893
3779,3,1.14155,0.498299,0.24107,2.40795,1.21534,0.514446,5,0.117192
3780,3,1.18478,0.538553,0.254549,2.55154,1.29512,0.531274,5,0.121885
3781,3,1.18478,0.524033,0.252661,2.90651,1.3029,0.647302,5,0.125899
3782,3,1.19968,0.533429,0.249773,3.86968,1.31605,0.819406,4,0.142333
3783,3,1.19968,0.567332,0.234832,3.86968,1.22395,0.855614,5,0.132075
3784,3,1.00553,0.538168,0.229878,2.89201,1.14527,0.666785,5,0.116772
3785,3,1.17728,0.559081,0.246364,4.88995,1.41598,1.06944,5,0.122478
3786,2,0.752821,0.35233,0.144592,1.34408,0.715432,0.292554,5,0.0601591
3787,2,0.667047,0.345064,0.143238,1.86165,0.810661,0.385659,6,0.0661612
3788,2,0.692671,0.367313,0.168262,1.9091,0.94836,0.398945,7,0.072437
3789,2,0.731161,0.365436,0.16394,2.03317,1.05678,0.435823,4,0.064064
3790,2,0.840018,0.377372,0.166849,2.20215,0.988986,0.455163,5,0.0703267
3791,2,0.840018,0.358133,0.171635,2.471,0.914957,0.467646,5,0.069073
3792,2,0.943515,0.322722,0.149635,2.471,0.869185,0.440338,5,0.0674866
3793,5,0.0725304,0.0298389,0.0130383,0.153883,0.0700688,0.0358057,2,0.0049264
3794,5,0.0596339,0.0256791,0.0126733,0.153883,0.0697419,0.0344519,2,0.00319735
3795,5,0.0373664,0.0151797,0.00974212,0.119826,0.0418604,0.0244951,0,0.00231335
3796,5,0.0224931,0.0102028,0.00481295,0.0515407,0.0231647,0.0118468,0,0.00183384
3797,5,0.0224931,0.00972123,0.00467784,0.0515407,0.0154891,0.0123772,0,0.00197634
3798,5,0.0187332,0.00629694,0.0033567,0.020153,0.00908313,0.00416943,0,0.00186863
3799,5,0.0128801,0.00530125,0.00244867,0.0309976,0.0110062,0.00538285,0,0.00145093
3800,5,0.0284545,0.00741632,0.00472503,0.0335524,0.0152562,0.00690561,0,0.0017793
3801,5,0.0284545,0.0092453,0.0053394,0.0335524,0.0170742,0.00591244,0,0.00196567
3802,5,0.0204864,0.00807094,0.00403791,0.0346887,0.0168043,0.00608658,0,0.00172887
3803,5,0.0349729,0.00898954,0.00619016,0.228897,0.0304103,0.0334124,0,0.00255753
3804,5,0.0406296,0.0162209,0.0105502,0.228897,0.0648641,0.0444494,0,0.00321795
3805,5,0.0455551,0.019244,0.00956264,0.164846,0.0671195,0.0397299,0,0.00341047
3806,5,0.0455551,0.0137535,0.00706841,0.14802,0.0357022,0.0287756,0,0.00298517
3807,5,0.0378215,0.0125036,0.00709673,0.177412,0.0441923,0.0409971,0,0.00295708
3808,5,0.0501408,0.0170901,0.0104829,0.18238,0.0692151,0.050657,0,0.00329022
3809,5,0.0541021,0.0202243,0.0108743,0.18238,0.0591896,0.0427292,0,0.00321846
3810,5,0.107586,0.0306109,0.0169831,0.359427,0.242357,0.0591096,2,0.00434031
3811,5,0.0494504,0.0167056,0.00975407,0.257665,0.145007,0.0577424,0,0.00205416
3812,5,0.0247376,0.01225,0.00441289,0.143005,0.0700582,0.0344395,0,0.00199086
3813,5,0.0245139,0.0117767,0.00528231,0.070276,0.036767,0.0159505,0,0.00177732
3814,5,0.0436823,0.0130726,0.00898546,0.456447,0.074115,0.106915,0,0.00227747
3815,5,0.0450056,0.0211861,0.0125235,0.458008,0.120221,0.127252,3,0.00278962
3816,5,0.0556918,0.0264095,0.0130614,0.458008,0.132946,0.101074,5,0.00334428
3817,5,0.0861328,0.0393173,0.0209852,0.303231,0.133965,0.0745014,3,0.00447737
3818,5,0.0861328,0.0478682,0.0159491,0.256815,0.130812,0.0570639,4,0.00441684
3819,5,0.067644,0.0351501,0.0152218,0.208345,0.116898,0.0489765,3,0.00301822
3820,5,0.0836362,0.0344713,0.0180732,0.232534,0.103823,0.0556021,2,0.00326601
3821,5,0.103337,0.0593463,0.0273962,0.363936,0.115221,0.0738903,2,0.00313697
3822,5,0.103337,0.0637411,0.0239349,0.615047,0.245813,0.187763,2,0.00264289
3823,5,0.0753118,0.0491257,0.0144173,0.615047,0.289746,0.166107,2,0.00248409
3824,5,0.0697318,0.0360809,0.0154067,0.331861,0.142879,0.100448,2,0.00230626
3825,4,0.0821081,0.0421001,0.0174788,0.407394,0.237491,0.0631001,3,0.00311713
3826,4,0.0478491,0.0219373,0.0101422,0.233387,0.147792,0.0424279,0,0.00155302
3827,4,0.0315453,0.0110521,0.0085284,0.149421,0.0704551,0.0430501,0,0.00128342
3828,4,0.0139238,0.00630455,0.00304225,0.0633568,0.0229088,0.011314,0,0.00149225
3829,4,0.0385017,0.0109939,0.00803419,0.160364,0.0386618,0.0380362,0,0.0027134
3830,4,0.0385017,0.0111119,0.00804285,0.160364,0.0381164,0.0385073,0,0.00265159
3831,4,0.0202598,0.00801168,0.00434735,0.0459977,0.0161068,0.00967396,0,0.00164877
3832,4,0.0202598,0.00754176,0.00418536,0.0446654,0.0148577,0.00960908,0,0.00143028
3833,4,0.0187862,0.00767134,0.0035823,0.0654606,0.0190219,0.012191,0,0.00124714
3834,4,0.0187862,0.00827185,0.0035708,0.0654606,0.0224844,0.0108897,0,0.00132394
3835,4,0.0234112,0.00819874,0.00412157,0.0676823,0.0247821,0.0123283,0,0.0013923
3836,4,0.0234112,0.00838426,0.00455375,0.0793937,0.0282559,0.0157332,0,0.00141381
3837,4,0.0162432,0.007422,0.00359602,0.0793937,0.0225778,0.0152402,0,0.00139342
3838,4,0.0173664,0.00738542,0.00318731,0.0484692,0.021331,0.0115164,0,0.00126753
3839,4,0.0173664,0.00710084,0.00373728,0.0578689,0.0210414,0.0118689,0,0.00133976
3840,4,0.330653,0.088392,0.085416,0.782591,0.52691,0.117033,1,0.00556009
3841,4,0.0448549,0.0220096,0.0134968,0.568618,0.323503,0.12903,3,0.00149934
3842,4,0.0244229,0.0118624,0.00510503,0.2921,0.139459,0.0845472,0,0.00165404
3843,4,0.0244229,0.0135207,0.00519632,0.13277,0.0456094,0.0320456,0,0.00163278
3844,4,0.0236476,0.00983276,0.00555754,0.0618865,0.0271093,0.00873358,0,0.0015724
3845,4,0.0287444,0.00860079,0.00552998,0.067744,0.035904,0.0128566,0,0.00203963
3846,4,0.0287444,0.0117737,0.0059672,0.067744,0.0309653,0.0171301,0,0.00212277
3847,4,0.097559,0.0337656,0.0251595,0.258939,0.0472417,0.0526138,3,0.00505333
3848,4,0.097559,0.0434618,0.0209624,0.258939,0.0688245,0.0484689,3,0.0053745
3849,4,0.0668233,0.0365392,0.0145576,0.159262,0.0632793,0.0258814,3,0.00367958
3850,4,0.0638514,0.0279597,0.0162372,0.104141,0.0419514,0.0287795,3,0.0024738
3851,4,0.0605792,0.0163866,0.0119898,0.15707,0.0306102,0.0320933,1,0.00243594
3852,4,0.0605792,0.0163354,0.0124222,0.15707,0.0378436,0.0326177,2,0.00284067
3853,4,0.0369092,0.0111746,0.00811872,0.110651,0.0210655,0.0196908,0,0.00244177
3854,4,0.0187193,0.00759307,0.00359058,0.0248459,0.0121067,0.00583965,0,0.00174248
3855,4,0.0668727,0.0125769,0.0108658,0.343097,0.0363994,0.0521147,0,0.00464835
3856,4,0.0668727,0.0117677,0.0110787,0.343097,0.0341953,0.0531191,0,0.00462058
3857,4,0.0499221,0.0084954,0.00771496,0.0841591,0.0185184,0.0171287,0,0.00323225
3858,4,0.0499221,0.0154764,0.0120847,0.0882032,0.037248,0.0244965,3,0.00347884
3859,4,0.0449238,0.0147175,0.0105753,0.0882032,0.0327122,0.0230773,0,0.00235952
3860,4,0.142025,0.0256572,0.0368913,0.558094,0.0826289,0.130292,1,0.00399211
3861,6,0.155013,0.0327198,0.0361922,0.512517,0.243616,0.110156,2,0.00694729
3862,6,0.0274319,0.0117611,0.0052631,0.242586,0.10638,0.0587823,0,0.00190563
3863,6,0.107638,0.0299064,0.0261915,0.195774,0.0636577,0.0373162,3,0.00614407
3864,6,0.107638,0.0372629,0.0237264,0.195774,0.062663,0.0362331,3,0.00621413
3865,6,0.056168,0.0217948,0.0128699,0.129677,0.0483948,0.0226103,1,0.00223366
3866,6,0.0349132,0.0169409,0.00849917,0.129677,0.0453506,0.0229721,0,0.0022701
3867,6,0.033361,0.0146645,0.00747515,0.101849,0.0412241,0.0199679,0,0.00276594
3868,6,0.0303807,0.012746,0.00618773,0.07485,0.0302309,0.0152681,0,0.0027891
3869,6,0.0249834,0.0130285,0.00563057,0.0642518,0.0306602,0.0123831,0,0.00179159
3870,6,0.045399,0.0167639,0.00830252,0.0799239,0.0348599,0.0132378,0,0.00340635
3871,6,0.045399,0.0186798,0.00883562,0.0799239,0.0378321,0.0191128,0,0.00369288
3872,6,0.0464369,0.0211271,0.00928805,0.087416,0.0443493,0.0227447,0,0.00205089
3873,6,0.0464369,0.020875,0.00920053,0.087416,0.0410949,0.0232038,0,0.00185047
3874,6,0.0539567,0.0243453,0.0126415,0.135486,0.0489307,0.0300914,2,0.00180123
3875,6,0.0539567,0.0232075,0.0129533,0.171581,0.0544225,0.032707,2,0.00197756
3876,6,0.0403176,0.0191964,0.0089785,0.171581,0.0568823,0.03243,0,0.00197143
3877,6,0.0519084,0.0284953,0.0135696,0.135361,0.0566158,0.0265389,2,0.00196575
3878,6,0.0519084,0.0299046,0.0141265,0.0906706,0.0482606,0.0196757,2,0.00186579
3879,6,0.0455842,0.0256433,0.0105309,0.0869952,0.0433997,0.0228099,2,0.00169229
3880,6,0.0475049,0.0232881,0.0106408,0.111578,0.0489845,0.0253621,3,0.0018537
3881,6,0.0475049,0.0219659,0.0103896,0.111578,0.0443337,0.0278695,0,0.0021138
3882,6,0.0433882,0.0225986,0.00941193,0.09246,0.0426406,0.0270803,0,0.00192235
3883,6,0.0433791,0.0196122,0.00913696,0.09246,0.0470764,0.026242,0,0.00183189
3884,6,0.144471,0.0338461,0.0269137,0.459556,0.265148,0.0986727,1,0.00432566
3885,6,0.053958,0.0146136,0.00888942,0.305144,0.138186,0.0552613,0,0.00340624
3886,6,0.0402378,0.0125791,0.00677334,0.156178,0.065624,0.0455536,0,0.00296846
3887,6,0.0402378,0.0127849,0.00665004,0.156178,0.0360087,0.0231988,0,0.00334247
3888,6,0.0358566,0.0115853,0.00554492,0.0840094,0.0337516,0.0176107,0,0.00259675
3889,6,0.018699,0.00984791,0.00343709,0.0793049,0.027912,0.0178737,0,0.00223651
3890,6,0.0322247,0.0147397,0.00730913,0.120125,0.035517,0.0213697,0,0.00196298
3891,6,0.0487086,0.0183229,0.00761405,0.134962,0.0420706,0.0260159,0,0.00358449
3892,6,0.0487086,0.0162599,0.00766584,0.134962,0.040444,0.0232248,0,0.00361971
3893,6,0.0521193,0.0179635,0.0110269,0.168753,0.055264,0.0306137,1,0.00225142
3894,6,0.119875,0.0569085,0.0397962,0.168753,0.0817652,0.0341152,2,0.00234328
3895,6,0.119875,0.0750525,0.0293139,0.273607,0.10585,0.0587931,3,0.00362975
3896,6,0.1104,0.0445635,0.024239,0.273607,0.0807624,0.06668,1,0.00364695
3897,6,0.0550653,0.0215785,0.0142896,0.148734,0.0439531,0.0289825,2,0.00271223
3898,6,0.0591188,0.0259596,0.0166054,0.148734,0.0418074,0.0351057,2,0.00253735
3899,6,0.0593618,0.0317402,0.0133236,0.145872,0.0343937,0.03165,2,0.00544685
3900,6,0.0593618,0.0167437,0.010497,0.145872,0.0290635,0.0246641,0,0.00592975
3901,6,0.0399612,0.0110604,0.00550988,0.100927,0.0317312,0.0208047,0,0.00313169
3902,6,0.0371332,0.0106712,0.00571754,0.118388,0.0267882,0.0236759,0,0.0027895
3903,1,0.963921,0.338095,0.159834,2.2068,0.929246,0.497707,4,0.0875903
3904,1,0.963921,0.391314,0.178374,2.83366,1.05553,0.557719,6,0.0941461
3905,1,0.869686,0.408723,0.16463,2.83366,1.20066,0.549482,3,0.0759896
3906,1,0.980599,0.402921,0.163529,2.64516,1.23102,0.541664,4,0.0760505
3907,1,1.21679,0.415025,0.197818,2.72433,1.28716,0.590688,3,0.113809
3908,1,1.21679,0.416472,0.195356,2.94747,1.29652,0.593729,3,0.114274
3909,1,0.935761,0.395911,0.164127,2.94747,1.33383,0.565578,5,0.0954467
3910,1,1.04207,0.389207,0.188741,3.83195,1.28708,0.635979,4,0.117007
3911,1,1.05217,0.38756,0.200128,3.83195,1.17297,0.641219,3,0.125153
3912,1,1.05217,0.37732,0.16792,2.90636,1.11636,0.539917,4,0.0999936
3913,1,0.836504,0.365084,0.139149,2.25428,1.07772,0.4755,3,0.0757312
3914,1,1.04518,0.371124,0.177611,2.25428,1.07482,0.471215,2,0.0997757
3915,1,1.38672,0.401197,0.23598,4.75738,1.36741,0.991967,3,0.142099
3916,1,0.841336,0.38571,0.162286,2.23144,1.03018,0.47954,6,0.0829047
3917,1,0.861907,0.425817,0.159699,2.66967,1.25601,0.541099,5,0.0950734
3918,1,0.920333,0.427446,0.178331,2.66967,1.24206,0.537974,5,0.0931046
3919,1,0.991327,0.405249,0.186087,2.70447,1.19453,0.571051,6,0.0841548
3920,1,1.01578,0.400917,0.183822,2.70447,1.11888,0.558036,5,0.0881653
3921,1,1.01578,0.415423,0.181485,2.6124,1.12266,0.515298,5,0.0910328
3922,1,1.29804,0.429258,0.212438,3.02708,1.18347,0.606472,6,0.117376
3923,1,1.29804,0.418365,0.219514,3.02708,1.18027,0.608394,4,0.121177
3924,1,1.00265,0.397462,0.171327,2.7262,1.14332,0.532664,4,0.0873916
3925,1,1.0874,0.389812,0.154986,2.71408,1.09853,0.542363,3,0.0931026
3926,1,1.0874,0.397979,0.177007,2.71408,1.11992,0.579754,3,0.117841
3927,1,1.05322,0.372998,0.17229,2.70228,1.16865,0.534879,3,0.104036
3928,3,1.56453,0.616521,0.291056,3.58393,1.43664,0.567644,7,0.146581
3929,3,1.55563,0.608365,0.2858,5.10091,1.74993,0.788969,6,0.159017
3930,3,1.55563,0.584615,0.29194,5.10091,1.72507,0.819229,5,0.155658
3931,3,1.37965,0.525926,0.279523,2.84711,1.30666,0.572678,4,0.134348
3932,3,1.37965,0.56799,0.270848,3.51903,1.36242,0.696842,4,0.152546
3933,3,1.25958,0.597379,0.256238,3.51903,1.45625,0.733294,5,0.143238
3934,3,1.68122,0.664316,0.325674,4.40793,1.86599,0.763595,5,0.165778
3935,3,1.48168,0.657466,0.326775,4.40793,1.9359,0.822393,6,0.158375
3936,3,1.42918,0.611229,0.301275,3.82052,1.65441,0.803268,6,0.149036
3937,3,1.42918,0.588849,0.27166,3.63113,1.55932,0.663782,5,0.128108
3938,3,1.48776,0.650752,0.280458,3.4021,1.65596,0.685238,5,0.125148
3939,3,1.58327,0.685719,0.302626,3.4021,1.56819,0.680332,5,0.170007
3940,2,0.959675,0.388891,0.17809,2.03796,0.916337,0.408156,4,0.0885214
3941,2,0.959675,0.342237,0.16536,1.84282,0.811341,0.349735,4,0.0869898
3942,2,0.807211,0.364893,0.159197,2.45089,0.98279,0.47808,5,0.0732019
3943,2,0.807211,0.365953,0.156761,2.45089,1.11776,0.481386,3,0.0704899
3944,2,0.790643,0.363413,0.151874,2.80871,1.14427,0.436391,4,0.0699798
3945,2,0.790643,0.358329,0.156106,2.80871,1.04325,0.468128,3,0.0818341
3946,2,0.796779,0.351194,0.151583,2.1605,1.01257,0.40747,5,0.0852654
3947,2,0.69943,0.37808,0.155628,2.35723,1.01752,0.39395,6,0.07985
3948,2,0.764202,0.390645,0.16603,2.29813,1.15337,0.467054,5,0.0863805
3949,2,0.764202,0.350424,0.170606,2.29813,1.0521,0.505239,4,0.0808698
3950,2,0.689174,0.324164,0.143593,2.17575,0.934747,0.393167,5,0.0733423
3951,2,0.672718,0.294542,0.130784,1.96487,0.996396,0.3479,4,0.0737534
3952,2,0.570258,0.282933,0.127863,1.74741,0.848315,0.326295,5,0.0628295
3953,3,1.6211,0.581893,0.289762,3.09132,1.44013,0.53493,5,0.137915
3954,3,1.6211,0.590671,0.293938,3.82445,1.73843,0.8145,5,0.146598
3955,3,1.36007,0.599072,0.262836,3.82445,1.65887,0.81953,4,0.139653
3956,3,1.34113,0.588784,0.253652,3.17499,1.27997,0.60862,4,0.128142
3957,3,1.34113,0.596559,0.255339,3.17499,1.45122,0.688164,3,0.124964
3958,3,1.27304,0.637488,0.285071,3.8709,1.55871,0.738841,4,0.135094
3959,2,0.855944,0.390862,0.177842,2.50821,1.0642,0.421426,3,0.0755567
3960,2,1.13369,0.419847,0.202521,2.71993,1.16638,0.504346,2,0.0868957
3961,2,1.13369,0.397885,0.193535,2.71993,1.09691,0.483264,2,0.085005
3962,2,0.667414,0.356231,0.14902,2.34989,1.02163,0.44873,5,0.0774885
3963,2,0.624907,0.345986,0.147573,2.34989,1.03384,0.458042,5,0.0804039
3964,2,0.705692,0.347515,0.153459,1.99379,0.992664,0.429686,5,0.0789214
3965,5,0.40609,0.0782423,0.0485998,0.813007,0.287934,0.16688,2,0.029627
3966,5,0.125471,0.0427748,0.0293879,0.604979,0.133569,0.131558,2,0.00411065
3967,5,0.111293,0.0380554,0.0253197,0.361388,0.122567,0.0891746,2,0.0053856
3968,5,0.131705,0.0439932,0.028028,0.411803,0.159435,0.0973522,2,0.00818456
3969,5,0.131705,0.0254185,0.0212976,0.411803,0.0856323,0.0886143,2,0.00748789
3970,5,0.0461343,0.015282,0.00945038,0.140551,0.0463527,0.0283651,0,0.00336744
3971,5,0.0461343,0.0127109,0.0105144,0.140551,0.033703,0.0318501,0,0.00337501
3972,5,0.0168625,0.00709404,0.00327688,0.038894,0.0166457,0.00715095,0,0.00217467
3973,5,0.016304,0.00687421,0.00303107,0.0391511,0.0151821,0.00795335,0,0.00199452
3974,5,0.014713,0.00603049,0.00276055,0.0391511,0.0110872,0.0072004,0,0.00142751
3975,5,0.0146491,0.00546272,0.0025609,0.0250759,0.00975811,0.00497857,0,0.00132631
3976,5,0.0131769,0.00569148,0.00260875,0.0362428,0.0124105,0.00595544,0,0.00117248
3977,5,0.0150548,0.00656664,0.00328119,0.0362428,0.0143417,0.00736715,0,0.00135746
3978,5,0.0202785,0.00820774,0.00395095,0.0350952,0.0159302,0.00872797,0,0.0018659
3979,5,0.0205774,0.00917708,0.00413359,0.0350952,0.0151282,0.0084481,0,0.00207093
3980,5,0.0205774,0.0079348,0.00387456,0.0316938,0.0105984,0.00587534,0,0.00177904
3981,5,0.0173299,0.0066179,0.00331643,0.0176333,0.00727777,0.00362616,0,0.00141901
3982,5,0.016749,0.00588874,0.0030959,0.0149359,0.00653087,0.00292312,0,0.00136639
3983,5,0.0122493,0.00515861,0.00230214,0.0225342,0.00730646,0.00345061,0,0.00159019
3984,5,0.0148561,0.00561518,0.00243764,0.0234526,0.00936106,0.00437518,0,0.00179015
3985,5,0.0183588,0.00602177,0.0030139,0.0252431,0.0106736,0.00459946,0,0.00207974
3986,5,0.0183588,0.00726698,0.00408017,0.0480032,0.0145965,0.00855966,0,0.00233631
3987,5,0.0182083,0.00803208,0.0040219,0.0480032,0.0141587,0.00899084,0,0.00219106
3988,5,0.0730696,0.0310264,0.0208061,0.239405,0.0803124,0.040522,2,0.00451906
3989,5,0.0396533,0.0103122,0.00700984,0.109373,0.0444886,0.0242822,0,0.00195377
3990,5,0.029371,0.013066,0.00727693,0.102651,0.0368455,0.02367,0,0.00189002
3991,5,0.0448515,0.0226399,0.00781271,0.111189,0.045374,0.0258631,0,0.00214407
3992,5,0.0448515,0.0235721,0.00985128,0.111189,0.0494964,0.0212595,0,0.0022609
3993,5,0.0449477,0.0236652,0.0105732,0.117516,0.0547827,0.0207761,0,0.0024182
3994,5,0.0449477,0.0230161,0.00868363,0.117516,0.0437426,0.0269485,0,0.00229488
3995,5,0.0300858,0.0163337,0.00597506,0.0961109,0.0305897,0.0209193,0,0.00156659
3996,5,0.0225062,0.0123303,0.00489688,0.0633596,0.0231606,0.0139241,0,0.00146569
3997,5,0.0214464,0.00980998,0.00457818,0.0495573,0.0183424,0.0103873,0,0.0017198
3998,5,0.0149554,0.00729132,0.00304321,0.0493326,0.0155823,0.00931391,0,0.00161797
3999,5,0.0210404,0.00757629,0.00389066,0.0652452,0.0140353,0.0107227,0,0.0018486
4000,5,0.0210404,0.00839937,0.00432904,0.0652452,0.0160638,0.012044,0,0.00208086
4001,5,0.0196722,0.00781822,0.00375477,0.0516474,0.0180552,0.0113306,0,0.00224078
4002,5,0.0185231,0.00802635,0.00385446,0.0485817,0.0169616,0.011062,0,0.00199614
4003,5,0.0181743,0.0077714,0.00388694,0.0371804,0.0128999,0.00742609,0,0.00206516
4004,5,0.0177856,0.00693983,0.00327295,0.0340331,0.011541,0.00582388,0,0.00212836
4005,5,0.0160565,0.00615586,0.00277067,0.0340331,0.0106546,0.00559097,0,0.00172198
4006,5,0.012359,0.00571944,0.00244565,0.0215953,0.00894837,0.00455463,0,0.00154433
4007,5,0.0120036,0.00544385,0.00244528,0.0218986,0.0085891,0.00431561,0,0.0016019
4008,5,0.0153398,0.0063169,0.00312583,0.0412198,0.0123622,0.00722548,0,0.00166426
4009,5,0.0167444,0.00694299,0.00363091,0.0412198,0.0123493,0.00713435,0,0.00158348
4010,4,0.152162,0.0310479,0.0249388,0.225298,0.0787429,0.0265413,0,0.00398797
4011,4,0.0389632,0.0128331,0.00624691,0.10745,0.067678,0.0195061,0,0.00213722
4012,4,0.0226327,0.00832022,0.00433941,0.0789604,0.0392365,0.0170931,0,0.00184765
4013,4,0.0195561,0.00606879,0.00370953,0.0532079,0.0184445,0.0110453,0,0.00206298
4014,4,0.0218452,0.00692675,0.00409478,0.0293644,0.0119786,0.00624564,0,0.00228873
4015,4,0.0218452,0.00692287,0.00404159,0.0293644,0.0111792,0.00645867,0,0.00204988
4016,4,0.0163318,0.0053198,0.00290545,0.0277032,0.010657,0.00518232,0,0.00183482
4017,4,0.0154952,0.00587451,0.00285042,0.0299585,0.0114837,0.00596184,0,0.00199978
4018,4,0.0154952,0.00617148,0.0027882,0.0299585,0.0107487,0.0055585,0,0.00185239
4019,4,0.0143764,0.00510702,0.00277528,0.0228574,0.0105125,0.00482997,0,0.00166521
4020,4,0.0189872,0.00676779,0.00413199,0.0487982,0.0128966,0.00827268,0,0.00185813
4021,4,0.0189872,0.00799723,0.00384838,0.0487982,0.0138042,0.00813336,0,0.00199607
4022,4,0.0178996,0.00780191,0.00413127,0.0569019,0.0134939,0.00935663,0,0.00196655
4023,4,0.0227595,0.00837413,0.00453521,0.0569019,0.0160763,0.0104936,0,0.00197645
4024,4,0.0227595,0.00865921,0.00440186,0.0566143,0.0166608,0.0100061,0,0.00196325
4025,4,0.0237372,0.00827939,0.00441756,0.0566143,0.0142825,0.00925489,0,0.00205361
4026,4,0.0237372,0.00707651,0.00380291,0.0368122,0.0127166,0.00601857,0,0.00186191
4027,4,0.016893,0.00614977,0.0030763,0.0358149,0.0105333,0.0056932,0,0.00185126
4028,4,0.0160991,0.00662454,0.00331111,0.0256381,0.010166,0.00534239,0,0.00194442
4029,4,0.0160991,0.0073424,0.00346144,0.0364602,0.0123096,0.00634262,0,0.00201467
4030,4,0.0147415,0.00637125,0.00303055,0.0364602,0.0107202,0.00609283,0,0.00177646
4031,4,0.0164552,0.00595177,0.00300565,0.0353331,0.0111896,0.00651795,0,0.00163397
4032,4,0.0164552,0.00577773,0.00326623,0.0701834,0.0138955,0.0129324,0,0.00166255
4033,4,0.255977,0.0637236,0.0332158,0.685528,0.382248,0.135507,0,0.00664257
4034,4,0.07677,0.0304304,0.0244712,0.342994,0.205866,0.0865688,2,0.0022127
4035,4,0.0169764,0.00909058,0.00320958,0.21072,0.0837934,0.0545609,0,0.00204948
4036,4,0.0217644,0.00834688,0.00359448,0.0885909,0.033683,0.0183898,0,0.00222561
4037,4,0.0217644,0.00813742,0.00409895,0.080945,0.0283156,0.0128455,0,0.0019806
4038,4,0.019763,0.00942697,0.00398395,0.0710667,0.0298102,0.0108062,0,0.00136656
4039,4,0.0293903,0.013344,0.00561093,0.0719498,0.0295254,0.0153132,0,0.00166351
4040,4,0.0293903,0.0115238,0.00675042,0.0719498,0.0197935,0.0161888,0,0.00182049
4041,4,0.0165792,0.00656546,0.00341042,0.0399123,0.0122313,0.00713061,0,0.00173223
4042,4,0.0165792,0.00766234,0.00341549,0.0399123,0.0165643,0.00855722,0,0.00163953
4043,4,0.0172651,0.00857648,0.00331217,0.0325742,0.014905,0.00782388,0,0.00154496
4044,4,0.0172651,0.00753614,0.00353404,0.0319538,0.0112203,0.00584647,0,0.00186814
4045,4,0.0174253,0.00765439,0.00405345,0.0319538,0.013538,0.00691782,0,0.0021395
4046,4,0.0175281,0.00734176,0.00397568,0.0382509,0.0139897,0.00739079,0,0.00212526
4047,4,0.0175281,0.00704517,0.00334941,0.0382509,0.0145093,0.00728901,0,0.00191854
4048,4,0.0162302,0.0076671,0.00332455,0.0389782,0.0151393,0.00778758,0,0.00195486
4049,4,0.0162302,0.00738214,0.00290446,0.0389782,0.011918,0.00727712,0,0.00194206
4050,4,0.0260872,0.00743978,0.00401628,0.0323441,0.00937614,0.00490792,0,0.00208252
4051,4,0.0260872,0.00731829,0.00432886,0.0323441,0.0106719,0.00585334,0,0.0021675
4052,4,0.0137727,0.00678871,0.00291294,0.0319049,0.011966,0.00609963,0,0.00184424
4053,4,0.0182039,0.0072867,0.0032816,0.0430498,0.0134334,0.00714908,0,0.00162981
4054,4,0.0243705,0.0080471,0.00485831,0.0430498,0.0147981,0.00645907,0,0.001967
4055,4,0.0243705,0.00759367,0.00448019,0.026466,0.0136893,0.00479479,0,0.00196974
4056,4,0.0201216,0.00759516,0.00358938,0.0554947,0.0158265,0.0118234,0,0.00164839
4057,6,0.507526,0.122092,0.137769,0.597025,0.268079,0.123748,1,0.0130359
4058,6,0.0805654,0.0285714,0.0159181,0.289619,0.149363,0.0345227,2,0.00302476
4059,6,0.0397949,0.0185705,0.008278,0.188659,0.0924191,0.050901,0,0.00218198
4060,6,0.0277606,0.0138047,0.00571682,0.15324,0.0518141,0.0228681,0,0.00192029
4061,6,0.0277606,0.0131007,0.00603098,0.0747087,0.0415357,0.0157884,0,0.00196985
4062,6,0.0258446,0.013913,0.00567206,0.059842,0.0313486,0.0136248,0,0.00188793
4063,6,0.0250428,0.0136169,0.00614208,0.059842,0.0267599,0.0126692,0,0.00166017
4064,6,0.0250428,0.0127353,0.00537086,0.0401679,0.0209214,0.00895351,0,0.00142072
4065,6,0.0235349,0.0133147,0.00483246,0.0456573,0.0219257,0.0109462,0,0.00147495
4066,6,0.0281983,0.0130503,0.00645489,0.0487793,0.0245559,0.00970457,0,0.00150114
4067,6,0.0281983,0.0132977,0.00692092,0.0572504,0.0248438,0.0127567,0,0.00161985
4068,6,0.0290189,0.0147871,0.00732673,0.0584654,0.0270036,0.0153984,0,0.00146001
4069,6,0.0327857,0.0172568,0.00682552,0.0584654,0.0245001,0.0133588,0,0.00136716
4070,6,0.0327857,0.0177871,0.00661858,0.0555817,0.0262787,0.014329,0,0.00133487
4071,6,0.0293926,0.0124449,0.00749608,0.0555817,0.0239599,0.0163588,0,0.00156479
4072,6,0.0245551,0.0114432,0.00532921,0.0588823,0.0195923,0.0126288,0,0.00152033
4073,6,0.0250385,0.0141678,0.00533503,0.0638908,0.0269811,0.0127919,0,0.00127658
4074,6,0.0250385,0.0135917,0.00621413,0.0638908,0.0290126,0.0132539,0,0.00129388
4075,6,0.024235,0.0121676,0.00593559,0.0623146,0.026929,0.0159304,0,0.00118658
4076,6,0.656321,0.142417,0.146702,0.880323,0.370129,0.166771,1,0.019268
4077,6,0.0922056,0.0357014,0.0249391,0.409803,0.195944,0.0791198,1,0.00454318
4078,6,0.0759323,0.0179238,0.0111826,0.409803,0.0953691,0.0662611,0,0.00480251
4079,6,0.0422614,0.0143519,0.00819062,0.132625,0.0464863,0.0258431,0,0.0030308
4080,6,0.0345775,0.0127942,0.0073225,0.0807623,0.0390665,0.0133406,0,0.00203513
4081,6,0.0195073,0.0110038,0.00436922,0.0600536,0.0317934,0.012076,0,0.00149186
4082,6,0.0193755,0.0103228,0.00458385,0.0406416,0.0247214,0.00779118,0,0.00131031
4083,6,0.017715,0.00971612,0.00434861,0.0456423,0.0242328,0.00976987,0,0.00129225
4084,6,0.0234207,0.0110659,0.00518305,0.0580075,0.0247803,0.0114986,0,0.00140217
4085,6,0.0234207,0.0116141,0.00550851,0.0580075,0.0268297,0.0129876,0,0.00151614
4086,6,0.0221745,0.0107776,0.00477072,0.0553281,0.0258638,0.0121184,0,0.00175145
4087,6,0.0268674,0.0115342,0.00439991,0.0576945,0.0260838,0.0131765,0,0.00158796
4088,6,0.0268674,0.0107739,0.0049163,0.0576945,0.0205501,0.014831,0,0.00178843
4089,6,0.0235658,0.00844116,0.00360452,0.035018,0.011488,0.00669065,0,0.00182829
4090,6,0.0234477,0.00867481,0.00306468,0.0481332,0.0157019,0.0117591,0,0.00181541
4091,6,0.0248452,0.0108831,0.00522681,0.0509752,0.0251956,0.0132116,0,0.00163827
4092,6,0.0248452,0.0129426,0.00532219,0.0845854,0.0330214,0.0187848,0,0.00124729
4093,6,0.022612,0.0102816,0.00494658,0.0845854,0.0257116,0.0206537,0,0.0016645
4094,6,0.0169577,0.00758536,0.00313288,0.0328054,0.0118155,0.00676048,0,0.00168191
4095,6,0.0146609,0.00770548,0.00293423,0.0424189,0.0135895,0.0100065,0,0.00152551
4096,6,0.0279821,0.0112065,0.00576172,0.0496512,0.0203454,0.013068,0,0.00158283
4097,6,0.0279821,0.0136157,0.0051322,0.0496512,0.0211969,0.0119923,0,0.00151033
4098,6,0.0207974,0.0122887,0.0044427,0.0524144,0.0233225,0.011563,0,0.00149399
4099,6,0.0233391,0.0112978,0.00492142,0.0524144,0.0240811,0.0115602,0,0.00132914
4100,6,0.0233391,0.0110461,0.00456752,0.0554575,0.0253846,0.0122739,0,0.00133755
4101,1,0.748934,0.279208,0.128856,1.70585,0.607758,0.30566,4,0.0635106
4102,1,0.748934,0.2955,0.122937,1.56542,0.667149,0.311937,4,0.0657027
4103,1,0.667048,0.278768,0.11132,1.57837,0.642978,0.287601,4,0.057189
4104,1,0.724302,0.291611,0.11707,1.57837,0.64781,0.306976,5,0.0672639
4105,1,0.724302,0.295987,0.117591,1.64447,0.674489,0.305684,5,0.0668217
4106,1,0.699476,0.291939,0.119332,1.6796,0.659557,0.299719,5,0.0560191
4107,1,0.699476,0.282206,0.113596,1.6796,0.677076,0.286904,5,0.0531271
4108,1,0.602751,0.268911,0.104626,1.32543,0.613184,0.25515,5,0.0513352
4109,1,0.62878,0.281174,0.115048,1.60089,0.596769,0.272897,5,0.0626858
4110,1,0.62878,0.286037,0.119842,1.62777,0.601445,0.276095,5,0.0591539
4111,1,0.791772,0.298793,0.142049,1.69012,0.643041,0.333929,5,0.0714342
4112,1,0.791772,0.281724,0.13863,1.69012,0.649599,0.328969,3,0.0707387
4113,1,0.59363,0.257829,0.10386,1.53361,0.565128,0.25911,3,0.0484848
4114,1,0.547532,0.258156,0.103039,1.28918,0.585817,0.26833,4,0.0502631
4115,1,0.57393,0.246857,0.107923,1.55076,0.732235,0.354621,4,0.0416175
4116,1,0.832455,0.267088,0.124314,1.55076,0.662011,0.34294,5,0.061302
4117,1,0.832455,0.276847,0.142004,1.75312,0.703692,0.34774,5,0.06359
4118,1,0.726767,0.267121,0.126477,1.75312,0.682838,0.339935,3,0.0504484
4119,1,0.730868,0.283276,0.121801,1.60482,0.659147,0.317893,4,0.0580492
4120,1,0.730868,0.290738,0.117598,1.64715,0.681311,0.30933,4,0.0579994
4121,1,0.816771,0.296441,0.131205,1.79004,0.722808,0.34832,5,0.0595343
4122,1,0.816771,0.311865,0.138725,1.79004,0.77269,0.367795,4,0.0658596
4123,1,0.755178,0.311277,0.124993,1.82776,0.756168,0.353839,4,0.0581789
4124,1,0.855198,0.300026,0.128411,1.82776,0.747193,0.326495,4,0.060087
4125,1,0.855198,0.299838,0.130335,1.51175,0.719034,0.314829,5,0.0637655
4126,1,0.635933,0.294943,0.120801,1.51175,0.701108,0.30452,5,0.0545963
4127,1,0.688443,0.286423,0.11105,1.40267,0.680913,0.29021,5,0.0529371
4128,3,1.27274,0.458933,0.262643,1.81165,0.669934,0.311056,6,0.128248
4129,3,1.1654,0.439418,0.257875,1.70885,0.786544,0.354816,5,0.113111
4130,3,1.1654,0.427026,0.235685,1.70885,0.830069,0.355654,4,0.101207
4131,3,1.31281,0.437806,0.223938,1.65722,0.650949,0.314092,4,0.107322
4132,3,1.38058,0.406887,0.245691,1.75849,0.765675,0.369078,4,0.120052
4133,3,1.38058,0.396741,0.24746,1.75849,0.853509,0.321958,4,0.104632
4134,3,1.41458,0.415381,0.249249,2.13371,0.762271,0.327519,5,0.105165
4135,3,1.03853,0.34639,0.195204,2.40457,0.926575,0.307663,4,0.0761026
4136,3,1.07956,0.367829,0.210611,1.52757,0.84326,0.267474,4,0.0815658
4137,3,1.07956,0.387444,0.224415,2.02736,0.979212,0.406429,4,0.0967365
4138,3,1.11173,0.390709,0.219749,2.02736,0.89582,0.425789,4,0.10088
4139,3,1.18956,0.447838,0.241866,1.64196,0.704575,0.30127,4,0.10313
4140,3,1.18956,0.463812,0.249153,1.70583,0.810379,0.350893,5,0.101701
4141,3,1.14196,0.422489,0.230888,1.70583,0.844189,0.318813,4,0.101405
4142,3,1.07921,0.393328,0.219414,1.37332,0.686425,0.277949,4,0.0963481
4143,2,0.767598,0.304063,0.113386,1.33524,0.747353,0.231999,4,0.0589687
4144,2,0.67733,0.293642,0.116354,1.07199,0.628769,0.232456,4,0.044547
4145,2,0.83318,0.299556,0.154171,1.88411,0.746179,0.371,4,0.0564559
4146,2,0.83318,0.295646,0.15438,1.88411,0.763196,0.354439,3,0.0533562
4147,2,0.719377,0.282822,0.123909,1.13297,0.644845,0.217934,5,0.0570657
4148,2,0.719377,0.273157,0.121661,1.22276,0.654653,0.238964,6,0.0703278
4149,2,0.705644,0.266369,0.119578,1.30841,0.698695,0.263081,5,0.061556
4150,2,0.704031,0.271365,0.122375,1.30841,0.734437,0.260817,5,0.0547985
4151,2,0.704031,0.269352,0.129613,1.26056,0.658156,0.282986,6,0.0582275
4152,2,0.743,0.299673,0.121437,1.25225,0.81607,0.217185,5,0.0511176
4153,2,0.743,0.293262,0.115936,1.50886,0.758369,0.27965,5,0.0459775
4154,2,0.609682,0.299387,0.112595,1.50886,0.812848,0.309623,4,0.0392637
4155,2,0.609682,0.323282,0.133169,1.2794,0.743746,0.277394,3,0.0457424
4156,2,0.678968,0.309142,0.139329,1.30386,0.671389,0.258381,4,0.0520196
4157,2,0.678968,0.299262,0.12714,1.30386,0.66232,0.25779,5,0.0529581
4158,2,0.644678,0.306408,0.121989,1.7149,0.744331,0.31175,5,0.0515411
4159,2,0.642155,0.293742,0.122878,1.7149,0.804002,0.318557,5,0.0509162
4160,3,1.22521,0.411553,0.232305,1.99122,0.774878,0.315879,4,0.0953831
4161,3,1.22521,0.404552,0.229741,1.99122,0.675151,0.267359,4,0.0964031
4162,3,1.11481,0.404304,0.221902,2.00118,0.916246,0.486602,4,0.0906956
4163,3,1.11481,0.378131,0.218413,2.00118,0.992535,0.470964,4,0.0897991
4164,3,1.1365,0.379656,0.223452,1.52194,0.772487,0.286372,4,0.0968696
4165,3,1.1365,0.407154,0.219197,1.5952,0.722265,0.30683,4,0.098975
4166,3,1.16007,0.439923,0.229984,1.5952,0.692028,0.294492,4,0.10041
4167,3,1.16007,0.440381,0.243056,1.54275,0.727192,0.262162,5,0.109946
4168,2,0.904032,0.321292,0.137325,1.65038,0.875138,0.329818,4,0.0672601
4169,2,0.67978,0.312102,0.131164,1.54887,0.712336,0.277508,5,0.0529198
4170,2,0.589621,0.298885,0.11992,1.54887,0.815126,0.307735,5,0.0455095
4171,2,0.610617,0.299551,0.125075,1.35425,0.794266,0.328981,6,0.0455078
4172,2,0.720824,0.331267,0.136144,1.40641,0.732613,0.294097,4,0.0590853
4173,2,0.720824,0.347753,0.137462,1.70243,0.88631,0.332175,3,0.0624741
4174,2,0.685161,0.340508,0.135444,1.84913,0.911894,0.373294,6,0.0554071
4175,2,0.582027,0.331639,0.132858,1.84913,0.816066,0.357741,7,0.0517676
4176,5,0.233845,0.119811,0.0475452,1.02745,0.471138,0.20051,3,0.0126665
4177,5,0.153469,0.0644021,0.035255,1.02745,0.263549,0.185153,2,0.00783052
4178,5,0.123504,0.040266,0.0256941,0.373214,0.147362,0.0879092,2,0.00688779
4179,5,0.126858,0.0484841,0.0292567,0.340137,0.141302,0.0811199,4,0.0133901
4180,5,0.126858,0.0474234,0.0281067,0.308044,0.125493,0.0715397,3,0.012527
4181,5,0.0968097,0.0318015,0.018784,0.303317,0.0871517,0.0625567,3,0.00639509
4182,5,0.0605778,0.0289001,0.0112931,0.201964,0.0790955,0.0427215,0,0.00440685
4183,5,0.0615984,0.0281497,0.0120687,0.219501,0.0931227,0.0485965,0,0.00519532
4184,5,0.0632744,0.0230729,0.0120469,0.219501,0.0780531,0.0440418,3,0.00454784
4185,5,0.0632744,0.0162383,0.00973842,0.133578,0.0459664,0.0293609,0,0.0028534
4186,5,0.0342232,0.0126267,0.00575085,0.116888,0.0375738,0.0218022,0,0.00276767
4187,5,0.0342232,0.0106378,0.00599948,0.116888,0.0372147,0.0212703,0,0.00289276
4188,5,0.0274329,0.00934591,0.00521991,0.0780358,0.0307742,0.0188146,0,0.00213091
4189,5,0.039885,0.0140755,0.00791205,0.111118,0.0433701,0.0248358,0,0.00327435
4190,5,0.039885,0.0202814,0.00757176,0.118578,0.0530625,0.0244398,0,0.00341054
4191,5,0.033094,0.0215924,0.00672925,0.188394,0.0569166,0.0393963,0,0.00263939
4192,5,0.0363485,0.0185685,0.00737014,0.188394,0.0526156,0.0390268,0,0.00244243
4193,5,0.0363485,0.0124889,0.00718347,0.0898235,0.0374107,0.0195883,0,0.00217291
4194,5,0.0279265,0.0112744,0.00643815,0.0957326,0.0366822,0.0189222,0,0.00206386
4195,5,0.0279265,0.0110775,0.00681884,0.0957326,0.0321816,0.0193146,0,0.00210704
4196,5,0.0204665,0.00679163,0.00367037,0.0697431,0.0213912,0.0145795,0,0.00158551
4197,5,0.0185966,0.00799655,0.00396679,0.0697431,0.0207499,0.0131219,0,0.00176522
4198,5,0.0209525,0.00928798,0.00400811,0.0624854,0.0207274,0.0122258,0,0.00190412
4199,5,0.226425,0.0701716,0.0553704,0.41521,0.19243,0.074805,1,0.00610993
4200,5,0.0669819,0.032607,0.0159198,0.2741,0.110132,0.0632418,2,0.00405108
4201,5,0.0669819,0.0275768,0.017065,0.207074,0.096301,0.0520389,2,0.00398111
4202,5,0.0640503,0.0257153,0.0128517,0.207074,0.117612,0.0497827,2,0.00391459
4203,5,0.0486513,0.0235399,0.00951881,0.203483,0.0770012,0.0473759,0,0.00284975
4204,5,0.0389335,0.022192,0.00862658,0.136964,0.0425978,0.0265821,0,0.00236561
4205,5,0.0377799,0.0171551,0.00987787,0.0780377,0.035753,0.0163692,0,0.00234441
4206,5,0.0486289,0.0186244,0.0129261,0.1143,0.0398594,0.0237441,2,0.00273739
4207,5,0.0486289,0.0209301,0.0115661,0.1143,0.0383919,0.0255182,1,0.00270253
4208,5,0.0354145,0.0129431,0.00526379,0.113767,0.0306743,0.0176041,0,0.00222458
4209,5,0.0260197,0.00885096,0.00454701,0.0508787,0.0212995,0.0111968,0,0.00179434
4210,5,0.0184846,0.00648721,0.00352896,0.0450017,0.0194043,0.00939533,0,0.00145993
4211,5,0.0301427,0.0108046,0.00599534,0.0726285,0.024745,0.0119015,0,0.00169929
4212,5,0.0301427,0.0128818,0.00523333,0.0947437,0.0292037,0.0178656,0,0.0019884
4213,5,0.0256983,0.0103094,0.0043469,0.0947437,0.0240173,0.019378,0,0.00194945
4214,5,0.020359,0.0078575,0.00380564,0.0461463,0.0139011,0.00992502,0,0.00172727
4215,5,0.035674,0.0077299,0.00537899,0.069341,0.0154107,0.0112702,0,0.00230125
4216,5,0.035674,0.0121916,0.00717175,0.0811349,0.0248404,0.0164701,0,0.0035762
4217,5,0.0302526,0.0117566,0.00625748,0.0811349,0.0253743,0.0147711,0,0.00350825
4218,5,0.0201493,0.00972101,0.00420568,0.087171,0.023193,0.0160283,0,0.00186394
4219,5,0.0201493,0.00827154,0.0044415,0.087171,0.019193,0.0166746,0,0.00168172
4220,4,0.198077,0.0606895,0.0364737,0.408051,0.22996,0.064499,0,0.00424337
4221,4,0.0846385,0.0243967,0.0207078,0.257136,0.13642,0.0566359,3,0.0029894
4222,4,0.0216521,0.00889813,0.00373894,0.135151,0.059847,0.033574,0,0.00235862
4223,4,0.0205867,0.00970236,0.00440487,0.060266,0.0258035,0.0121334,0,0.00225631
4224,4,0.0205867,0.00994362,0.00465982,0.0452625,0.0196812,0.00846483,0,0.00226935
4225,4,0.0198046,0.00765375,0.00367524,0.0366876,0.0167536,0.00673891,0,0.00164896
4226,4,0.0150098,0.00676767,0.00283841,0.0245751,0.0134819,0.00527491,0,0.00156117
4227,4,0.0219909,0.00659879,0.00368796,0.0368765,0.0121315,0.00633251,0,0.00195737
4228,4,0.0219909,0.00656385,0.00345729,0.0368765,0.0110227,0.00573251,0,0.00195268
4229,4,0.0139379,0.00609794,0.00284237,0.0191186,0.0101867,0.00400174,0,0.00166943
4230,4,0.0152038,0.00682496,0.00335178,0.0313782,0.0104385,0.00505325,0,0.00174365
4231,4,0.0152038,0.00693549,0.00322469,0.0313782,0.0100724,0.00523848,0,0.00165446
4232,4,0.0203106,0.00637296,0.0034587,0.0579544,0.0138856,0.0125221,0,0.00175637
4233,4,0.0203106,0.00742924,0.00392894,0.0579544,0.0157239,0.0122235,0,0.00160347
4234,4,0.020183,0.00785673,0.00393613,0.0338591,0.0131731,0.00693906,0,0.0017518
4235,4,0.020183,0.00652531,0.00360343,0.0338591,0.0130449,0.00701795,0,0.00191627
4236,4,0.015255,0.00621803,0.00320966,0.0280839,0.0124784,0.00566338,0,0.00162198
4237,4,0.0181412,0.00650349,0.00337117,0.0280839,0.0106921,0.00503687,0,0.00180948
4238,4,0.265091,0.116726,0.0835329,0.533899,0.332533,0.0866624,3,0.00622883
4239,4,0.074867,0.0394904,0.0152538,0.417033,0.194762,0.103815,2,0.00513077
4240,4,0.074867,0.0269775,0.0162332,0.221101,0.0818307,0.0537687,3,0.00502477
4241,4,0.0502994,0.0169689,0.00924414,0.103575,0.0495363,0.0241416,0,0.00447284
4242,4,0.0398827,0.0160464,0.00759788,0.11643,0.049165,0.0234556,0,0.00343351
4243,4,0.0583504,0.0219415,0.0110651,0.12345,0.0547336,0.0261229,0,0.0033921
4244,4,0.0583504,0.0233599,0.0110151,0.12345,0.0450521,0.0261731,0,0.00411571
4245,4,0.0394622,0.0170495,0.00871921,0.167293,0.0335697,0.0234677,0,0.00408861
4246,4,0.0366453,0.0154312,0.0071764,0.167293,0.0355312,0.0234404,0,0.00287189
4247,4,0.0410587,0.0212753,0.00930181,0.078392,0.0381036,0.0156954,0,0.00227408
4248,4,0.0410587,0.0210641,0.00965793,0.078392,0.0341409,0.0156214,0,0.00217612
4249,4,0.0419021,0.014149,0.00739172,0.113643,0.028702,0.0188584,0,0.00335614
4250,4,0.0419021,0.0101382,0.00675062,0.113643,0.0226214,0.0176653,0,0.00333426
4251,4,0.0202142,0.00888193,0.00455724,0.0374982,0.0152368,0.00686741,0,0.00183408
4252,4,0.0209915,0.0101317,0.00438693,0.0374982,0.0143642,0.00708432,0,0.00200348
4253,4,0.0209915,0.0105297,0.0043286,0.0455188,0.0175699,0.0085752,0,0.00185717
4254,4,0.022637,0.00910488,0.00467001,0.0455188,0.0201859,0.00888048,0,0.00194049
4255,4,0.022637,0.00873808,0.00454702,0.0432774,0.0177041,0.00796351,0,0.00190738
4256,4,0.020913,0.0100725,0.00435026,0.0482444,0.0187207,0.0101633,0,0.00201605
4257,4,0.0219271,0.010455,0.00429227,0.127499,0.0216956,0.0185289,0,0.00227861
4258,6,0.224636,0.0896288,0.0489192,0.743381,0.333689,0.157577,3,0.0177061
4259,6,0.199162,0.0607726,0.0401055,0.566163,0.171823,0.121166,2,0.00702048
4260,6,0.128506,0.0384623,0.0182011,0.344962,0.111967,0.0731541,1,0.00374202
4261,6,0.0536886,0.0242669,0.0113003,0.226206,0.0754218,0.0508012,1,0.00171498
4262,6,0.0356296,0.0146723,0.00720501,0.0610255,0.0322867,0.011369,0,0.00153416
4263,6,0.023243,0.0110911,0.00404671,0.0716554,0.0207799,0.0123754,0,0.00153522
4264,6,0.0567032,0.0118665,0.00983263,0.155995,0.0308373,0.037233,0,0.00226781
4265,6,0.0567032,0.0160509,0.0113051,0.155995,0.0394304,0.037368,3,0.00324835
4266,6,0.0523867,0.0162878,0.00827728,0.122799,0.0395156,0.0239053,0,0.00401447
4267,6,0.0333565,0.0130397,0.00682807,0.0990561,0.0341858,0.0230753,0,0.0035626
4268,6,0.0242295,0.00956125,0.00504027,0.0714829,0.0192312,0.0141814,0,0.00210952
4269,6,0.017153,0.00726961,0.00340023,0.0372807,0.0157756,0.00848263,0,0.00155891
4270,6,0.0213578,0.00821531,0.00423077,0.0635996,0.0200763,0.0118253,0,0.00214256
4271,6,0.0380841,0.0118687,0.00679644,0.159255,0.0337788,0.0301404,0,0.0033181
4272,6,0.0380841,0.014104,0.00776507,0.159255,0.0397151,0.0298532,0,0.00349507
4273,6,0.038433,0.0155182,0.00788947,0.0905773,0.0399184,0.0218889,0,0.00291089
4274,6,0.0393167,0.0180677,0.00895337,0.0905773,0.0448463,0.0221722,0,0.00252894
4275,6,0.048428,0.0227636,0.0109416,0.122741,0.0515172,0.0248431,4,0.00229056
4276,6,0.0493198,0.0251782,0.0116377,0.138842,0.0583826,0.0336098,2,0.00275657
4277,6,0.0493198,0.0219105,0.0109482,0.138842,0.0553823,0.0322839,0,0.00296935
4278,6,0.0458434,0.0180112,0.00916969,0.10564,0.0450971,0.0225178,0,0.00298216
4279,6,0.0400546,0.0188106,0.00897974,0.101304,0.0418381,0.022527,0,0.00286015
4280,6,0.0400546,0.0179844,0.00853284,0.101304,0.0380223,0.0224809,0,0.00304437
4281,6,0.203996,0.0357926,0.0407895,0.570658,0.106263,0.130643,2,0.0180796
4282,6,0.373937,0.0776965,0.0805411,0.849313,0.314373,0.181342,1,0.0175189
4283,6,0.0610346,0.0263019,0.00992022,0.307104,0.136335,0.0653196,0,0.00395666
4284,6,0.0367823,0.0187024,0.00941584,0.119056,0.0611627,0.0361946,0,0.00156256
4285,6,0.0227866,0.00897556,0.00591144,0.117355,0.0266162,0.0270904,0,0.00157222
4286,6,0.0247196,0.0101946,0.00643036,0.0545245,0.0230463,0.0116071,0,0.00134442
4287,6,0.0378324,0.0160469,0.00821329,0.0750972,0.0383884,0.0185891,0,0.0013995
4288,6,0.0477664,0.0192095,0.012167,0.0750972,0.0402111,0.0175146,2,0.00158479
4289,6,0.0477664,0.0214294,0.0102619,0.0578092,0.0268243,0.0122282,2,0.00135321
4290,6,0.041126,0.0200255,0.00848596,0.0755339,0.032399,0.0187316,0,0.00130592
4291,6,0.0444372,0.0207469,0.0122026,0.077288,0.0411954,0.0198866,3,0.00153063
4292,6,0.0444372,0.0255131,0.0112079,0.077288,0.0328913,0.0192467,2,0.00165717
4293,6,0.0394287,0.0252363,0.0100456,0.0770175,0.0363259,0.0192384,0,0.00140123
4294,6,0.0394287,0.0221557,0.00954338,0.0930663,0.0388906,0.0210255,0,0.00116207
4295,6,0.0345091,0.0205836,0.00917866,0.0930663,0.0350584,0.0208594,0,0.00133256
4296,6,0.0345091,0.0186651,0.00854779,0.0661817,0.034843,0.0169656,0,0.00143275
4297,6,0.0339574,0.017843,0.00691429,0.0649096,0.0312619,0.015774,0,0.00142958
4298,6,0.0339574,0.0155138,0.00672973,0.0649096,0.0277096,0.0152403,0,0.00162459
4299,6,0.0303392,0.0142361,0.00711114,0.0629134,0.0292995,0.0142566,0,0.00150201
4300,6,0.0322152,0.0144013,0.00783986,0.0629134,0.0312691,0.0121273,0,0.00159295
4301,6,0.0322152,0.0157968,0.00801567,0.0420873,0.0235273,0.0107903,0,0.0016272
4302,6,0.0370862,0.0202368,0.00927076,0.0650253,0.0270664,0.0170542,0,0.00123373
4303,6,0.0370862,0.0185525,0.00976805,0.0650253,0.0317032,0.0152461,0,0.00148912
4304,1,0.744184,0.311212,0.130277,1.9456,0.800146,0.427833,4,0.0644308
4305,1,0.744184,0.337295,0.135776,1.9456,0.788675,0.365211,4,0.0696016
4306,1,1.00507,0.35462,0.162833,1.9906,0.797617,0.328659,4,0.0967286
4307,1,1.00507,0.35526,0.172559,1.9906,0.808616,0.351726,5,0.0964487
4308,1,0.78367,0.331296,0.146683,1.89073,0.793825,0.356273,5,0.0732828
4309,1,0.66163,0.32399,0.135972,1.89073,0.763867,0.341894,4,0.0593128
4310,1,0.705732,0.330711,0.132693,1.59508,0.708834,0.306507,5,0.0655085
4311,1,0.705732,0.328436,0.135457,1.37897,0.71558,0.299375,5,0.0642108
4312,1,0.649671,0.316538,0.130008,1.47173,0.722892,0.283598,5,0.0582898
4313,1,0.594547,0.325908,0.126325,1.47173,0.714829,0.264185,5,0.0528925
4314,1,0.808261,0.338999,0.140709,1.5947,0.709504,0.301884,4,0.0789585
4315,1,0.808261,0.32914,0.143074,1.76753,0.735079,0.337445,5,0.082749
4316,1,0.938421,0.307306,0.157898,1.65374,0.731202,0.377406,5,0.0798935
4317,1,0.938421,0.333793,0.152021,1.6492,0.731273,0.316739,5,0.0792997
4318,1,0.757647,0.328262,0.143154,1.53672,0.712449,0.301458,5,0.061838
4319,1,0.757647,0.321995,0.14812,1.53672,0.691941,0.321303,5,0.0715978
4320,1,0.82125,0.328742,0.151072,1.95041,0.70582,0.337756,5,0.0799065
4321,1,0.82125,0.333983,0.148156,1.95041,0.700698,0.345569,5,0.0729633
4322,1,0.73236,0.32585,0.146115,1.89779,0.702698,0.345775,5,0.0662977
4323,1,0.73236,0.323884,0.150507,1.89779,0.707395,0.33784,4,0.0679037
4324,1,0.769185,0.333931,0.142364,1.69667,0.715033,0.306467,5,0.0680656
4325,1,0.769185,0.305039,0.134145,1.58708,0.680051,0.29511,4,0.06591
4326,1,0.669771,0.271627,0.118708,1.45673,0.638939,0.309763,4,0.0572405
4327,1,0.669771,0.282712,0.121378,1.45255,0.665239,0.290597,5,0.0518136
4328,1,0.582451,0.290257,0.111843,1.47103,0.642486,0.253772,4,0.0498336
4329,3,1.08294,0.440061,0.234747,1.49707,0.620352,0.280962,5,0.0930522
4330,3,1.21654,0.453966,0.249219,1.70653,0.68648,0.346712,4,0.103686
4331,3,1.21654,0.45109,0.234876,1.70653,0.754984,0.311129,4,0.106082
4332,3,1.08672,0.427175,0.211233,1.27151,0.64185,0.243451,4,0.0905251
4333,3,1.3162,0.422133,0.22968,1.53636,0.734961,0.337638,4,0.100403
4334,3,1.3162,0.418685,0.250738,1.53636,0.769101,0.320753,4,0.109035
4335,3,1.19116,0.401042,0.232564,1.55255,0.713379,0.264492,4,0.104453
4336,3,1.11841,0.435625,0.245556,1.55255,0.69743,0.283741,5,0.108046
4337,3,1.1261,0.447784,0.238835,1.69358,0.842393,0.323123,5,0.100002
4338,3,1.01911,0.416035,0.207451,1.57216,0.784577,0.298723,4,0.0886549
4339,3,1.26429,0.465564,0.237213,1.57216,0.821769,0.294638,5,0.099699
4340,3,1.26429,0.481057,0.228028,1.61373,0.793951,0.294887,4,0.0981561
4341,3,1.12039,0.491166,0.252327,2.07775,0.886032,0.381635,5,0.105502
4342,3,1.12039,0.474897,0.255766,2.07775,0.892885,0.364051,5,0.106746
4343,3,1.3235,0.470211,0.250038,1.52341,0.771089,0.297486,4,0.110483
4344,2,0.749149,0.347344,0.134828,1.58067,1.00648,0.291125,7,0.0551107
4345,2,0.665319,0.335425,0.133487,1.54515,0.902635,0.309802,6,0.0508613
4346,2,0.918454,0.345566,0.149694,2.60694,0.95252,0.512701,4,0.0530244
4347,2,0.918454,0.341185,0.155667,2.60694,0.886024,0.534927,4,0.0583174
4348,2,0.717101,0.309271,0.139179,1.27354,0.738515,0.285422,3,0.0609961
4349,2,0.641789,0.303496,0.128589,1.27354,0.795711,0.264388,3,0.0559542
4350,2,0.65313,0.307013,0.131027,1.40411,0.809029,0.272904,5,0.0503109
4351,2,0.680339,0.304428,0.133012,1.43128,0.74428,0.310573,5,0.0507433
4352,2,0.810122,0.359049,0.146174,1.5613,0.999062,0.290608,8,0.057517
4353,2,0.847711,0.353292,0.144536,1.58018,0.955002,0.328076,6,0.0722835
4354,2,0.847711,0.357724,0.145876,1.58181,0.940091,0.330642,5,0.0706899
4355,2,0.665384,0.357617,0.138312,1.58181,0.809222,0.326661,6,0.0536906
4356,2,0.935707,0.365334,0.148796,1.649,0.770216,0.35237,3,0.0660608
4357,2,0.935707,0.34785,0.149848,1.74294,0.886634,0.353142,4,0.0652302
4358,2,0.631856,0.313704,0.128487,1.74294,0.84611,0.311982,5,0.0498067
4359,3,1.23819,0.450335,0.234824,1.7411,0.891692,0.314217,5,0.104213
4360,3,1.23819,0.465144,0.232379,1.7067,0.898416,0.299686,5,0.102828
4361,3,1.15315,0.433021,0.213877,2.46441,0.991279,0.408468,4,0.0926504
4362,3,1.18833,0.437705,0.252796,2.46441,0.862122,0.414278,4,0.108959
4363,3,1.29852,0.470482,0.263334,1.70203,0.747007,0.303624,5,0.117788
4364,3,1.29852,0.438673,0.227419,1.70203,0.73047,0.323751,4,0.105041
4365,3,1.26708,0.432958,0.242835,2.05675,0.801828,0.366567,4,0.104263
4366,2,0.707513,0.332481,0.141124,1.33021,0.864976,0.25425,7,0.0555866
4367,2,1.00959,0.337924,0.158261,1.85289,0.749698,0.278179,5,0.0806898
4368,2,1.00959,0.341226,0.155602,1.85289,0.930823,0.380172,4,0.0854708
4369,2,0.707059,0.34696,0.139837,1.80059,0.967328,0.359763,6,0.0671453
4370,2,0.705634,0.328106,0.138571,1.76604,0.815666,0.33252,6,0.0601721
4371,2,0.658999,0.30477,0.131935,1.76604,0.859231,0.346744,5,0.0604068
4372,2,0.809207,0.313117,0.152883,1.73232,0.857122,0.321321,6,0.068506
4373,5,0.194515,0.0535599,0.0353334,0.343176,0.161148,0.0772197,3,0.015023
4374,5,0.0626046,0.0299882,0.0135592,0.336208,0.0977377,0.0769437,3,0.0037957
4375,5,0.0394421,0.0183403,0.00906283,0.115072,0.0329875,0.0265625,0,0.00218554
4376,5,0.0351094,0.010636,0.00707139,0.142066,0.0236463,0.025082,0,0.00189108
4377,5,0.0530414,0.0128889,0.010187,0.217066,0.0549988,0.0487109,0,0.00318457
4378,5,0.0530414,0.0139521,0.00961159,0.217066,0.060561,0.043435,0,0.00333503
4379,5,0.0274261,0.0106781,0.00527321,0.171161,0.0502647,0.0375793,0,0.00226826
4380,5,0.0274261,0.0105443,0.00497669,0.171161,0.0460205,0.0381086,0,0.00196993
4381,5,0.0379692,0.0145377,0.00884192,0.147786,0.0371582,0.0292523,0,0.00245755
4382,5,0.0379692,0.0144988,0.00889051,0.147786,0.030439,0.0281963,0,0.00249904
4383,5,0.0177926,0.00778827,0.00340708,0.0539425,0.0137051,0.00971664,0,0.0016744
4384,5,0.0158791,0.00700283,0.00322667,0.0389236,0.011447,0.0066964,0,0.0017009
4385,5,0.0441083,0.0102842,0.0067465,0.2282,0.0396291,0.0477334,0,0.00303924
4386,5,0.0441083,0.0124201,0.0063019,0.2282,0.0462104,0.0448863,0,0.00299627
4387,5,0.036631,0.0111093,0.00644124,0.144231,0.0304577,0.0285452,0,0.00295822
4388,5,0.113699,0.054667,0.0352837,0.408099,0.177829,0.103807,3,0.00280853
4389,5,0.0501671,0.0180705,0.00991479,0.195481,0.0772052,0.0381051,0,0.0022061
4390,5,0.0326833,0.0122164,0.0073229,0.116617,0.04148,0.0260941,0,0.00236726
4391,5,0.0652786,0.0174256,0.0138608,0.199673,0.0485517,0.0432466,2,0.00391929
4392,5,0.123089,0.0282278,0.0204766,0.483599,0.0687091,0.0744169,3,0.0107309
4393,5,0.123089,0.0215742,0.0203775,0.483599,0.0426819,0.0728507,1,0.010464
4394,5,0.0383271,0.0135978,0.00827696,0.222998,0.0350325,0.0484942,0,0.00264968
4395,5,0.0694559,0.019034,0.0124584,0.235108,0.0762499,0.0678977,3,0.00466596
4396,5,0.0694559,0.0161745,0.0116086,0.235108,0.0552438,0.0638357,1,0.00434363
4397,5,0.0977668,0.016825,0.0170245,0.321974,0.0500872,0.0701053,2,0.00385467
4398,5,0.0977668,0.0175764,0.0175324,0.321974,0.0812227,0.0685726,2,0.0038957
4399,5,0.032451,0.010449,0.00656504,0.18024,0.047456,0.0445491,0,0.00187821
4400,5,0.0275751,0.00904156,0.00529105,0.162614,0.0332515,0.0381923,0,0.00194198
4401,5,0.0406317,0.0145576,0.00945866,0.23812,0.0643389,0.0572243,0,0.00223021
4402,5,0.0406317,0.0148062,0.00857373,0.23812,0.0469388,0.0543326,0,0.00211123
4403,4,0.0827375,0.0324019,0.0200023,0.256591,0.164845,0.0447257,2,0.00570603
4404,4,0.0480643,0.0129347,0.00783721,0.209683,0.0998081,0.0432205,0,0.00464363
4405,4,0.0231973,0.00953569,0.0042891,0.117054,0.0426213,0.0326494,0,0.00189234
4406,4,0.0231973,0.0105995,0.0037949,0.0636538,0.0138942,0.0122503,0,0.00197628
4407,4,0.0252464,0.0100596,0.00477721,0.0472169,0.0142332,0.0105434,0,0.00181641
4408,4,0.0252464,0.00845316,0.00493153,0.0472169,0.0172425,0.00938991,0,0.00163154
4409,4,0.0175883,0.00697607,0.00303392,0.0246274,0.0113169,0.00530053,0,0.00136724
4410,4,0.0378861,0.00932346,0.00741105,0.102248,0.020205,0.0201142,0,0.00265524
4411,4,0.0378861,0.0117502,0.00741789,0.102248,0.0272624,0.0193347,0,0.00259555
4412,4,0.0212125,0.00879463,0.0051367,0.0516887,0.0156496,0.0124445,0,0.00144997
4413,4,0.016519,0.00577513,0.00329354,0.029966,0.00989888,0.00575855,0,0.00130863
4414,4,0.0145787,0.00591927,0.0028285,0.029966,0.0105228,0.00558916,0,0.00154062
4415,4,0.0145787,0.00662131,0.00283544,0.0420386,0.012562,0.00788316,0,0.00171567
4416,4,0.0155123,0.00748169,0.0029801,0.0420386,0.0153177,0.0090109,0,0.0016387
4417,4,0.0189348,0.00867029,0.00414825,0.059297,0.0169275,0.00988991,0,0.00181553
4418,4,0.169785,0.0570006,0.0473177,0.596121,0.290575,0.116619,1,0.0033075
4419,4,0.0414718,0.0161299,0.00960297,0.282521,0.142953,0.0746669,0,0.00164443
4420,4,0.0223784,0.0109327,0.00548936,0.132463,0.0517268,0.0332109,0,0.00169074
4421,4,0.0223784,0.0109204,0.00553528,0.0458981,0.0232881,0.00680449,0,0.00159615
4422,4,0.0241413,0.00879817,0.00469987,0.0610297,0.0256666,0.0113149,0,0.0017752
4423,4,0.0241413,0.00817766,0.00402938,0.0610297,0.0231248,0.0125188,0,0.001792
4424,4,0.0167373,0.00661936,0.0028436,0.0329337,0.015484,0.00741623,0,0.0013754
4425,4,0.0284787,0.00950938,0.00614344,0.0428971,0.0207383,0.00963239,0,0.00145372
4426,4,0.0291155,0.0144868,0.00665866,0.0428971,0.0224891,0.00902006,0,0.00149108
4427,4,0.0412149,0.0192007,0.00785692,0.0945075,0.027323,0.0210685,0,0.00229556
4428,4,0.0412149,0.0213165,0.00847248,0.0945075,0.0374904,0.0246305,0,0.00235412
4429,4,0.037359,0.0189616,0.00923861,0.0814696,0.0257251,0.021519,0,0.00200786
4430,4,0.037359,0.0136763,0.00832871,0.0310532,0.013681,0.00717197,0,0.00192787
4431,4,0.0214697,0.00858369,0.00404448,0.0310532,0.0133811,0.0069293,0,0.00200135
4432,4,0.0166981,0.00788315,0.00345389,0.0365264,0.014575,0.00851722,0,0.0018498
4433,4,0.0356109,0.0156737,0.0095572,0.0484648,0.019396,0.0117308,0,0.00164249
4434,4,0.0356109,0.0191327,0.00826653,0.0641647,0.0249017,0.0138436,0,0.00213365
4435,6,0.278794,0.0912205,0.0796735,0.580147,0.309419,0.13174,1,0.00367609
4436,6,0.0556313,0.0178623,0.0111282,0.287226,0.130297,0.0771187,1,0.00179373
4437,6,0.0317747,0.0091642,0.00638631,0.113335,0.0434237,0.0286835,0,0.00163894
4438,6,0.0124754,0.00623096,0.00269905,0.0387877,0.0243677,0.00541368,0,0.00163142
4439,6,0.0163215,0.00673071,0.00359948,0.0387877,0.025624,0.00491217,0,0.0016984
4440,6,0.0179744,0.00707717,0.00380852,0.0342969,0.0200617,0.00640265,0,0.00151772
4441,6,0.0179744,0.00687262,0.00343069,0.0332356,0.0121768,0.00601791,0,0.00156188
4442,6,0.0165894,0.00597351,0.0030287,0.014044,0.00774689,0.00296171,0,0.00156107
4443,6,0.0126154,0.00520458,0.00239222,0.0137202,0.00693895,0.00290408,0,0.0015738
4444,6,0.0152876,0.00592754,0.00301423,0.0126781,0.00668118,0.0025323,0,0.00180302
4445,6,0.0152876,0.00574634,0.00281051,0.0123551,0.0060898,0.00255245,0,0.00157391
4446,6,0.0159241,0.00504858,0.00242367,0.0123551,0.00547376,0.00228183,0,0.00123277
4447,6,0.0159241,0.00546575,0.00256732,0.0115848,0.00572311,0.002177,0,0.00128758
4448,6,0.0138432,0.00610814,0.00253639,0.0123162,0.0054571,0.00243077,0,0.00144889
4449,6,0.015559,0.00596212,0.00279547,0.0152953,0.00582067,0.00294138,0,0.00164708
4450,6,0.329605,0.0845528,0.0672745,0.737281,0.409851,0.117626,1,0.00786557
4451,6,0.0995739,0.0344912,0.0227618,0.454083,0.243735,0.103201,3,0.0038887
4452,6,0.0770174,0.0180223,0.0151313,0.240049,0.104628,0.070442,2,0.00351721
4453,6,0.0210433,0.00829165,0.00409799,0.125555,0.031283,0.0257812,0,0.00214659
4454,6,0.0278796,0.00954023,0.0058822,0.07465,0.0214238,0.0135833,0,0.0022717
4455,6,0.0278796,0.00871514,0.00586776,0.07465,0.0269409,0.0122049,0,0.00239206
4456,6,0.0398851,0.0101327,0.00764116,0.080337,0.0229751,0.0147807,0,0.00322038
4457,6,0.0398851,0.00996154,0.00760754,0.080337,0.0136785,0.0154256,0,0.00302398
4458,6,0.0119484,0.00496932,0.00205406,0.0144061,0.00532965,0.00277272,0,0.00122523
4459,6,0.0126762,0.00462897,0.00223919,0.0119629,0.0049759,0.00247453,0,0.00148059
4460,6,0.0211874,0.0052394,0.00332801,0.0528494,0.0068412,0.00821422,0,0.00174082
4461,6,0.0221531,0.00769493,0.00498943,0.0537029,0.0142432,0.0132081,0,0.00172379
4462,6,0.0221531,0.00813511,0.004578,0.0537029,0.0126763,0.0117138,0,0.00179483
4463,6,0.018949,0.00551562,0.00282798,0.0110661,0.00527173,0.00230735,0,0.001655
4464,6,0.0132583,0.00571899,0.00267138,0.0418411,0.00867111,0.00778937,0,0.00156877
4465,6,0.0170097,0.00753751,0.00322829,0.0418411,0.013135,0.00932695,0,0.00170603
4466,6,0.0440074,0.0115785,0.00681481,0.0486694,0.0183843,0.0102331,0,0.00341457
4467,6,0.0440074,0.0108558,0.00761329,0.0486694,0.0170128,0.0113396,0,0.00350451
4468,6,0.0214882,0.00687857,0.00420406,0.0441594,0.0126365,0.00914338,0,0.00196658
4469,6,0.0152178,0.00646431,0.00307026,0.0313686,0.0100511,0.00720233,0,0.00155902
4470,6,0.0162044,0.00609099,0.00291648,0.0237455,0.00746321,0.00366774,0,0.00170815
4471,6,0.0162134,0.00670273,0.00355365,0.0380314,0.0111491,0.00663156,0,0.00203873
4472,1,1.16032,0.373727,0.191478,1.81468,0.774849,0.356668,5,0.108019
4473,1,0.928248,0.375681,0.163355,1.81468,0.802612,0.327968,4,0.0930482
4474,1,0.928248,0.367167,0.14368,1.78371,0.764626,0.319886,6,0.0808852
4475,1,0.90685,0.374733,0.154339,1.78371,0.714782,0.328944,6,0.0829595
4476,1,0.90685,0.368151,0.159268,1.64794,0.676355,0.326653,5,0.0815265
4477,1,0.917864,0.351155,0.156841,1.64794,0.711146,0.335489,3,0.0770916
4478,1,0.917864,0.34255,0.154234,1.54622,0.696873,0.309754,4,0.0796546
4479,1,0.830159,0.34294,0.147063,1.38419,0.65278,0.288447,4,0.0788885
4480,1,0.830159,0.339337,0.140684,1.38419,0.663046,0.29519,4,0.0704387
4481,1,0.852477,0.340112,0.144036,1.29077,0.693353,0.27147,4,0.0794376
4482,1,0.896753,0.343999,0.155617,1.51709,0.719961,0.285455,4,0.09515
4483,1,0.896753,0.332917,0.143673,1.64446,0.730145,0.316678,4,0.0836992
4484,1,1.00825,0.3973,0.164157,1.65486,0.814864,0.377095,5,0.0956961
4485,1,0.769941,0.379016,0.140256,1.75766,0.818401,0.325601,4,0.0783506
4486,1,0.934958,0.385996,0.148234,1.75766,0.810476,0.310047,6,0.0828014
4487,1,0.934958,0.401793,0.170782,1.78313,0.785976,0.320744,5,0.0950713
4488,1,0.7937,0.387325,0.158371,1.78313,0.76347,0.329838,6,0.0976188
4489,1,0.828954,0.356921,0.146462,1.64425,0.770982,0.336516,5,0.0811731
4490,1,0.84341,0.35885,0.162586,1.64425,0.751832,0.328855,5,0.0845256
4491,1,0.965171,0.379902,0.172916,1.5897,0.703952,0.310443,5,0.0942875
4492,1,0.965171,0.361237,0.165742,1.59034,0.704887,0.285318,5,0.101732
4493,1,0.818765,0.34494,0.151463,1.77642,0.767787,0.292872,5,0.0853114
4494,1,0.848629,0.355823,0.150603,1.77642,0.793469,0.324809,5,0.0778407
4495,3,1.09641,0.457094,0.215344,1.23785,0.582078,0.262565,6,0.0874231
4496,3,1.06849,0.483485,0.231054,1.94066,0.81534,0.419115,5,0.0914691
4497,3,1.06849,0.457926,0.20839,1.94066,0.854884,0.400017,4,0.0892744
4498,3,1.06181,0.450419,0.216421,1.94769,0.76652,0.374808,4,0.0937645
4499,3,1.06181,0.485524,0.240406,1.94769,0.801129,0.441051,3,0.101008
4500,3,1.04792,0.469961,0.222527,1.88244,0.762427,0.423271,5,0.0955079
4501,3,1.28888,0.435716,0.20956,2.05918,0.82422,0.343096,5,0.0924897
4502,3,1.16482,0.456169,0.203837,2.18191,0.982543,0.532845,4,0.0980106
4503,3,1.16482,0.479977,0.215834,2.18191,0.930466,0.571187,4,0.0931623
4504,3,0.990303,0.494788,0.218633,1.702,0.681562,0.343989,5,0.08494
4505,3,1.00912,0.49325,0.20665,1.74197,0.786249,0.374893,4,0.100079
4506,3,1.1008,0.487629,0.203608,1.80077,0.842181,0.410071,5,0.102074
4507,2,0.988265,0.424603,0.16023,1.80212,0.947368,0.415405,6,0.0836177
4508,2,0.856566,0.443477,0.15873,1.76114,0.874424,0.418145,7,0.0817313
4509,2,0.856566,0.426092,0.161641,1.82447,0.95176,0.416339,6,0.0757327
4510,2,0.809185,0.412049,0.14816,1.82447,0.798244,0.399639,4,0.0625239
4511,2,0.841385,0.419506,0.147406,2.31701,0.767882,0.457255,3,0.0667
4512,2,0.841385,0.413967,0.143084,2.31701,0.894741,0.46374,5,0.0720823
4513,2,0.789395,0.406669,0.145787,1.61614,0.825605,0.382729,6,0.0695762
4514,2,1.08078,0.427408,0.168276,1.96214,0.834838,0.43043,6,0.0973192
4515,2,0.939162,0.401017,0.13308,2.4393,0.935188,0.555466,5,0.0798256
4516,2,0.668936,0.390583,0.118486,2.4393,0.873954,0.555837,4,0.0502902
4517,2,0.787193,0.395215,0.133737,1.4099,0.691841,0.295024,4,0.0601786
4518,2,0.797581,0.401071,0.134447,1.52105,0.729096,0.304343,4,0.0670502
4519,2,0.863679,0.408542,0.144405,1.90308,0.796225,0.370861,5,0.074987
4520,2,0.863679,0.391907,0.145879,1.90308,0.813953,0.391244,5,0.080547
4521,3,1.108,0.415533,0.207293,1.98652,0.814835,0.364666,5,0.102166
4522,3,0.977279,0.409,0.197966,1.82687,0.805524,0.360878,4,0.0830533
4523,3,0.977279,0.45029,0.207612,1.82687,0.805829,0.340921,5,0.0922248
4524,3,0.977817,0.471184,0.195738,1.94159,0.834256,0.365617,6,0.0914596
4525,3,1.05294,0.462717,0.214195,2.02421,0.870252,0.403245,5,0.0917624
4526,3,1.05294,0.483857,0.221631,2.02421,0.781215,0.385301,5,0.0959756
4527,2,0.940218,0.42756,0.160589,1.92994,0.927674,0.454641,6,0.0878846
4528,2,1.02615,0.447451,0.168814,2.30096,0.90904,0.51604,6,0.0932545
4529,2,1.02615,0.443942,0.164,2.30096,0.879962,0.547344,5,0.0811075
4530,2,0.865592,0.443476,0.147697,2.12076,0.799301,0.434919,6,0.0814234
4531,2,1.07851,0.44354,0.159501,2.37997,0.872803,0.484134,6,0.0947245
4532,2,1.07851,0.459133,0.180361,2.37997,0.897739,0.494263,6,0.0912977
4533,2,1.01259,0.444898,0.182946,1.71119,0.87816,0.377876,7,0.0831097
4534,5,0.0957211,0.0379792,0.0202944,0.679581,0.202571,0.126892,3,0.00892924
4535,5,0.0957211,0.0323808,0.0173728,0.47935,0.175242,0.116642,3,0.00742655
4536,5,0.0654692,0.0300744,0.0150584,0.387722,0.130199,0.113089,4,0.00365468
4537,5,0.246416,0.0409645,0.0511624,0.808389,0.131035,0.133427,1,0.0152479
4538,5,0.25714,0.0538499,0.0599457,0.808389,0.143143,0.13146,3,0.0238815
4539,5,0.25714,0.0362483,0.0397752,0.430886,0.0629967,0.0514748,2,0.019912
4540,5,0.0332144,0.0180968,0.00656869,0.0866595,0.0324052,0.0119845,0,0.00225845
4541,5,0.0599267,0.0177932,0.00984046,0.211878,0.0705252,0.0600954,0,0.00483169
4542,5,0.0599267,0.0219836,0.0111578,0.297545,0.102711,0.0605634,0,0.00499523
4543,5,0.0762761,0.028735,0.0134851,0.313453,0.0889847,0.0653993,4,0.00609281
4544,5,0.0762761,0.0221813,0.0154417,0.313453,0.0516165,0.0601094,4,0.00603154
4545,5,0.0257181,0.0114474,0.00461011,0.188418,0.0536636,0.0533767,0,0.00198019
4546,5,0.0417816,0.0168048,0.00930869,0.188418,0.0874788,0.0519241,0,0.00211538
4547,5,0.0417816,0.0191361,0.00845537,0.183619,0.0862474,0.044832,0,0.00199043
4548,5,0.0350519,0.0108331,0.00648741,0.173942,0.0652399,0.0400099,0,0.00179048
4549,5,0.0157192,0.00618402,0.00286337,0.0816846,0.0275278,0.0250231,0,0.00173857
4550,5,0.0174399,0.00686936,0.00334808,0.0507115,0.015885,0.0120569,0,0.00186555
4551,5,0.0230431,0.0113692,0.00500838,0.20659,0.0437827,0.0465749,0,0.00190132
4552,5,0.162706,0.0596101,0.0442094,0.376325,0.163515,0.0779763,2,0.00491387
4553,5,0.0480802,0.0184706,0.0123762,0.174734,0.0754875,0.035402,2,0.00234562
4554,5,0.030347,0.0156072,0.00652274,0.0821617,0.0338853,0.0185605,0,0.00194018
4555,5,0.0294257,0.0129189,0.00690904,0.0560672,0.0228736,0.0118608,0,0.00148753
4556,5,0.0178579,0.00758988,0.00373872,0.0757066,0.0316462,0.0177945,0,0.00152027
4557,5,0.0178579,0.00703913,0.0031669,0.0757066,0.024774,0.0187976,0,0.00149318
4558,5,0.0130922,0.00621904,0.00283745,0.0217561,0.0121684,0.00403885,0,0.00133204
4559,5,0.0207375,0.00718613,0.00362685,0.0455139,0.0165931,0.0106108,0,0.001485
4560,5,0.0339094,0.0128685,0.00765817,0.115078,0.0313738,0.0226979,0,0.00161828
4561,5,0.0564088,0.0171024,0.00978963,0.181615,0.0515908,0.0377452,0,0.00404608
4562,5,0.0564088,0.0150627,0.00893268,0.181615,0.0436927,0.0372018,0,0.0040108
4563,5,0.0704031,0.0209968,0.0148674,0.586054,0.159123,0.172141,2,0.00258171
4564,5,0.0704031,0.0370975,0.0152614,0.586054,0.277442,0.147291,3,0.00321089
4565,5,0.0613258,0.031042,0.0159211,0.458769,0.154374,0.147117,4,0.00270399
4566,5,0.11397,0.0227769,0.0178808,0.234599,0.0683099,0.0511834,0,0.00339519
4567,4,0.612716,0.193743,0.185339,0.364424,0.204496,0.0593218,3,0.0111322
4568,4,0.111073,0.0371834,0.0223393,0.354461,0.166586,0.0671188,3,0.00882491
4569,4,0.0437367,0.0185671,0.01116,0.239153,0.0907461,0.051887,2,0.00270546
4570,4,0.0337746,0.0145955,0.00556394,0.103777,0.0364354,0.0268811,0,0.00282917
4571,4,0.0690377,0.0231503,0.0134934,0.185343,0.0520195,0.048076,3,0.0035891
4572,4,0.247298,0.0356749,0.028492,0.315408,0.089403,0.0619068,2,0.0172918
4573,4,0.247298,0.0361645,0.0276964,0.315408,0.0779437,0.0591668,2,0.017543
4574,4,0.0775244,0.0202982,0.0146762,0.1399,0.0378906,0.0351544,2,0.00545949
4575,4,0.0245228,0.00746466,0.00462398,0.0281811,0.0104264,0.00600969,0,0.00200561
4576,4,0.0153818,0.00625416,0.00334989,0.0264623,0.00765107,0.00541999,0,0.00184499
4577,4,0.0220844,0.00927819,0.0054737,0.0378349,0.0129492,0.00962729,0,0.00180092
4578,4,0.0220844,0.00975921,0.0055463,0.0378349,0.0146647,0.00935457,0,0.00157467
4579,4,0.0221146,0.00835673,0.00463227,0.0345794,0.013097,0.00842923,0,0.00201521
4580,4,0.109866,0.0113022,0.0147512,0.497497,0.0376988,0.0811466,1,0.0065756
4581,4,0.339548,0.1406,0.0969224,0.903365,0.400456,0.214122,2,0.00821313
4582,4,0.144429,0.0584287,0.0263289,0.331783,0.19457,0.0731564,1,0.00403178
4583,4,0.0904823,0.0474276,0.0239365,0.182859,0.106989,0.0427971,1,0.00291564
4584,4,0.212094,0.0448964,0.0376737,0.978939,0.133313,0.172347,1,0.00935541
4585,4,0.212094,0.0515322,0.0356367,0.978939,0.140398,0.171858,1,0.00926328
4586,4,0.0779229,0.0347354,0.0170218,0.314179,0.0739694,0.0413859,2,0.00258577
4587,4,0.0476754,0.0213762,0.0100921,0.1012,0.0388749,0.0247357,0,0.00219745
4588,4,0.0750855,0.020474,0.014165,0.266318,0.043214,0.0474442,3,0.00483353
4589,4,0.0975393,0.0295291,0.0218933,0.266318,0.068862,0.0524795,3,0.00771976
4590,4,0.0975393,0.0391684,0.0196334,0.236508,0.0649535,0.0368336,5,0.00715516
4591,4,0.0768362,0.0262143,0.0187345,0.119135,0.0485058,0.0247732,2,0.00344831
4592,4,0.0304281,0.0144712,0.00732603,0.0835683,0.0319665,0.0199486,0,0.00186861
4593,4,0.0316291,0.0169512,0.00658479,0.0693394,0.0259822,0.0169487,0,0.00222936
4594,4,0.0811699,0.026313,0.0162475,0.151673,0.0465096,0.0320412,3,0.00532338
4595,4,0.0811699,0.0274765,0.0180753,0.151673,0.0579475,0.0306998,4,0.00556093
4596,4,0.114205,0.0307086,0.0274341,0.740277,0.111288,0.149811,1,0.00411374
4597,6,0.624723,0.225538,0.176633,0.963259,0.454302,0.190926,1,0.0193689
4598,6,0.111271,0.066329,0.0311846,0.506705,0.225601,0.0959702,3,0.0048002
4599,6,0.212248,0.0535435,0.0434245,0.410454,0.164698,0.0783977,1,0.00793028
4600,6,0.213781,0.0861833,0.0589682,0.67664,0.255295,0.142441,3,0.0140703
4601,6,0.213781,0.0772053,0.052066,0.67664,0.214048,0.154103,2,0.013412
4602,6,0.0827982,0.0319454,0.0183269,0.181787,0.0822165,0.0401274,2,0.0040454
4603,6,0.0541142,0.0262712,0.0107657,0.20058,0.0655234,0.0356339,0,0.0033756
4604,6,0.052013,0.0256136,0.0123703,0.20058,0.0492469,0.0386833,4,0.00281076
4605,6,0.052013,0.0171673,0.0104833,0.0663156,0.0209211,0.0152782,1,0.00179496
4606,6,0.0235563,0.0107018,0.00490116,0.0562251,0.0100153,0.00800459,0,0.00166235
4607,6,0.0155118,0.00688711,0.00272923,0.0175552,0.00821168,0.00338191,0,0.00149356
4608,6,0.0155118,0.00602731,0.0025785,0.0246308,0.00970428,0.00512303,0,0.0016056
4609,6,0.0159939,0.00724188,0.00314038,0.0276004,0.0131722,0.00661215,0,0.00150654
4610,6,0.0233233,0.00971347,0.00513949,0.0568569,0.0228441,0.0124693,0,0.00176431
4611,6,0.0233233,0.0118581,0.00573917,0.0568569,0.023518,0.0150302,0,0.00175573
4612,6,0.0456632,0.01521,0.00826784,0.121447,0.0300602,0.024975,0,0.00182615
4613,6,0.350591,0.0883484,0.0849393,0.807173,0.235067,0.247777,3,0.0246906
4614,6,0.350591,0.137185,0.0654933,0.807173,0.382376,0.184049,4,0.0247277
4615,6,0.291123,0.067967,0.0637409,0.58774,0.203424,0.163714,2,0.0156061
4616,6,0.0615024,0.0146614,0.0131056,0.185724,0.055193,0.0304154,1,0.00285738
4617,6,0.509193,0.157617,0.122146,1.30782,0.498109,0.244102,1,0.0202827
4618,6,0.509193,0.0936183,0.09923,1.30782,0.334584,0.314409,1,0.0210276
4619,6,0.0495903,0.0278111,0.0123786,0.18551,0.091506,0.0375888,3,0.00271499
4620,6,0.0363001,0.017137,0.00937309,0.100033,0.044149,0.0225479,0,0.00283192
4621,6,0.0363001,0.0095574,0.0067947,0.0447471,0.0228716,0.00816923,0,0.00196012
4622,6,0.0320096,0.00900831,0.00625765,0.0710679,0.0218263,0.0131048,0,0.00193126
4623,6,0.042014,0.0171605,0.0116465,0.0794246,0.0309868,0.0171319,2,0.00194456
4624,6,0.042014,0.0181271,0.0102667,0.0794246,0.028336,0.0154582,1,0.0016468
4625,6,0.019481,0.0117389,0.00409974,0.0472257,0.0189021,0.0087899,0,0.00171669
4626,6,0.0311112,0.0132184,0.00634134,0.112346,0.0240228,0.0165505,0,0.00194446
4627,6,0.0791105,0.0200504,0.0128191,0.148662,0.0296439,0.0258201,1,0.00450168
4628,6,0.0791105,0.015583,0.0142925,0.148662,0.0242491,0.0232286,1,0.00444975
4629,6,0.0193287,0.00665102,0.00371851,0.0581496,0.0141934,0.00827217,0,0.00167675
4630,6,0.0639817,0.0100682,0.010465,0.158333,0.0216719,0.0259253,0,0.00486834
4631,6,0.0639817,0.0145478,0.0107055,0.158333,0.032459,0.0259508,0,0.00490998
4632,1,0.866172,0.360322,0.157984,1.44577,0.817078,0.327491,5,0.0880138
4633,1,0.791928,0.362059,0.144347,1.48579,0.814429,0.358935,5,0.0793475
4634,1,1.12885,0.369354,0.157152,1.51436,0.791445,0.371032,5,0.0971502
4635,1,1.12885,0.380862,0.170486,1.65275,0.843607,0.373648,5,0.105341
4636,1,0.903903,0.374759,0.159837,1.65275,0.822733,0.356815,5,0.0925372
4637,1,0.898328,0.366529,0.14665,1.46451,0.792703,0.341434,5,0.0807394
4638,1,0.701461,0.372566,0.145356,1.45152,0.744667,0.322556,7,0.0826132
4639,1,0.923376,0.366907,0.157853,1.60149,0.691844,0.292739,4,0.0892536
4640,1,0.923376,0.357712,0.158069,1.60149,0.733871,0.316269,5,0.0860034
4641,1,0.802202,0.372182,0.146728,1.51694,0.821244,0.345781,5,0.0784081
4642,1,0.878237,0.379843,0.154668,1.51694,0.835824,0.367052,4,0.0869527
4643,1,0.878237,0.354547,0.141113,1.63861,0.816958,0.385591,3,0.083564
4644,1,0.798568,0.404064,0.156917,1.83978,0.905984,0.356774,4,0.0775778
4645,1,0.813777,0.421319,0.16764,1.52315,0.884653,0.344157,6,0.086724
4646,1,0.813777,0.385226,0.16527,1.61497,0.780933,0.3438,5,0.079806
4647,1,0.86045,0.36943,0.157836,1.61497,0.742229,0.315847,4,0.0845622
4648,1,0.950098,0.395678,0.168886,1.59531,0.766637,0.326383,6,0.093183
4649,1,0.950098,0.381334,0.166726,1.59531,0.765929,0.294446,5,0.091456
4650,1,0.767055,0.374196,0.156336,1.78054,0.773751,0.295597,4,0.0828648
4651,1,0.767055,0.379828,0.150311,1.78054,0.761417,0.313954,5,0.0792028
4652,1,0.824798,0.37172,0.155589,1.83804,0.757173,0.325287,6,0.098672
4653,1,0.893416,0.365834,0.160452,1.83804,0.754366,0.339991,5,0.100949
4654,1,0.893416,0.373448,0.153892,1.3527,0.757138,0.325314,4,0.0854939
4655,3,1.05786,0.48761,0.216327,1.42835,0.608118,0.241227,5,0.0951734
4656,3,1.05786,0.467019,0.208452,2.35351,0.811917,0.444341,6,0.0925312
4657,3,1.05957,0.469672,0.22353,2.35351,0.908542,0.46313,5,0.0921297
4658,3,1.05957,0.485469,0.22886,2.03175,0.875758,0.422964,5,0.0864708
4659,3,0.940632,0.461549,0.209463,2.03175,0.903749,0.452315,5,0.0897113
4660,3,1.01989,0.478511,0.208475,1.88293,0.789739,0.432343,4,0.0886783
4661,3,1.03566,0.440259,0.1861,2.15276,0.962694,0.470465,5,0.105132
4662,3,1.08219,0.444731,0.206889,2.15276,0.888381,0.432258,4,0.0933867
4663,3,1.08219,0.480093,0.220666,1.79486,0.815635,0.373924,5,0.0939668
4664,3,1.06565,0.475055,0.223368,2.50188,0.865983,0.498067,4,0.093784
4665,3,1.06565,0.433549,0.21807,2.50188,0.896809,0.48869,4,0.085434
4666,3,1.08582,0.417465,0.216436,1.64795,0.797476,0.344682,3,0.0882333
4667,3,1.08889,0.432208,0.188428,1.71494,0.764482,0.310363,4,0.0820615
4668,3,0.934604,0.459921,0.185242,1.71494,0.798155,0.367301,5,0.0789765
4669,3,0.904482,0.438262,0.197385,1.60361,0.787825,0.337837,5,0.0877678
4670,3,0.978425,0.425679,0.204992,1.57012,0.749826,0.308832,5,0.0996845
4671,3,0.978425,0.415935,0.196643,1.57012,0.768976,0.340277,4,0.102177
4672,3,0.960431,0.421949,0.201552,1.6596,0.775115,0.365898,4,0.0928948
4673,2,1.04926,0.441341,0.175745,2.03022,0.899208,0.426422,7,0.0948098
4674,2,1.0135,0.424339,0.15963,2.42274,0.924399,0.540166,6,0.0907381
4675,2,0.933134,0.44443,0.154185,2.71117,0.977263,0.588506,3,0.0811429
4676,2,0.931318,0.429175,0.156618,2.71117,0.821497,0.486085,4,0.0777475
4677,2,0.900043,0.403342,0.139874,1.62996,0.800788,0.370569,4,0.0782834
4678,2,1.16465,0.416134,0.172281,1.75668,0.821136,0.391169,6,0.115235
4679,2,1.16465,0.422216,0.182268,1.75668,0.769659,0.39869,6,0.124515
4680,2,0.966242,0.392827,0.168525,2.06542,0.961422,0.428448,6,0.0870143
4681,2,1.28841,0.428628,0.170109,1.89132,0.915867,0.420252,6,0.106469
4682,2,1.28841,0.436356,0.162586,2.40223,1.03012,0.499487,3,0.100734
4683,2,0.861604,0.41005,0.148002,2.40223,0.903215,0.482494,4,0.0773737
4684,2,0.973849,0.381135,0.149516,1.85183,0.754255,0.365459,4,0.0805988
4685,2,1.21717,0.398266,0.165398,1.85183,0.726443,0.366891,4,0.103507
4686,2,1.21717,0.392197,0.168679,1.9763,0.744893,0.33598,4,0.0986267
4687,2,0.946779,0.393844,0.157727,1.73382,0.939193,0.320662,5,0.0855489
4688,2,0.895545,0.419219,0.157593,2.27471,0.789718,0.373071,6,0.0872312
4689,2,0.895545,0.405005,0.162551,2.27537,0.835549,0.511899,4,0.0911079
4690,2,0.912306,0.396542,0.155823,2.27537,0.806624,0.470899,4,0.0924794
4691,2,0.912306,0.390574,0.152731,1.32385,0.693673,0.311489,5,0.0895317
4692,2,0.836009,0.393483,0.155401,1.56599,0.744869,0.32939,5,0.0853553
4693,2,0.905182,0.407223,0.160484,1.80216,0.78717,0.373181,5,0.102951
4694,5,0.108707,0.034903,0.0193474,0.431587,0.150751,0.0880881,4,0.0088781
4695,5,0.108707,0.0450681,0.0230773,0.431587,0.166879,0.0964439,3,0.0104581
4696,5,0.101883,0.0437238,0.0225308,0.333491,0.128522,0.0848053,2,0.00925975
4697,5,0.0770809,0.0359855,0.0168148,0.218894,0.0644782,0.0484325,3,0.00503004
4698,5,0.061847,0.0204997,0.0172126,0.0836667,0.0247889,0.0154821,2,0.00254835
4699,5,0.0528551,0.01546,0.0116246,0.150548,0.0451924,0.0367251,3,0.00385978
4700,5,0.0528551,0.0189905,0.0102963,0.150548,0.0574884,0.0333983,0,0.00403739
4701,5,0.0376306,0.0128115,0.00638357,0.0879373,0.0331491,0.0222346,0,0.00315701
4702,5,0.0282925,0.00953221,0.00520488,0.059626,0.0218812,0.011942,0,0.0031133
4703,5,0.0239963,0.00790313,0.00437748,0.0526524,0.0186795,0.0100571,0,0.00257549
4704,5,0.0151244,0.00690887,0.00331694,0.042758,0.0171115,0.00865298,0,0.0023625
4705,5,0.0202912,0.00701068,0.00386438,0.0389427,0.0150384,0.00869737,0,0.00255392
4706,5,0.0202912,0.00860455,0.00410767,0.0389427,0.0135969,0.00734417,0,0.00216886
4707,5,0.0197348,0.00832055,0.00379192,0.031909,0.0133101,0.00602244,0,0.00171814
4708,5,0.0190786,0.0070439,0.00373175,0.049411,0.0171585,0.0091414,0,0.00185096
4709,5,0.0209033,0.00728262,0.00411958,0.049411,0.0196966,0.00887072,0,0.00192645
4710,5,0.0209033,0.00663142,0.00371137,0.0386489,0.0146468,0.00770096,0,0.00207106
4711,5,0.0628662,0.0129817,0.011647,0.155021,0.0389493,0.0377811,1,0.00323891
4712,5,0.131445,0.0360475,0.0283442,0.255687,0.139823,0.0442232,0,0.00494419
4713,5,0.0660639,0.0333275,0.0138876,0.298764,0.156784,0.068288,6,0.00503757
4714,5,0.083384,0.041054,0.0178466,0.298764,0.14703,0.0768648,1,0.00268074
4715,5,0.083384,0.0264815,0.0235594,0.221349,0.0775416,0.0487777,1,0.00244279
4716,5,0.0329477,0.0123606,0.0061712,0.107783,0.0475164,0.0209303,0,0.0026247
4717,5,0.0329477,0.0126334,0.00656654,0.107783,0.0332112,0.022094,0,0.00212985
4718,5,0.0274777,0.0103531,0.00450027,0.0592394,0.0218911,0.0121623,0,0.00166105
4719,5,0.0187011,0.0087031,0.00394221,0.0592394,0.0186412,0.0100844,0,0.00206723
4720,5,0.0187011,0.00694283,0.00323414,0.039768,0.0167477,0.00710297,0,0.00210261
4721,5,0.0191572,0.00720474,0.00330318,0.0613556,0.0233503,0.0128882,0,0.0020186
4722,5,0.0238716,0.00993211,0.00488637,0.0679839,0.0259946,0.0159249,0,0.00227775
4723,5,0.0238716,0.00874551,0.00521882,0.0679839,0.0171202,0.0137821,0,0.00221597
4724,5,0.0222585,0.00858593,0.00539447,0.0846476,0.0206268,0.0186868,0,0.00237108
4725,5,0.0222585,0.00988802,0.00517767,0.0846476,0.027103,0.0179578,0,0.00221418
4726,5,0.0935305,0.0226114,0.0277334,1.06197,0.199638,0.343109,2,0.00363642
4727,4,0.238074,0.0727687,0.056349,0.584916,0.110661,0.0858375,3,0.0111488
4728,4,0.0648005,0.0188347,0.0135621,0.114015,0.0704511,0.0218069,1,0.00427764
4729,4,0.0763186,0.0121051,0.0100165,0.110449,0.0492398,0.0185362,0,0.00944595
4730,4,0.0763186,0.0105301,0.00944662,0.110449,0.0263583,0.019998,0,0.00906925
4731,4,0.0203314,0.0067162,0.00383684,0.0380883,0.00844739,0.0060524,0,0.00166706
4732,4,0.0139561,0.004722,0.00240411,0.0162248,0.00700482,0.00317868,0,0.0014736
4733,4,0.0126461,0.00454854,0.00222917,0.0189489,0.00713242,0.0034941,0,0.00155338
4734,4,0.0111507,0.00438338,0.00205966,0.0189489,0.00582032,0.00330528,0,0.00152306
4735,4,0.0121129,0.00443049,0.00228151,0.0155732,0.00557512,0.0027201,0,0.00151906
4736,4,0.0154222,0.0050836,0.00291207,0.0170043,0.00611082,0.0030935,0,0.00187848
4737,4,0.0168483,0.00554619,0.00313482,0.0204635,0.0066519,0.00363352,0,0.00208927
4738,4,0.0168483,0.0050425,0.00258125,0.0204635,0.0065244,0.00342313,0,0.00180077
4739,4,0.0109579,0.00450699,0.00227288,0.0143862,0.00553918,0.00300143,0,0.00123538
4740,4,0.010925,0.00423587,0.00237852,0.0143082,0.00513158,0.00261199,0,0.00141541
4741,4,0.0146811,0.00459505,0.00242935,0.0170443,0.00550574,0.00298563,0,0.00194139
4742,4,0.0146811,0.00487052,0.0023854,0.0170443,0.00598941,0.0031161,0,0.00187566
4743,4,0.0112873,0.00496121,0.0021397,0.0164413,0.00574342,0.00263569,0,0.00131564
4744,4,0.0620991,0.00907755,0.0115805,0.660415,0.0461377,0.110872,2,0.00533938
4745,4,0.142388,0.0520695,0.0296413,0.495863,0.403014,0.0578402,1,0.00504227
4746,4,0.0681376,0.0217833,0.0182066,0.434179,0.27247,0.107022,2,0.00256773
4747,4,0.0284929,0.0106465,0.00541261,0.278808,0.123011,0.0716703,0,0.00250588
4748,4,0.0284929,0.00993309,0.00508879,0.10989,0.0442779,0.0281139,0,0.00246631
4749,4,0.0218601,0.00826758,0.00445929,0.0577044,0.0237027,0.00998098,0,0.00277519
4750,4,0.0218601,0.00870773,0.00519696,0.0473054,0.0264387,0.00868965,0,0.00270892
4751,4,0.0218625,0.00984523,0.00488005,0.0537474,0.0231718,0.0111902,0,0.00238264
4752,4,0.0218625,0.0102955,0.00417838,0.0694015,0.0204231,0.0137162,0,0.00231813
4753,4,0.0343014,0.0128078,0.00799714,0.0893199,0.0320554,0.0204655,0,0.00271769
4754,4,0.0466419,0.02141,0.0118489,0.0893199,0.0323245,0.0193394,3,0.00322687
4755,4,0.0466419,0.0192685,0.0121445,0.0682928,0.0231735,0.0120779,3,0.00286778
4756,4,0.0284948,0.0112441,0.00704181,0.105305,0.0286759,0.0198736,0,0.00194139
4757,4,0.0284948,0.0115577,0.00694376,0.105305,0.0282247,0.0206373,0,0.00235732
4758,4,0.0290378,0.0122382,0.00622806,0.0578027,0.020327,0.0123134,0,0.00247139
4759,4,0.0290378,0.0104754,0.00558499,0.0537844,0.0180695,0.0103646,0,0.00214426
4760,4,0.0224762,0.00752808,0.00431573,0.0537844,0.0158336,0.0102467,0,0.00277853
4761,4,0.0323142,0.00835029,0.00549864,0.0499141,0.0169949,0.00952775,0,0.00275252
4762,4,0.0323142,0.0086936,0.00529716,0.0499141,0.0173615,0.00902576,0,0.00198257
4763,4,0.0208177,0.00885739,0.00427317,0.250493,0.0230213,0.0300226,0,0.0021654
4764,4,0.171384,0.0402453,0.0413723,0.498988,0.122746,0.12441,3,0.0100617
4765,6,0.319227,0.0868115,0.0675095,0.472435,0.258043,0.0763606,0,0.00580636
4766,6,0.0884422,0.0309094,0.0249256,0.276498,0.145238,0.062023,1,0.00190489
4767,6,0.0259494,0.012883,0.00511762,0.130934,0.059278,0.0391389,0,0.00182878
4768,6,0.0204504,0.011564,0.00379326,0.0762182,0.0212434,0.0146078,0,0.00213004
4769,6,0.0204504,0.0103523,0.00365495,0.0503996,0.018508,0.00848921,0,0.00199288
4770,6,0.0168588,0.00825616,0.00256008,0.0503996,0.0178621,0.00769786,0,0.00143819
4771,6,0.0189396,0.0090213,0.00352271,0.0670839,0.0195318,0.0108884,0,0.00182889
4772,6,0.0189396,0.00986507,0.00361777,0.0670839,0.0182908,0.012091,0,0.00180221
4773,6,0.0165338,0.00887291,0.00333523,0.0453868,0.0138935,0.00959296,0,0.00157655
4774,6,0.0149513,0.00704503,0.00291711,0.0479552,0.0146807,0.0103752,0,0.00155621
4775,6,0.0156946,0.00725927,0.00308233,0.0479552,0.0158589,0.010393,0,0.00177608
4776,6,0.0183751,0.0078823,0.00327939,0.0481385,0.0158287,0.00992671,0,0.00207462
4777,6,0.0224938,0.00877481,0.00455438,0.0873328,0.0269499,0.0191506,0,0.00211676
4778,6,0.0226847,0.0102025,0.00486857,0.0873328,0.0285073,0.0192411,0,0.00217684
4779,6,0.0318525,0.0129737,0.00681476,0.156618,0.0291355,0.0273341,0,0.00256871
4780,6,0.146217,0.038524,0.0284414,0.449864,0.27839,0.0925044,1,0.00373627
4781,6,0.0451255,0.0174762,0.00926113,0.267626,0.143722,0.0659116,0,0.00230279
4782,6,0.0249418,0.00994709,0.0045278,0.168872,0.0620658,0.0451835,0,0.00230112
4783,6,0.0211444,0.010628,0.00482634,0.0922138,0.0341739,0.0148206,0,0.00215022
4784,6,0.0257954,0.0130957,0.0054195,0.0922138,0.0322938,0.0148873,0,0.00226624
4785,6,0.0257954,0.0128664,0.00512424,0.080668,0.0368054,0.018309,0,0.0022181
4786,6,0.0254704,0.0135473,0.00553506,0.080668,0.0380594,0.0176431,0,0.00193481
4787,6,0.0290163,0.0173756,0.00569881,0.0700417,0.0278715,0.01269,0,0.0017595
4788,6,0.0290163,0.0161859,0.00626659,0.0700417,0.0288127,0.0119989,0,0.00182114
4789,6,0.0249629,0.0129654,0.00476923,0.0753052,0.025808,0.0160273,0,0.00206282
4790,6,0.0250813,0.0130008,0.0047078,0.0753052,0.0237876,0.0160393,0,0.00202915
4791,6,0.0270375,0.011408,0.00586542,0.0648759,0.0228984,0.0140589,0,0.0021842
4792,6,0.0345344,0.012754,0.00765491,0.0715458,0.0242677,0.0159989,0,0.0020861
4793,6,0.0345344,0.0152822,0.00732222,0.0715458,0.0296966,0.0147392,0,0.00161302
4794,6,0.026082,0.0143086,0.00623122,0.0587682,0.0265897,0.0131988,0,0.00184846
4795,6,0.026082,0.0130846,0.00585022,0.0600941,0.0242332,0.0135215,0,0.00198433
4796,6,0.0259447,0.0123644,0.00505516,0.0740579,0.0269009,0.0164514,0,0.00183256
4797,6,0.0390889,0.0160825,0.00845023,0.083777,0.0364435,0.0175315,0,0.00206349
4798,1,0.664285,0.310084,0.124667,2.86773,0.995937,0.523383,5,0.068891
4799,1,0.752226,0.301919,0.135671,2.86773,0.864838,0.539829,4,0.0765529
4800,1,0.892587,0.303956,0.145247,3.04953,0.909702,0.558948,4,0.0922711
4801,1,0.892587,0.323409,0.156046,3.25311,1.00393,0.657385,5,0.093959
4802,1,0.936392,0.321231,0.160198,3.57766,1.02451,0.729281,3,0.0924131
4803,1,0.936392,0.304957,0.15059,3.57766,0.974467,0.699029,3,0.0901249
4804,1,0.87582,0.29144,0.140971,3.14103,0.939232,0.65794,2,0.0749112
4805,1,0.827245,0.282841,0.13676,3.22595,0.929426,0.634283,2,0.0783371
4806,1,0.850919,0.276806,0.138076,3.22595,0.884669,0.597406,3,0.0821449
4807,1,0.850919,0.279071,0.133703,2.94958,0.866881,0.585685,3,0.0732172
4808,1,0.743523,0.277949,0.119111,2.58341,0.857661,0.526219,4,0.0675748
4809,1,0.807013,0.28844,0.126096,2.54186,0.849324,0.521162,2,0.0704592
4810,1,0.859199,0.309586,0.147822,3.20573,0.908605,0.623251,2,0.0731304
4811,1,0.863861,0.319656,0.159728,3.37623,0.97669,0.678556,3,0.0811223
4812,1,0.863861,0.316938,0.148024,3.37623,0.968057,0.626854,3,0.0863307
4813,1,0.837386,0.297772,0.139323,3.09255,0.957587,0.584539,4,0.0729364
4814,1,0.958271,0.325427,0.151519,3.2437,1.00847,0.694906,3,0.0769265
4815,1,0.958271,0.324469,0.159727,3.2437,0.915817,0.667116,2,0.0817414
4816,1,0.911886,0.333345,0.151202,3.98358,0.953325,0.619917,4,0.0894095
4817,1,0.911886,0.329421,0.156494,3.98358,1.05758,0.690229,5,0.0962329
4818,1,0.902404,0.313725,0.157377,3.72306,0.98736,0.667874,3,0.0933707
4819,1,0.803375,0.288603,0.140009,3.0225,0.879828,0.586359,3,0.0799611
4820,1,0.952912,0.286488,0.145774,4.04803,0.930607,0.701789,2,0.0832798
4821,1,0.952912,0.314695,0.158351,4.04803,1.00972,0.755553,3,0.0954794
4822,1,1.12827,0.342987,0.167065,3.41959,1.04521,0.74039,3,0.103077
4823,1,1.12827,0.360251,0.181664,3.96559,1.13636,0.850894,3,0.114414
4824,1,1.09182,0.354035,0.179345,4.51752,1.16189,0.878348,4,0.109855
4825,1,1.0184,0.336835,0.160471,4.51752,1.02381,0.729179,4,0.0945995
4826,1,0.928933,0.318047,0.150467,3.76362,0.958305,0.65054,4,0.0901617
4827,1,0.928933,0.319284,0.14628,3.76362,1.35308,0.924983,5,0.0830869
4828,3,1.65377,0.411253,0.281745,6.04225,1.14889,1.02708,4,0.159144
4829,3,1.15078,0.378905,0.241939,4.43333,1.06394,0.799215,4,0.111421
4830,3,1.04909,0.328207,0.20163,4.43333,0.931098,0.648755,4,0.100815
4831,3,1.21814,0.347961,0.234238,3.07803,0.856761,0.476236,4,0.0962788
4832,3,1.21814,0.34017,0.240302,3.07803,0.825152,0.465416,3,0.105695
4833,3,0.87703,0.25902,0.178053,3.96085,0.76028,0.59414,3,0.0957131
4834,3,1.14814,0.290561,0.207495,3.96085,0.814225,0.609703,3,0.104605
4835,3,1.14866,0.364193,0.246167,4.49684,1.04504,0.635925,4,0.126187
4836,3,1.14866,0.393578,0.257008,4.49684,1.18025,0.766789,4,0.134454
4837,2,0.671161,0.326786,0.126887,2.16104,0.902563,0.399187,3,0.0449336
4838,2,0.719216,0.290576,0.131276,1.86192,0.755731,0.37203,5,0.0683467
4839,2,0.719216,0.313201,0.128992,1.92501,0.810634,0.413977,4,0.0654235
4840,2,0.671851,0.318792,0.106911,1.92501,0.808307,0.385998,4,0.0484213
4841,2,0.802862,0.332179,0.123885,1.72938,0.695249,0.324216,3,0.0626532
4842,2,0.802862,0.33655,0.129923,1.72938,0.733473,0.360194,4,0.0711505
4843,2,0.636433,0.319779,0.117282,1.70643,0.702682,0.268738,5,0.061781
4844,2,0.636433,0.312115,0.116678,1.20028,0.711325,0.200533,5,0.0471721
4845,2,0.527917,0.312612,0.11534,1.73515,0.92841,0.368493,5,0.0421202
4846,3,1.18075,0.417338,0.230383,2.00488,0.870242,0.369939,4,0.0977884
4847,3,0.899438,0.35197,0.205005,3.5682,0.880171,0.466651,4,0.124018
4848,3,0.898792,0.314308,0.189888,3.5682,0.879076,0.478565,4,0.122993
4849,3,1.20539,0.354201,0.207202,2.20425,0.890571,0.383931,4,0.0878961
4850,3,1.20539,0.396931,0.214531,3.31048,0.989408,0.541359,4,0.111981
4851,3,1.28219,0.391202,0.224592,3.31048,0.938308,0.527428,4,0.112625
4852,3,1.28219,0.422079,0.229268,2.80544,0.929905,0.414016,4,0.109556
4853,3,1.08928,0.419702,0.20955,2.80544,0.955048,0.438086,5,0.101428
4854,3,1.04191,0.393329,0.19919,2.94322,0.988149,0.463674,3,0.0931798
4855,2,0.656067,0.338306,0.1238,1.99752,0.83234,0.361138,5,0.0546536
4856,2,0.656067,0.333284,0.125298,1.69311,0.741037,0.312252,5,0.0443347
4857,2,0.585686,0.31917,0.117589,1.69311,0.829582,0.361563,4,0.040856
4858,2,0.656461,0.305097,0.118032,2.19507,0.785045,0.358018,4,0.044121
4859,2,0.656461,0.309128,0.121259,2.19507,0.744933,0.368668,4,0.0455288
4860,2,0.5895,0.33296,0.111259,1.88251,0.843829,0.338575,5,0.0503559
4861,2,0.608379,0.332786,0.138806,1.60383,0.89727,0.271018,4,0.0525646
4862,2,0.608379,0.323255,0.140344,2.31254,0.970662,0.379748,3,0.0474474
4863,3,1.33228,0.417353,0.23395,3.20779,0.901041,0.476698,4,0.132223
4864,3,0.909076,0.350658,0.17766,2.27674,0.834895,0.438111,4,0.0848878
4865,3,1.2938,0.365118,0.225782,3.3429,0.895934,0.529152,3,0.0924946
4866,3,1.2938,0.381982,0.2484,3.3429,0.919554,0.544223,3,0.109904
4867,3,1.12966,0.357579,0.207321,2.85864,0.920858,0.517711,3,0.105071
4868,3,1.21606,0.358925,0.213125,2.85864,0.893591,0.49208,3,0.0875351
4869,3,1.21606,0.431848,0.25746,4.48422,1.01734,0.63852,5,0.116519
4870,3,1.09983,0.45001,0.2366,4.48422,1.05553,0.590721,5,0.115389
4871,3,1.00583,0.410128,0.211061,3.89842,1.23789,0.758328,5,0.103013
4872,2,0.913167,0.414882,0.180249,1.96665,0.803943,0.351956,6,0.0687073
4873,2,0.877474,0.403717,0.172875,2.16479,0.876019,0.368096,5,0.0615128
4874,2,0.676962,0.345742,0.143608,2.16479,0.873867,0.3921,3,0.0565814
4875,2,0.676962,0.332228,0.147572,2.12621,0.745969,0.360453,4,0.0575024
4876,2,0.672341,0.341825,0.151199,1.47867,0.752818,0.300969,4,0.055285
4877,2,0.788257,0.35519,0.143459,1.6219,0.793679,0.320389,5,0.0537196
4878,2,0.788257,0.329793,0.133073,1.6219,0.79258,0.270924,5,0.0477838
4879,2,0.669198,0.314049,0.12378,2.26742,0.821461,0.30317,4,0.0440435
4880,5,0.114309,0.0550373,0.0260385,0.511326,0.146249,0.0943706,3,0.0103889
4881,5,0.114309,0.0510802,0.0274154,0.280419,0.109251,0.0498407,2,0.00584927
4882,5,0.0790072,0.0234322,0.0193293,0.167541,0.0878527,0.0418583,3,0.00347519
4883,5,0.0235747,0.0101718,0.00471769,0.163392,0.0595276,0.0388826,0,0.00227714
4884,5,0.0235747,0.0088238,0.00424332,0.104459,0.0329253,0.0234312,0,0.00192187
4885,5,0.0200736,0.00686777,0.00345296,0.051861,0.0193709,0.010425,0,0.00203672
4886,5,0.0238819,0.0067089,0.00420106,0.0377002,0.0145506,0.00826297,0,0.00221906
4887,5,0.0238819,0.00819298,0.00516007,0.0567321,0.0180603,0.011467,0,0.00214251
4888,5,0.0626653,0.0229226,0.0162854,0.199318,0.044356,0.0389738,4,0.00516075
4889,5,0.0626653,0.0253516,0.0149012,0.199318,0.0492565,0.0394842,4,0.00520676
4890,5,0.0464313,0.0127836,0.00666399,0.117407,0.0253309,0.0204581,0,0.0025793
4891,5,0.0227684,0.00953868,0.0045438,0.0579189,0.018938,0.01211,0,0.00201779
4892,5,0.0227684,0.00928258,0.00389483,0.0632195,0.0198413,0.01301,0,0.00208806
4893,5,0.0423684,0.0122294,0.00608553,0.067659,0.0230743,0.0136294,0,0.00230394
4894,5,0.0461202,0.0164169,0.00781131,0.16941,0.0438954,0.0307435,0,0.00273786
4895,5,0.0461202,0.0145863,0.00783097,0.16941,0.0475696,0.0296052,0,0.00266685
4896,5,0.026548,0.010675,0.00493337,0.0702894,0.0271016,0.0154538,0,0.00211654
4897,5,0.228975,0.0623618,0.0467269,0.295532,0.111749,0.060534,0,0.00518511
4898,5,0.0905815,0.0361575,0.0225812,0.131198,0.0577692,0.028822,3,0.00438289
4899,5,0.0368522,0.0159992,0.00873586,0.105086,0.0323065,0.0215967,0,0.00216688
4900,5,0.026105,0.0105614,0.00575893,0.098837,0.0229483,0.016213,0,0.00200452
4901,5,0.0196035,0.00832773,0.0041521,0.098837,0.0222025,0.0158786,0,0.00189671
4902,5,0.0263017,0.0123607,0.00646856,0.0625455,0.0237819,0.0144653,0,0.00181018
4903,5,0.0346708,0.016172,0.00596412,0.118397,0.03495,0.0264747,0,0.00293021
4904,5,0.0502597,0.0215988,0.0107137,0.438708,0.124459,0.120887,0,0.00358222
4905,5,0.0608373,0.0261582,0.0130907,0.438708,0.173455,0.117739,5,0.00391114
4906,5,0.0817062,0.0251564,0.015123,0.431778,0.124791,0.0920842,4,0.00732709
4907,5,0.0817062,0.0269979,0.0158829,0.431778,0.116306,0.0724537,3,0.00735093
4908,5,0.0759784,0.0354867,0.0174966,0.465918,0.15432,0.0948292,3,0.00476895
4909,5,0.0759784,0.0310785,0.0182609,0.465918,0.215661,0.127265,3,0.00442038
4910,5,0.0590656,0.0222048,0.0130213,0.447191,0.196363,0.118603,2,0.00306741
4911,5,0.0585383,0.019221,0.0116178,0.261926,0.130051,0.0761718,1,0.00237679
4912,5,0.0329572,0.0146847,0.00577975,0.261926,0.0767462,0.0715802,0,0.00242979
4913,5,0.0250037,0.0138007,0.00517903,0.131409,0.044184,0.0253519,0,0.00237396
4914,5,0.0253181,0.012487,0.00494456,0.131409,0.0410985,0.0268085,0,0.00213149
4915,4,0.300957,0.105819,0.0993821,0.216922,0.163767,0.0241858,2,0.00732303
4916,4,0.0692385,0.0160867,0.0119396,0.216922,0.13642,0.036706,1,0.00272341
4917,4,0.0290252,0.00857069,0.00561916,0.141841,0.0755379,0.0343002,0,0.00172166
4918,4,0.020049,0.00665113,0.00335693,0.0887828,0.0353861,0.0185564,0,0.00156275
4919,4,0.020049,0.00646648,0.00340006,0.0887828,0.0158672,0.0153229,0,0.0017353
4920,4,0.0143952,0.00500431,0.00259618,0.0223486,0.00887309,0.00451022,0,0.00164461
4921,4,0.0150415,0.00497794,0.00250566,0.0322481,0.0112597,0.00524363,0,0.00156089
4922,4,0.0150415,0.00498388,0.00248394,0.0322481,0.00986709,0.00562814,0,0.00154153
4923,4,0.0119161,0.00451806,0.0022898,0.0262502,0.00812525,0.00397957,0,0.00141855
4924,4,0.0212133,0.00512065,0.00298476,0.0225896,0.00750236,0.00338624,0,0.00186714
4925,4,0.0212133,0.00628153,0.00360484,0.0240651,0.00917198,0.00517523,0,0.00199935
4926,4,0.0292961,0.00705993,0.00439351,0.0782505,0.0153882,0.0131651,0,0.00230924
4927,4,0.0292961,0.00659996,0.0040332,0.0782505,0.0161191,0.0140502,0,0.00230733
4928,4,0.0521372,0.0102928,0.00987535,0.492411,0.0504224,0.0846895,0,0.00359878
4929,4,0.268756,0.0830657,0.063111,0.862303,0.478833,0.118535,1,0.00641554
4930,4,0.0840408,0.0353822,0.0190799,0.460614,0.303691,0.107142,2,0.0039941
4931,4,0.0850769,0.031034,0.0155466,0.460614,0.159612,0.0851902,3,0.00455781
4932,4,0.0850769,0.0267611,0.0167766,0.216667,0.0873925,0.0476263,2,0.0039731
4933,4,0.0495875,0.0187458,0.0125885,0.18715,0.0518802,0.0375535,3,0.0027919
4934,4,0.0269324,0.0122756,0.00496494,0.0845749,0.0368219,0.0142449,0,0.00223365
4935,4,0.024069,0.0119504,0.00451427,0.0845749,0.0317832,0.0157389,0,0.00187937
4936,4,0.0673051,0.0148397,0.0135429,0.273002,0.0380357,0.0414999,2,0.0037784
4937,4,0.0673051,0.0148744,0.0137579,0.273002,0.0446896,0.0430846,2,0.00389989
4938,4,0.170163,0.0628993,0.0615371,0.296469,0.102517,0.09442,1,0.0031004
4939,4,0.290725,0.115288,0.0577509,0.965387,0.242134,0.196986,1,0.0125343
4940,4,0.407867,0.167507,0.111649,0.965387,0.276728,0.188917,2,0.0156369
4941,4,0.407867,0.177233,0.100359,0.561305,0.165458,0.120663,2,0.0103011
4942,4,0.190114,0.0805002,0.0627755,0.323974,0.0646964,0.0731375,1,0.00392718
4943,4,0.0714847,0.0228074,0.0131372,0.120633,0.0473821,0.0263699,2,0.00348208
4944,4,0.0391417,0.0189316,0.00903058,0.128164,0.0505738,0.028159,0,0.00268876
4945,6,0.236943,0.0613602,0.0625462,0.418592,0.252892,0.0708058,1,0.00407336
4946,6,0.0350247,0.0141229,0.00811562,0.26972,0.148154,0.0677778,0,0.00199678
4947,6,0.0221201,0.00954664,0.00414757,0.125348,0.068671,0.0324827,0,0.0018059
4948,6,0.0221201,0.011091,0.00434636,0.0772884,0.0339807,0.0162619,0,0.00177727
4949,6,0.0304382,0.0124776,0.00568256,0.080659,0.0281612,0.0155441,0,0.00179813
4950,6,0.0304382,0.0131077,0.00739301,0.103547,0.03194,0.0209815,0,0.00194782
4951,6,0.0291035,0.0107194,0.00665975,0.103547,0.0301286,0.0178345,0,0.0019022
4952,6,0.021514,0.00770769,0.00370284,0.0720338,0.0205638,0.0131466,0,0.00162405
4953,6,0.0293818,0.00982781,0.00525055,0.0691656,0.0193812,0.0131293,0,0.00181102
4954,6,0.0293818,0.0100839,0.00505153,0.0691656,0.0219123,0.0128458,0,0.00201044
4955,6,0.036748,0.0115325,0.00787078,0.0876703,0.0316145,0.0208686,0,0.00198116
4956,6,0.036748,0.0125419,0.00750261,0.0876703,0.0355426,0.0194889,0,0.00189441
4957,6,0.0219807,0.0103016,0.00423288,0.0684381,0.0260576,0.0135616,0,0.00165218
4958,6,0.0296553,0.0144285,0.00686947,0.0743685,0.0305608,0.018272,0,0.00158389
4959,6,0.0333932,0.0183665,0.00792432,0.0766279,0.0376038,0.021341,0,0.00154609
4960,6,0.0350328,0.0193373,0.00774195,0.0877007,0.0399232,0.0205801,0,0.00160804
4961,6,0.0350328,0.0187566,0.00700064,0.0903752,0.0454471,0.0212509,0,0.00161921
4962,6,0.0288167,0.0158652,0.00703322,0.0926831,0.0515538,0.0197812,0,0.0016922
4963,6,0.0350085,0.0160328,0.00835873,0.0926831,0.0466747,0.0190653,0,0.00184826
4964,6,0.048327,0.0221052,0.0120321,0.109751,0.0486816,0.0195114,1,0.00168952
4965,6,0.048327,0.0225338,0.0116609,0.131433,0.0479028,0.0258255,1,0.00157236
4966,6,0.0449049,0.0229541,0.0106465,0.131433,0.0473456,0.0273112,1,0.00157629
4967,6,0.0449049,0.0241921,0.0106006,0.0999696,0.0480925,0.0228927,3,0.00143674
4968,6,0.365342,0.0852843,0.0945953,0.442526,0.296506,0.0824602,0,0.00568501
4969,6,0.0549731,0.0222795,0.0127392,0.304753,0.173642,0.0700162,1,0.00201738
4970,6,0.027109,0.013088,0.00558189,0.210282,0.0791089,0.0622296,0,0.00188944
4971,6,0.0301425,0.0122212,0.00479738,0.0734501,0.036119,0.011161,0,0.0015751
4972,6,0.0301425,0.0109677,0.00494558,0.0576507,0.0306017,0.0118697,0,0.0014253
4973,6,0.0286887,0.010642,0.0045374,0.0538076,0.0262523,0.00930752,0,0.00173763
4974,6,0.0286887,0.00972327,0.00482816,0.0604542,0.0267829,0.0132549,0,0.00190539
4975,6,0.0385962,0.0123655,0.00800768,0.0848883,0.0294211,0.0160683,0,0.0017722
4976,6,0.0385962,0.0157174,0.00706217,0.0848883,0.0276398,0.0157371,0,0.00167188
4977,6,0.0292956,0.0159217,0.00632314,0.0645305,0.031815,0.0175175,0,0.00163326
4978,6,0.0292956,0.0166996,0.00659132,0.0645305,0.0341135,0.017502,0,0.00182208
4979,6,0.0318285,0.0169014,0.0070958,0.11091,0.0393897,0.0235001,0,0.00200447
4980,6,0.0318285,0.0178692,0.00705001,0.11091,0.0372426,0.0236596,0,0.00178117
4981,6,0.0335201,0.0161906,0.0063495,0.0751616,0.032201,0.0164873,0,0.00163562
4982,6,0.0335201,0.0150083,0.00612494,0.0751616,0.0358437,0.0182533,0,0.00176797
4983,6,0.0658561,0.0202766,0.0113514,0.272005,0.0597568,0.0514968,0,0.00489429
4984,1,0.780731,0.274227,0.127679,2.28464,0.969189,0.397101,3,0.0608062
4985,1,0.733795,0.293085,0.122976,2.90096,0.949056,0.44357,4,0.0660941
4986,1,0.787167,0.292994,0.12686,2.90096,0.864579,0.466808,3,0.0726211
4987,1,0.949077,0.293879,0.14365,2.78596,0.815557,0.507004,3,0.0868946
4988,1,0.949077,0.307334,0.140778,3.02803,0.871445,0.547682,2,0.082345
4989,1,0.798254,0.313347,0.130924,3.04509,0.897994,0.505517,3,0.0690082
4990,1,0.822106,0.331233,0.145446,3.04509,0.94455,0.544249,4,0.0787875
4991,1,0.822106,0.337303,0.145233,3.00332,0.98286,0.600744,3,0.0778193
4992,1,0.786433,0.305706,0.134976,3.02855,0.961602,0.617331,3,0.0652408
4993,1,1.05025,0.302401,0.152837,3.02855,0.911043,0.558591,2,0.0811377
4994,1,1.05025,0.31503,0.146574,2.80326,0.862135,0.468466,3,0.0828053
4995,1,0.770562,0.313737,0.122549,2.9424,0.897366,0.495317,4,0.0674199
4996,1,0.879844,0.329204,0.143031,3.23474,1.00219,0.611408,3,0.0831088
4997,1,1.09183,0.334829,0.171673,4.5733,1.06875,0.798616,2,0.0971118
4998,1,1.13488,0.331984,0.1859,4.73974,1.16663,0.904952,2,0.107675
4999,1,0.972772,0.346128,0.157935,3.53345,1.07266,0.618097,3,0.0873307
5000,1,1.02003,0.363986,0.16891,3.09453,1.0613,0.651302,4,0.0934933
5001,1,1.25956,0.365761,0.185191,3.53991,1.09808,0.739239,4,0.111334
5002,1,1.25956,0.342486,0.162465,3.53991,1.02175,0.635396,2,0.0979607
5003,1,0.892812,0.331144,0.136445,2.89905,0.941959,0.532578,4,0.0791933
5004,1,1.01824,0.334173,0.152386,3.4738,1.00996,0.677936,3,0.0878693
5005,1,1.01824,0.340335,0.160512,3.4738,1.04611,0.741574,3,0.087827
5006,1,0.90036,0.308554,0.151132,3.1396,0.905053,0.607708,3,0.0852799
5007,1,0.90036,0.272104,0.137469,2.71171,0.818521,0.527468,4,0.0814889
5008,1,0.785845,0.269638,0.128491,3.06202,0.835416,0.542157,3,0.0748604
5009,1,0.785845,0.261861,0.128073,3.25011,0.837851,0.578894,3,0.0728103
5010,1,0.846325,0.253418,0.133443,3.25011,0.805306,0.571469,3,0.0718656
5011,1,0.846325,0.272645,0.140482,3.13443,0.823799,0.496517,4,0.0757351
5012,1,0.836678,0.273676,0.139368,2.51345,0.76599,0.458964,5,0.0785095
5013,3,1.12584,0.381413,0.227038,4.71085,0.993317,0.761991,5,0.11297
5014,3,0.992403,0.350777,0.214264,3.46598,0.909537,0.585452,4,0.110194
5015,3,1.47816,0.393667,0.26992,4.4108,1.16403,0.766722,3,0.139647
5016,3,1.47816,0.464947,0.285607,4.4108,1.33445,0.717698,4,0.151962
5017,3,1.36839,0.445724,0.240988,3.31929,1.24977,0.6134,4,0.135566
5018,3,1.24176,0.364347,0.212935,3.15377,1.11737,0.635236,4,0.102373
5019,3,1.18777,0.371336,0.240005,3.15377,1.06582,0.635813,3,0.117449
5020,3,1.18777,0.422616,0.255511,2.81506,1.12853,0.547294,4,0.126798
5021,3,1.11982,0.407818,0.223052,2.81506,1.08082,0.506741,5,0.114013
5022,3,1.17769,0.464317,0.262509,3.06,1.07636,0.543826,5,0.125867
5023,3,1.15717,0.442579,0.259001,2.83846,1.06115,0.552553,4,0.115696
5024,3,1.07211,0.343216,0.230009,2.83846,0.982828,0.512888,4,0.0959407
5025,3,1.10693,0.388318,0.246995,3.33272,1.062,0.539035,3,0.117528
5026,3,1.10693,0.40762,0.216074,3.33272,1.01379,0.548107,3,0.11608
5027,3,1.01309,0.347877,0.182887,2.5482,0.838464,0.401534,3,0.0825777
5028,3,1.01957,0.410683,0.220459,3.57138,0.9948,0.556131,2,0.101975
5029,3,1.30005,0.458883,0.247874,3.57138,1.13749,0.567758,3,0.117624
5030,3,1.30005,0.443235,0.26356,3.88296,1.36306,0.66855,3,0.119905
5031,3,1.14192,0.491634,0.262757,3.13262,1.13056,0.636999,3,0.132161
5032,3,1.14192,0.40024,0.22936,2.95606,1.06933,0.522743,3,0.105452
5033,3,1.12413,0.368159,0.200844,2.76949,1.03006,0.457233,3,0.0928372
5034,3,1.32027,0.414949,0.237767,3.08035,0.988877,0.505335,5,0.106378
5035,3,1.32027,0.421642,0.236704,4.05935,1.07856,0.672904,5,0.110851
5036,3,1.07346,0.383569,0.219875,4.05935,1.03281,0.664449,4,0.103653
5037,3,1.07346,0.356978,0.209992,2.42882,0.898955,0.42269,4,0.0922722
5038,3,1.18901,0.35988,0.213961,2.67923,0.977346,0.402932,4,0.0972864
5039,3,1.18901,0.364537,0.211941,2.67923,1.01655,0.443872,4,0.103814
5040,2,0.911456,0.382502,0.13524,1.99301,0.929958,0.379107,4,0.055969
5041,2,0.678784,0.373981,0.157839,1.97783,0.868436,0.3775,4,0.0535348
5042,2,0.678784,0.373511,0.147607,1.97783,0.938398,0.417022,5,0.0511965
5043,2,0.78353,0.372223,0.132579,1.79474,0.921509,0.353977,4,0.0549739
5044,2,0.78353,0.391294,0.142693,1.80834,0.873466,0.319285,5,0.058726
5045,2,0.767144,0.380944,0.160066,1.80834,0.843934,0.308575,4,0.061801
5046,2,0.767144,0.342697,0.156551,1.62277,0.793308,0.281453,4,0.05949
5047,2,0.753175,0.342423,0.142764,2.42763,0.983543,0.549272,4,0.0565894
5048,2,0.689717,0.351318,0.116656,1.81317,0.897405,0.325021,4,0.044927
5049,2,0.602906,0.338161,0.12977,1.55,0.783773,0.28032,5,0.047872
5050,2,0.74619,0.346153,0.143644,1.73618,0.864295,0.346369,4,0.0635358
5051,2,0.74619,0.327101,0.142593,1.73618,0.805339,0.353362,3,0.0636621
5052,2,0.682227,0.297444,0.131422,1.51181,0.6366,0.268778,4,0.0555392
5053,2,0.862302,0.324731,0.147368,2.2381,0.675588,0.357709,4,0.0652926
5054,2,0.862302,0.352717,0.14483,2.2381,0.791169,0.355167,4,0.0576874
5055,2,0.830222,0.364095,0.142883,1.54652,0.87058,0.301854,5,0.0619102
5056,2,0.830222,0.369258,0.145481,2.79461,1.27491,0.653405,4,0.0725821
5057,2,0.85156,0.385539,0.142489,1.5907,0.929045,0.311931,4,0.0504606
5058,2,0.723423,0.349955,0.142948,1.5463,0.831608,0.274312,3,0.0506983
5059,2,0.689985,0.281892,0.137674,1.5463,0.67772,0.261334,3,0.050247
5060,2,0.689985,0.302069,0.123437,1.64427,0.666986,0.315599,4,0.0463392
5061,2,0.653789,0.365134,0.111163,1.64427,0.748444,0.324482,4,0.0449564
5062,2,0.906398,0.358898,0.136422,1.77216,0.695601,0.319117,5,0.0560551
5063,2,0.906398,0.34623,0.145338,1.77216,0.754083,0.310948,6,0.0604106
5064,2,0.667867,0.349194,0.14496,1.6964,0.801356,0.247862,6,0.0503325
5065,2,0.667867,0.326126,0.137803,1.53907,0.749769,0.229364,4,0.0503142
5066,5,0.073866,0.0176752,0.0114707,0.311746,0.0810342,0.0638031,0,0.00714013
5067,5,0.0242235,0.0109588,0.00481029,0.104459,0.0426953,0.0155857,0,0.002208
5068,5,0.0179597,0.00867346,0.00404284,0.104459,0.0364447,0.0183658,0,0.00198809
5069,5,0.0166918,0.00726212,0.00360282,0.0699019,0.0248423,0.0148403,0,0.00185571
5070,5,0.0150729,0.00635377,0.00319226,0.0427514,0.0143553,0.0085836,0,0.00173197
5071,5,0.0595107,0.011403,0.0114366,0.12128,0.0199209,0.0224397,2,0.00500476
5072,5,0.0595107,0.0131318,0.0111978,0.12128,0.0268599,0.0221603,0,0.00517527
5073,5,0.0380918,0.0120265,0.0073599,0.0708991,0.0259527,0.014364,0,0.00437937
5074,5,0.0543303,0.0174345,0.0108249,0.124069,0.0378778,0.0221499,0,0.00559765
5075,5,0.0543303,0.0194815,0.00976391,0.124069,0.0353722,0.0224112,0,0.00497942
5076,5,0.0270473,0.0148308,0.00669167,0.0513663,0.0186504,0.0108122,0,0.00192092
5077,5,0.0189652,0.0090155,0.00453231,0.0582199,0.0159206,0.00910811,0,0.00162526
5078,5,0.0188974,0.00847369,0.00385476,0.0582199,0.0162013,0.00920771,0,0.00162687
5079,5,0.0188974,0.00841613,0.00379796,0.0384395,0.0131064,0.00659233,0,0.00173864
5080,5,0.0180904,0.00736989,0.00360784,0.0398367,0.0164421,0.00844422,0,0.0015795
5081,5,0.0207784,0.00920788,0.0044295,0.0398367,0.0181452,0.0074262,0,0.00154203
5082,5,0.0207784,0.00911904,0.00390062,0.0264063,0.0135532,0.00539329,0,0.00155241
5083,5,0.0151423,0.00654133,0.00285204,0.0398298,0.0156235,0.00828211,0,0.00151357
5084,5,0.0184494,0.00626357,0.00342837,0.0398298,0.0183997,0.00867488,0,0.00168349
5085,5,0.064814,0.00851895,0.00738003,0.20156,0.022376,0.0305591,0,0.00304198
5086,5,0.123838,0.0441849,0.0387146,0.29032,0.126317,0.0597364,2,0.00252933
5087,5,0.0300494,0.0121047,0.00595761,0.143769,0.0637708,0.032311,0,0.00210709
5088,5,0.0209452,0.0085493,0.0040501,0.0609291,0.029297,0.0149631,0,0.00169176
5089,5,0.0458679,0.010524,0.00680885,0.0896626,0.0297924,0.0224183,0,0.0036636
5090,5,0.0458679,0.0131913,0.00732389,0.112537,0.0465761,0.0252471,0,0.00400824
5091,5,0.0366114,0.0154616,0.00691966,0.129906,0.0549241,0.0252998,0,0.00274661
5092,5,0.0334331,0.0148734,0.00653668,0.129906,0.0550885,0.0275502,0,0.00256683
5093,5,0.0239723,0.0107567,0.00474515,0.113813,0.0365767,0.0263781,0,0.00224646
5094,5,0.0171838,0.00772417,0.00333955,0.076205,0.019441,0.0103468,0,0.00150859
5095,5,0.0160448,0.0064045,0.00266433,0.0374008,0.0142898,0.00729039,0,0.00136714
5096,5,0.0160448,0.00662795,0.00324825,0.0320572,0.0130275,0.0059149,0,0.00135164
5097,5,0.0169164,0.00754077,0.00365355,0.0320572,0.0124515,0.00595455,0,0.0015252
5098,5,0.0169164,0.00708135,0.00354542,0.0212636,0.0093938,0.00430084,0,0.00179221
5099,5,0.0153048,0.00640109,0.00294795,0.0237503,0.0109162,0.00515963,0,0.00167434
5100,5,0.0205271,0.00751763,0.0035113,0.025599,0.0133481,0.00509027,0,0.00168782
5101,5,0.0205271,0.00896236,0.00366087,0.0312817,0.012473,0.00550145,0,0.00180197
5102,5,0.016273,0.00756415,0.00343801,0.0312817,0.011538,0.0049366,0,0.00159909
5103,4,0.251112,0.06134,0.0577792,0.205683,0.175779,0.0224625,1,0.00408947
5104,4,0.0510169,0.0191932,0.014444,0.20206,0.130393,0.0399268,3,0.00162508
5105,4,0.0232471,0.00824437,0.00439979,0.126848,0.0653651,0.0345766,0,0.00164186
5106,4,0.0173193,0.00636809,0.00315484,0.0734995,0.0261811,0.0134884,0,0.00181308
5107,4,0.0173193,0.00598618,0.00291563,0.0438263,0.0152194,0.00699892,0,0.00193046
5108,4,0.0199557,0.0076775,0.00419714,0.0431297,0.014447,0.00678399,0,0.00203898
5109,4,0.0199557,0.00887971,0.00426974,0.0554942,0.0153614,0.00939627,0,0.00193292
5110,4,0.0167592,0.00701919,0.00360659,0.0554942,0.0122915,0.00825683,0,0.00180586
5111,4,0.018752,0.00614057,0.00316881,0.0288703,0.0106004,0.00529089,0,0.00175619
5112,4,0.018752,0.0061443,0.00286604,0.0288703,0.0106413,0.00587386,0,0.00133373
5113,4,0.0199676,0.00658671,0.00321227,0.0332134,0.0126126,0.00747988,0,0.00190093
5114,4,0.0199676,0.00670862,0.00330135,0.0406782,0.0123332,0.00826675,0,0.00202953
5115,4,0.0156508,0.00619897,0.00301482,0.0406782,0.0103009,0.00650283,0,0.0015588
5116,4,0.0156508,0.00617844,0.00314102,0.023322,0.00932302,0.00482925,0,0.0014262
5117,4,0.0111224,0.00602418,0.00265127,0.0216782,0.00836525,0.00439143,0,0.00148837
5118,4,0.012236,0.00594323,0.00269876,0.0311,0.00952247,0.00585985,0,0.00154453
5119,4,0.229335,0.0791775,0.0669313,0.435864,0.269431,0.0946135,1,0.00370692
5120,4,0.0421617,0.0184152,0.0122054,0.270391,0.128929,0.0713447,2,0.00248227
5121,4,0.0221723,0.00818112,0.00426836,0.125695,0.0462297,0.0327132,0,0.0023709
5122,4,0.018432,0.00582112,0.00333818,0.0436338,0.0205338,0.00738672,0,0.00209488
5123,4,0.0187122,0.00591305,0.00356262,0.0424657,0.0199923,0.00601256,0,0.00178554
5124,4,0.0195955,0.00845496,0.00381724,0.0424657,0.0191443,0.0066813,0,0.00183648
5125,4,0.0195955,0.0074184,0.00378732,0.0375932,0.0149635,0.00571556,0,0.00153076
5126,4,0.0217601,0.00732358,0.00423562,0.0435174,0.0145367,0.0092902,0,0.00149379
5127,4,0.0217601,0.00752393,0.00421317,0.0435174,0.0116371,0.0100695,0,0.00181194
5128,4,0.0184818,0.00603986,0.0032369,0.0416191,0.00913698,0.00662022,0,0.00192365
5129,4,0.0158749,0.00591712,0.00295006,0.0416191,0.00975482,0.0066685,0,0.00176929
5130,4,0.0132972,0.00579381,0.0024884,0.0235486,0.00969177,0.00568606,0,0.00152562
5131,4,0.01534,0.00615832,0.00288727,0.0281197,0.0106528,0.00571129,0,0.00157921
5132,4,0.01534,0.00614844,0.00297754,0.0281197,0.0088166,0.0049979,0,0.00154486
5133,4,0.012688,0.00576744,0.00259885,0.0229844,0.00717004,0.00376914,0,0.00132638
5134,4,0.0174995,0.00587981,0.00291764,0.0351839,0.0107926,0.00741201,0,0.00146064
5135,4,0.0174995,0.00680979,0.00405322,0.0351839,0.0126955,0.00660806,0,0.00136443
5136,4,0.0414573,0.00789349,0.00495493,0.0414542,0.0117232,0.00585709,0,0.00228107
5137,6,0.76883,0.389576,0.287843,1.05918,0.401484,0.276979,1,0.00974643
5138,6,0.76883,0.566719,0.120096,0.856342,0.30934,0.171934,1,0.00690552
5139,6,0.566226,0.303695,0.191545,0.433462,0.294826,0.087853,3,0.00511659
5140,6,0.309787,0.147408,0.0870237,0.818702,0.439846,0.101959,0,0.00388636
5141,6,0.784816,0.364836,0.227154,0.91278,0.603895,0.146277,2,0.00721639
5142,6,0.787537,0.588689,0.122557,0.91278,0.449906,0.268849,1,0.0069856
5143,6,0.787537,0.423741,0.215541,0.52496,0.299952,0.121748,3,0.00579667
5144,6,0.404182,0.183604,0.0858622,0.669201,0.370382,0.0938424,1,0.00934546
5145,6,0.227309,0.13334,0.0365821,0.669201,0.231446,0.150114,2,0.00913123
5146,6,0.228982,0.164567,0.0447429,0.276599,0.109104,0.0578073,2,0.00398585
5147,6,0.544183,0.216847,0.127691,0.784795,0.345564,0.264166,1,0.00743209
5148,6,0.601871,0.384871,0.190294,0.784795,0.491768,0.157537,1,0.00820458
5149,6,0.621573,0.536289,0.0498371,0.552881,0.310552,0.132597,3,0.00935984
5150,6,0.621573,0.394604,0.164242,0.437952,0.255082,0.0971448,3,0.00952131
5151,6,0.374021,0.139617,0.116051,0.435033,0.318331,0.0708076,2,0.0061226
5152,6,0.266333,0.0814585,0.0633062,0.533653,0.370172,0.0527391,0,0.00317548
5153,6,0.522795,0.255699,0.145253,0.570444,0.391229,0.0863347,1,0.00608725
5154,6,0.522795,0.376518,0.0774393,0.570444,0.296383,0.136264,2,0.00863535
5155,6,0.356588,0.111816,0.0983471,0.452553,0.293798,0.0679517,2,0.0058006
5156,6,0.0691804,0.0273984,0.0225548,0.344101,0.186834,0.0716787,2,0.00242462
5157,6,0.0457886,0.0130758,0.00828697,0.306509,0.101345,0.0515949,0,0.00403115
5158,6,0.0457886,0.0142829,0.00798258,0.306509,0.0560745,0.042925,0,0.00396544
5159,6,0.0259326,0.0112719,0.00439438,0.118111,0.0388503,0.0268078,0,0.00221405
5160,6,0.0345475,0.0111716,0.00544767,0.118111,0.0359147,0.0268552,0,0.00239586
5161,6,0.0345475,0.00852849,0.00572293,0.0745265,0.0212249,0.0173485,0,0.00222066
5162,6,0.0150289,0.00607904,0.00269178,0.021353,0.0093352,0.00446953,0,0.00217485
5163,6,0.0150289,0.00582807,0.00288259,0.0210712,0.00844556,0.00418482,0,0.00215268
5164,6,0.012504,0.0049375,0.00226707,0.0198154,0.007021,0.00401594,0,0.00152945
5165,6,0.0119633,0.00524645,0.00254381,0.0224633,0.00737745,0.00418956,0,0.00145652
5166,6,0.0159954,0.00587244,0.00282839,0.0260997,0.00966753,0.00584768,0,0.00177724
5167,6,0.0159954,0.00589377,0.00262392,0.0260997,0.00964522,0.00578166,0,0.00175634
5168,6,0.0145326,0.0059883,0.00288804,0.0376287,0.0113902,0.00828378,0,0.00142393
5169,6,0.0165576,0.0075468,0.00366475,0.0483947,0.0155826,0.0108101,0,0.0015478
5170,1,0.521155,0.231815,0.0879028,1.6227,0.727173,0.345034,3,0.0317067
5171,1,0.480265,0.224206,0.0796855,1.52433,0.689264,0.332306,5,0.0328513
5172,1,0.444469,0.215336,0.079299,1.49761,0.690634,0.296568,4,0.0350576
5173,1,0.444469,0.218838,0.0791786,1.35558,0.668225,0.286707,4,0.0399954
5174,1,0.415315,0.220935,0.0798101,1.38378,0.65172,0.307067,4,0.0404453
5175,1,0.435031,0.214266,0.0829442,1.38378,0.619697,0.291117,3,0.0353405
5176,1,0.435031,0.211781,0.0791363,1.17748,0.596962,0.259302,4,0.0328771
5177,1,0.409906,0.198323,0.0770315,1.16934,0.584456,0.250205,4,0.0296687
5178,1,0.51229,0.187458,0.0882659,1.1095,0.545852,0.23672,4,0.0283032
5179,1,0.51229,0.187424,0.0884577,1.12702,0.532928,0.250097,4,0.0312053
5180,1,0.420734,0.185303,0.0779543,1.12702,0.542567,0.255104,4,0.0311331
5181,1,0.469111,0.19512,0.0797631,1.41005,0.572699,0.283752,4,0.0314138
5182,1,0.469111,0.20296,0.0814887,1.41005,0.573943,0.287527,4,0.030631
5183,1,0.431125,0.198662,0.0815102,1.03204,0.545481,0.246783,3,0.0302775
5184,1,0.45202,0.197778,0.0882212,1.24802,0.546751,0.247046,3,0.0292646
5185,1,0.45202,0.198958,0.0940011,1.24802,0.573417,0.256045,3,0.0347861
5186,1,0.441289,0.193394,0.0848183,1.18736,0.549477,0.246434,3,0.0335474
5187,1,0.38896,0.186481,0.0795833,1.04045,0.539129,0.218057,3,0.0273731
5188,1,0.347208,0.179229,0.0729733,1.04045,0.584253,0.207226,4,0.0324673
5189,1,0.482151,0.24545,0.0780433,1.44351,0.739431,0.327463,3,0.0387159
5190,1,0.513089,0.226741,0.0860774,1.58995,0.712746,0.349114,4,0.0389758
5191,1,0.513089,0.217963,0.0908721,1.58995,0.630691,0.32038,4,0.0408143
5192,1,0.514674,0.218929,0.0873801,1.1437,0.564058,0.271246,3,0.0412211
5193,1,0.514674,0.216839,0.0861627,1.1437,0.594511,0.265328,3,0.0383228
5194,1,0.475805,0.217652,0.078636,1.32767,0.60053,0.277717,4,0.0332779
5195,1,0.49661,0.220846,0.0781078,1.32767,0.617402,0.290999,4,0.0349432
5196,1,0.49661,0.218223,0.0859638,1.31093,0.651676,0.274126,4,0.0381048
5197,1,0.494845,0.201308,0.0836114,1.31093,0.639495,0.256182,3,0.0347832
5198,1,0.442089,0.19736,0.0815202,1.19488,0.578542,0.221997,4,0.0308523
5199,1,0.442089,0.208656,0.0811395,1.09439,0.576373,0.231133,4,0.0326466
5200,1,0.433618,0.206787,0.0739908,1.25661,0.589373,0.275306,2,0.0333223
5201,1,0.513012,0.204245,0.0785967,1.25661,0.553997,0.274438,1,0.0356892
5202,1,0.513012,0.210701,0.0883774,1.41053,0.598098,0.286124,2,0.0371021
5203,1,0.461164,0.211975,0.0768206,1.41053,0.640491,0.294941,3,0.0339772
5204,1,0.447241,0.203526,0.0691378,1.22435,0.614088,0.273246,3,0.0291208
5205,1,0.447241,0.181921,0.0709542,1.19206,0.541621,0.272656,3,0.02729
5206,3,0.76286,0.284907,0.128085,1.25748,0.634194,0.242573,4,0.0470702
5207,3,0.76286,0.288358,0.139822,1.65051,0.645932,0.247266,4,0.0446429
5208,3,0.702103,0.273569,0.137212,1.85044,0.775917,0.337567,5,0.0599304
5209,3,0.925858,0.287294,0.162943,1.85044,0.741139,0.328265,3,0.068209
5210,3,0.925858,0.309629,0.189972,1.854,0.719108,0.311675,2,0.0593946
5211,3,0.90917,0.285388,0.166945,1.854,0.754472,0.340757,3,0.0583452
5212,3,0.825283,0.281522,0.139626,1.55323,0.701764,0.309096,3,0.0555767
5213,3,0.825283,0.301559,0.15299,1.30518,0.738585,0.269999,3,0.0550317
5214,3,0.725248,0.302118,0.154567,1.92195,0.85565,0.379401,5,0.0520373
5215,3,0.596564,0.252151,0.11132,1.61699,0.815806,0.38652,5,0.0346006
5216,3,0.706424,0.261587,0.116661,1.51163,0.698797,0.322076,3,0.0429871
5217,3,0.706424,0.241417,0.119018,2.04178,0.823848,0.455532,4,0.0463643
5218,3,0.66675,0.233163,0.121432,2.04178,0.832583,0.46694,4,0.0434632
5219,3,0.66675,0.251029,0.125664,1.57764,0.625183,0.231143,4,0.0408356
5220,3,0.52903,0.228388,0.107247,1.11488,0.611036,0.193292,5,0.0359706
5221,3,0.729008,0.233858,0.109894,1.1946,0.662005,0.232022,4,0.0406066
5222,3,0.729008,0.247212,0.12661,1.20764,0.678784,0.261801,3,0.046932
5223,3,0.762328,0.244287,0.12645,1.20764,0.607808,0.231914,4,0.0490837
5224,3,0.762328,0.231187,0.114685,1.26365,0.65661,0.24805,4,0.045879
5225,3,0.545387,0.255466,0.114319,1.27527,0.62855,0.232025,4,0.0449404
5226,3,0.641003,0.257736,0.124504,1.00496,0.558297,0.176749,4,0.0482021
5227,3,0.641003,0.248922,0.120171,1.39577,0.630749,0.261082,4,0.0445584
5228,3,0.649766,0.228935,0.101872,1.71355,0.766657,0.399845,3,0.0408936
5229,3,0.649766,0.237213,0.114422,1.71355,0.72815,0.386201,3,0.0472394
5230,3,0.795022,0.248308,0.134869,1.58898,0.775917,0.326811,4,0.0535032
5231,3,0.795022,0.237133,0.12488,1.65314,0.776081,0.391412,4,0.0470688
5232,3,0.547934,0.226098,0.108325,1.65314,0.698252,0.347883,4,0.0330155
5233,3,0.607457,0.227485,0.112502,1.29559,0.720726,0.254826,3,0.0358305
5234,3,0.624174,0.229237,0.111894,1.12477,0.581315,0.20812,4,0.0400045
5235,3,0.624174,0.223967,0.116869,1.60205,0.636658,0.317535,3,0.0415668
5236,2,0.611043,0.251444,0.10585,2.00736,0.84411,0.432819,3,0.0356605
5237,2,0.611043,0.249073,0.107778,1.21435,0.638734,0.287941,4,0.0392684
5238,2,0.526426,0.242715,0.0919784,1.45851,0.592889,0.316984,3,0.0319983
5239,2,0.512369,0.224005,0.0871672,1.45851,0.608828,0.287708,4,0.0288836
5240,2,0.512369,0.218889,0.0964457,1.16855,0.628713,0.222205,3,0.0314856
5241,2,0.496196,0.228332,0.0953894,1.35793,0.593548,0.289887,4,0.0342952
5242,2,0.496972,0.234445,0.0953705,1.86033,0.696433,0.489416,2,0.0269662
5243,2,0.496972,0.221662,0.0899628,1.86033,0.701683,0.452103,3,0.0229588
5244,2,0.498861,0.21917,0.0824179,1.42645,0.603239,0.255161,3,0.0236593
5245,2,0.498861,0.225365,0.0867796,1.42645,0.577869,0.301832,2,0.0234099
5246,2,0.444532,0.213014,0.0880698,1.07096,0.471402,0.229444,3,0.0226437
5247,2,0.587931,0.230022,0.0963956,1.54686,0.804076,0.273533,2,0.0330604
5248,2,0.587931,0.237277,0.109932,1.2942,0.594134,0.253284,4,0.0356958
5249,2,0.578935,0.230356,0.105728,1.00501,0.500526,0.224696,3,0.0311796
5250,2,0.578935,0.226872,0.102206,0.947293,0.540404,0.211748,3,0.0266206
5251,2,0.441995,0.213446,0.075945,0.969499,0.485375,0.222859,2,0.021135
5252,2,0.596343,0.22845,0.0946415,1.46176,0.531203,0.321856,2,0.0252712
5253,2,0.596343,0.246394,0.10564,1.47518,0.628807,0.33419,3,0.0276358
5254,2,0.462254,0.237719,0.0816037,1.98425,0.736188,0.482611,3,0.0237229
5255,2,0.417428,0.240214,0.0752189,1.98425,0.721767,0.45174,3,0.0205819
5256,2,0.495736,0.23074,0.0916378,1.64538,0.618152,0.267941,3,0.0207724
5257,2,0.495736,0.225117,0.0900877,1.64538,0.652052,0.283179,3,0.0201294
5258,2,0.482117,0.235673,0.0906216,1.23975,0.536531,0.246446,4,0.0215899
5259,2,0.59856,0.270591,0.108037,1.54208,0.742168,0.360578,3,0.0301953
5260,2,0.59856,0.24317,0.101508,1.19922,0.610991,0.282697,3,0.0275494
5261,2,0.432243,0.231684,0.0889214,1.19922,0.572041,0.303009,3,0.0188729
5262,2,0.443962,0.219987,0.0875459,1.1328,0.559598,0.317634,3,0.0230658
5263,2,0.519938,0.221678,0.0863641,1.1328,0.537721,0.260295,3,0.0259508
5264,2,0.519938,0.230656,0.0907826,1.31556,0.548973,0.257445,3,0.0273839
5265,2,0.468896,0.221293,0.0859956,1.97398,0.757366,0.53376,3,0.0259881
5266,2,0.446395,0.221454,0.0775912,1.97398,0.799412,0.500406,3,0.0227597
5267,2,0.532439,0.215374,0.0876561,1.21754,0.622088,0.230111,3,0.0242278
5268,2,0.532439,0.2057,0.102744,1.21754,0.593974,0.263593,3,0.0318271
5269,2,0.503168,0.195951,0.0891105,1.09105,0.494473,0.25523,3,0.031496
5270,2,0.429186,0.204696,0.0718951,0.989798,0.437306,0.203182,3,0.0216038
5271,5,0.322173,0.128172,0.0876647,1.328,0.311691,0.207832,1,0.0131721
5272,5,0.107552,0.061465,0.0219625,0.548693,0.171149,0.115627,3,0.0078268
5273,5,0.0909403,0.0431163,0.0210513,0.441362,0.130656,0.109916,2,0.0046682
5274,5,0.0856252,0.0243712,0.017408,0.351277,0.0807313,0.0870543,1,0.00297037
5275,5,0.0352707,0.0159875,0.0085713,0.127729,0.0433129,0.0231311,0,0.00214735
5276,5,0.0305544,0.0130043,0.0072762,0.127729,0.0310865,0.025353,0,0.0021185
5277,5,0.071947,0.0174131,0.0144069,0.243323,0.0528741,0.0581089,2,0.00351991
5278,5,0.071947,0.0163335,0.0150317,0.243323,0.0526516,0.0586604,2,0.00343503
5279,5,0.0143671,0.00686494,0.0032226,0.0561536,0.0144409,0.00980957,0,0.0018012
5280,5,0.0158782,0.00609998,0.00317952,0.0403896,0.0128738,0.00730133,0,0.00198374
5281,5,0.0177338,0.00722267,0.00396551,0.0403896,0.0143946,0.00802558,0,0.00207246
5282,5,0.0217918,0.00818391,0.00419714,0.0386286,0.0146169,0.00768011,0,0.00248445
5283,5,0.0217918,0.00718022,0.00384077,0.0386286,0.0147145,0.00824117,0,0.00250232
5284,5,0.0222456,0.00740944,0.00432321,0.0684253,0.0195925,0.0137057,0,0.00241363
5285,5,0.0222456,0.00746046,0.00436558,0.0684253,0.0212479,0.0128753,0,0.00236081
5286,5,0.0153663,0.00590507,0.00282664,0.0402994,0.0147634,0.00792788,0,0.00179967
5287,5,0.0137277,0.00558892,0.00269006,0.0268905,0.0106317,0.00542378,0,0.00137808
5288,5,0.0153813,0.00671611,0.00324654,0.0226138,0.0101854,0.00422958,0,0.00155576
5289,5,0.131259,0.0231655,0.0217096,0.212024,0.0701767,0.0423644,0,0.00372662
5290,5,0.0336394,0.0139945,0.00682289,0.080087,0.0459704,0.0187846,0,0.00227163
5291,5,0.0270527,0.0123931,0.00489887,0.0781405,0.0363402,0.0174287,0,0.00219255
5292,5,0.023633,0.0100537,0.00428333,0.0798396,0.0354127,0.0182623,0,0.0018932
5293,5,0.0377992,0.0108588,0.00675889,0.0988445,0.0384106,0.021037,0,0.00214663
5294,5,0.0377992,0.0100782,0.0071556,0.0988445,0.0296376,0.01789,0,0.0020815
5295,5,0.0169277,0.00755189,0.00336016,0.0424434,0.0188995,0.00830162,0,0.00157306
5296,5,0.0287544,0.00946065,0.00567182,0.110263,0.0279209,0.0251992,0,0.00210138
5297,5,0.0354388,0.0135325,0.00763961,0.110263,0.0426891,0.0252418,0,0.00283287
5298,5,0.0354388,0.015176,0.00619481,0.0948269,0.0350705,0.0192474,0,0.0027553
5299,5,0.03051,0.0124552,0.00516094,0.0705376,0.0195794,0.0125122,0,0.00193094
5300,5,0.0222101,0.00942409,0.00453587,0.0444784,0.0135703,0.0084833,0,0.00181723
5301,5,0.0175228,0.00813202,0.00409865,0.0444784,0.0114927,0.00862755,0,0.00183021
5302,5,0.0175228,0.00746543,0.00406248,0.0724296,0.0171394,0.015501,0,0.00172291
5303,5,0.01657,0.00682766,0.00329858,0.0724296,0.0197264,0.0144566,0,0.00171769
5304,5,0.0217745,0.00786735,0.00377174,0.0544761,0.0216412,0.0121858,0,0.00166509
5305,5,0.0217745,0.0100817,0.00456009,0.0838817,0.0334142,0.01999,0,0.00181684
5306,5,0.0212958,0.00959774,0.00482647,0.0838817,0.0290141,0.0209868,0,0.00197769
5307,5,0.0197058,0.00850115,0.00395274,0.0391562,0.0179232,0.00940549,0,0.00204841
5308,4,0.470425,0.142721,0.124657,0.379511,0.164572,0.0879433,1,0.00667471
5309,4,0.14751,0.0460676,0.0324153,0.194593,0.104069,0.0372663,2,0.00483034
5310,4,0.0424741,0.0216222,0.00717223,0.154126,0.0642367,0.0409011,0,0.00323615
5311,4,0.0344,0.0167717,0.00638744,0.131987,0.0299972,0.0264544,0,0.00208366
5312,4,0.0236261,0.0107105,0.00532457,0.042305,0.015646,0.00970342,0,0.00177457
5313,4,0.0236261,0.00785794,0.00418594,0.0416809,0.0134438,0.00846098,0,0.00186516
5314,4,0.0189552,0.00683425,0.00333369,0.0349307,0.0126835,0.00707068,0,0.00198976
5315,4,0.0338903,0.00863382,0.00546171,0.057928,0.0164227,0.0111933,0,0.00273649
5316,4,0.0338903,0.0116116,0.00569164,0.122435,0.0212216,0.0187552,0,0.00343585
5317,4,0.0251772,0.0103098,0.00552963,0.122435,0.0196028,0.0178755,0,0.00314866
5318,4,0.0266788,0.00805443,0.0057977,0.0552143,0.0171289,0.0111713,0,0.00248584
5319,4,0.0266788,0.0100654,0.00618248,0.0685852,0.0233651,0.0155094,0,0.00231497
5320,4,0.0260175,0.0112186,0.00501569,0.0685852,0.0237041,0.0147414,0,0.00214431
5321,4,0.0230809,0.00971742,0.00420181,0.0391622,0.0153245,0.00863335,0,0.00204485
5322,4,0.0185277,0.00818893,0.00372812,0.0320675,0.014836,0.00679414,0,0.00180427
5323,4,0.0722731,0.00900026,0.0103223,0.148299,0.0214919,0.0236196,0,0.00393773
5324,4,0.166431,0.0667813,0.0331445,0.432851,0.261036,0.0987709,1,0.00494935
5325,4,0.079366,0.0318274,0.024258,0.278308,0.114339,0.0719166,2,0.00228549
5326,4,0.0337511,0.0113502,0.00629932,0.110246,0.0401904,0.024511,0,0.00216581
5327,4,0.0337511,0.0127081,0.0064598,0.0651576,0.0293364,0.0118097,0,0.0020208
5328,4,0.0261548,0.0112835,0.00580482,0.0651576,0.027488,0.0115748,0,0.00156739
5329,4,0.0207919,0.00832675,0.00431893,0.0346196,0.0188006,0.00648386,0,0.0015511
5330,4,0.0179108,0.00807516,0.00357917,0.0385911,0.0168915,0.00790327,0,0.00150893
5331,4,0.0156853,0.00833441,0.00310472,0.0459746,0.015506,0.0101987,0,0.00162563
5332,4,0.014329,0.00773492,0.00296078,0.0574515,0.01468,0.0116162,0,0.00173984
5333,4,0.0193666,0.00830724,0.0040412,0.0574515,0.0141242,0.011537,0,0.00188105
5334,4,0.0209883,0.00875676,0.00451455,0.0547107,0.0147462,0.0118109,0,0.00201903
5335,4,0.0209883,0.00815774,0.00394975,0.0547107,0.0137792,0.00999152,0,0.00189385
5336,4,0.0173923,0.00711022,0.00324529,0.0322099,0.0105358,0.00613947,0,0.00165056
5337,4,0.0162962,0.00633496,0.00295774,0.0326233,0.0121527,0.00743556,0,0.00156488
5338,4,0.0200612,0.0069677,0.00356002,0.0326233,0.0113093,0.00620624,0,0.00187957
5339,6,0.409752,0.0827303,0.0772965,0.705721,0.352426,0.12522,0,0.00812396
5340,6,0.0790784,0.0320287,0.0243055,0.33261,0.193044,0.0783966,3,0.00200499
5341,6,0.0496801,0.0157317,0.00995649,0.214293,0.0959775,0.0469863,0,0.0029813
5342,6,0.0788053,0.0279661,0.0201959,0.242533,0.0766119,0.0589079,2,0.00459324
5343,6,0.0788053,0.0242804,0.0206578,0.242533,0.0519751,0.0637588,2,0.0043371
5344,6,0.0256389,0.0107603,0.00546831,0.0728123,0.020441,0.0115487,0,0.00199868
5345,6,0.144646,0.0273524,0.0339477,0.374291,0.0817869,0.0900798,1,0.00353049
5346,6,0.453877,0.176971,0.153055,0.627482,0.225891,0.156283,1,0.0060931
5347,6,0.453877,0.326723,0.0760717,0.627482,0.235086,0.139263,1,0.00704178
5348,6,0.397999,0.286271,0.0726683,0.282147,0.16169,0.054261,3,0.00641899
5349,6,0.357833,0.234498,0.0496188,0.254103,0.120378,0.067354,2,0.00530967
5350,6,0.319073,0.204564,0.0876911,0.339601,0.160435,0.109388,1,0.00433804
5351,6,0.311228,0.129861,0.0883618,0.339601,0.250359,0.0652078,1,0.00359804
5352,6,0.235243,0.138058,0.0587448,0.307686,0.246092,0.0252691,1,0.00231581
5353,6,0.270287,0.205235,0.0328568,0.296202,0.180204,0.0705331,1,0.00298243
5354,6,0.270287,0.192724,0.0421161,0.241419,0.110604,0.0502774,1,0.00330847
5355,6,0.291364,0.210276,0.0568518,0.17866,0.0874689,0.0445809,2,0.00356196
5356,6,0.291364,0.24052,0.026119,0.17866,0.0711137,0.0385248,2,0.00370629
5357,6,0.24423,0.188251,0.0383481,0.214069,0.0934267,0.046479,4,0.00358283
5358,6,0.234238,0.134592,0.0321835,0.214069,0.115876,0.0368057,2,0.00366218
5359,6,0.142993,0.106195,0.0148719,0.210812,0.0946954,0.0397242,1,0.00428664
5360,6,0.689282,0.187314,0.192194,0.799966,0.434253,0.120024,1,0.00872979
5361,6,0.11536,0.0636225,0.0229705,0.59317,0.301492,0.0892824,3,0.00751673
5362,6,0.258244,0.124999,0.0660515,0.460393,0.238121,0.0856515,2,0.00483386
5363,6,0.384905,0.243412,0.0805872,0.366792,0.225222,0.0896859,2,0.0052399
5364,6,0.384905,0.276875,0.0753461,0.353924,0.203676,0.075457,1,0.00464911
5365,6,0.351763,0.137396,0.12532,0.28224,0.194216,0.052398,2,0.00358416
5366,6,0.0869053,0.0202225,0.0158679,0.234789,0.167452,0.0433973,0,0.00181566
5367,6,0.102888,0.015109,0.0185014,0.390995,0.140111,0.0855322,0,0.00278552
5368,6,0.481218,0.169018,0.172909,0.563483,0.27827,0.162191,1,0.00493753
5369,6,0.56029,0.384769,0.12049,0.608954,0.316865,0.149565,1,0.00558745
5370,6,0.56029,0.300503,0.163993,0.608954,0.199506,0.121242,1,0.00549083
5371,6,0.245715,0.0891804,0.0704637,0.399177,0.20695,0.0746573,0,0.00464866
5372,6,0.108689,0.0232909,0.0165477,0.399177,0.192519,0.0689246,0,0.00470223
5373,6,0.0678202,0.0241245,0.013484,0.244031,0.120347,0.0527928,2,0.00737696
5374,6,0.128862,0.0615447,0.0380239,0.244031,0.0895864,0.053733,3,0.00716171
5375,6,0.128862,0.0651264,0.0350996,0.167002,0.0772067,0.042525,3,0.00431226
5376,6,0.101523,0.0562345,0.0253768,0.167002,0.0703842,0.0394275,3,0.00386358
5377,6,0.101523,0.0573419,0.0237982,0.165939,0.0589935,0.0328924,3,0.00338912
5378,6,0.178761,0.0492609,0.0246937,0.311937,0.0776501,0.0624197,1,0.00524278
5379,1,0.397719,0.215144,0.0586143,1.48183,0.675871,0.276084,3,0.0217921
5380,1,0.415841,0.220493,0.072871,1.48183,0.648829,0.312238,4,0.0264144
5381,1,0.436566,0.220902,0.0792466,1.41951,0.650713,0.30058,4,0.0315086
5382,1,0.436566,0.21484,0.0749538,1.24521,0.588323,0.287557,4,0.0330808
5383,1,0.425667,0.200317,0.0755402,1.1694,0.49918,0.259536,4,0.031884
5384,1,0.465466,0.185602,0.0830753,1.39661,0.529301,0.308064,3,0.0364115
5385,1,0.465466,0.176804,0.0745977,1.55833,0.632544,0.388963,3,0.0322847
5386,1,0.345049,0.184761,0.083776,1.55833,0.596885,0.339502,2,0.0264623
5387,1,0.413404,0.196811,0.0930778,0.936845,0.548293,0.207046,4,0.0315597
5388,1,0.413404,0.197376,0.0802657,1.24489,0.535436,0.240272,4,0.0270662
5389,1,0.497836,0.197694,0.077978,1.24489,0.507174,0.264736,4,0.0272387
5390,1,0.497836,0.197049,0.0750001,1.08104,0.533857,0.239653,4,0.0296407
5391,1,0.464725,0.194881,0.079886,1.03361,0.529231,0.180328,4,0.0308969
5392,1,0.515754,0.20258,0.0962677,1.24725,0.530104,0.218474,3,0.0342467
5393,1,0.515754,0.208582,0.0884691,1.35857,0.560239,0.282337,4,0.0305609
5394,1,0.429477,0.201265,0.0806673,1.35857,0.531022,0.273645,3,0.0297324
5395,1,0.429477,0.195943,0.0868304,1.16498,0.499081,0.240775,4,0.0325303
5396,1,0.427515,0.193228,0.0866722,1.26032,0.573579,0.277432,3,0.0309339
5397,1,0.452488,0.19727,0.0870187,1.26032,0.554397,0.272577,3,0.0301841
5398,1,0.452488,0.195315,0.0838657,1.08586,0.527976,0.224597,4,0.0304909
5399,1,0.418276,0.164603,0.0784215,1.08586,0.499268,0.218494,3,0.0318379
5400,1,0.484935,0.218304,0.0850095,1.39256,0.619913,0.257042,3,0.0324722
5401,1,0.38418,0.205376,0.0693338,1.14056,0.551542,0.232482,4,0.0323953
5402,1,0.440092,0.213259,0.0757141,1.37009,0.626648,0.282168,4,0.034449
5403,1,0.453975,0.227523,0.0793684,1.37009,0.614685,0.282182,3,0.039066
5404,1,0.453975,0.233523,0.0760851,1.30461,0.583236,0.255633,3,0.0391656
5405,1,0.551097,0.238553,0.0879244,1.24038,0.607633,0.256262,4,0.0424235
5406,1,0.551097,0.230902,0.0940881,1.24038,0.610884,0.234116,4,0.044962
5407,1,0.444382,0.21231,0.0812841,1.11712,0.593837,0.237224,4,0.0384564
5408,1,0.54422,0.217717,0.0874583,1.26004,0.547364,0.2729,2,0.0347718
5409,1,0.54422,0.216736,0.0921364,1.26004,0.556513,0.294535,1,0.0367193
5410,1,0.490008,0.209542,0.0837233,1.24462,0.564254,0.281853,2,0.0298448
5411,1,0.523834,0.219825,0.0872607,1.10423,0.52591,0.251097,4,0.031955
5412,1,0.584749,0.230697,0.0959489,1.53707,0.582568,0.30736,4,0.0376826
5413,1,0.584749,0.226285,0.0858727,1.53707,0.60723,0.313488,4,0.0352334
5414,1,0.348818,0.199222,0.0747869,1.52075,0.639713,0.372477,4,0.0267578
5415,1,0.34451,0.193186,0.0785346,1.52075,0.662021,0.399267,4,0.0283854
5416,1,0.462292,0.197198,0.0881112,1.44061,0.570843,0.2836,2,0.0317207
5417,3,0.70643,0.307035,0.149951,1.36275,0.726791,0.215822,3,0.0528939
5418,3,0.758688,0.317172,0.172283,1.32343,0.753591,0.269196,4,0.060823
5419,3,0.775533,0.302065,0.164374,1.89609,0.885912,0.355491,5,0.0731439
5420,3,0.775533,0.29936,0.15071,1.89609,0.844352,0.362279,4,0.0674636
5421,3,0.956452,0.319367,0.174144,1.88185,0.811136,0.352937,3,0.0606678
5422,3,0.956452,0.280242,0.166164,1.88185,0.8139,0.355235,2,0.0583778
5423,3,0.728968,0.282069,0.152151,1.56549,0.753153,0.318904,5,0.0522193
5424,3,0.966238,0.316773,0.16588,1.56549,0.799631,0.302089,5,0.0619265
5425,3,0.966238,0.293716,0.163679,1.75286,0.760649,0.27493,3,0.0603821
5426,3,0.706572,0.28034,0.113778,1.6799,0.859475,0.399729,4,0.0412026
5427,3,0.649132,0.275602,0.115302,1.47314,0.623502,0.280496,5,0.040248
5428,3,0.823536,0.282852,0.131348,1.65339,0.743517,0.387755,4,0.0613689
5429,3,0.823536,0.283013,0.153953,1.77884,0.91743,0.381118,5,0.0637462
5430,3,0.812754,0.280764,0.152737,1.77884,0.754123,0.348165,4,0.0474424
5431,3,0.919728,0.272086,0.151756,1.95557,0.805481,0.418564,2,0.0481633
5432,3,0.919728,0.284094,0.152402,1.95557,0.957933,0.433404,3,0.0508005
5433,3,0.726071,0.299329,0.143357,1.74046,0.829313,0.349092,5,0.0501988
5434,3,0.726071,0.285859,0.149018,1.39149,0.680475,0.256152,4,0.0526624
5435,3,0.771878,0.287775,0.132802,2.1222,0.957859,0.460664,3,0.0467122
5436,3,0.771878,0.271643,0.142663,2.0308,0.915135,0.421724,3,0.0531181
5437,3,0.739749,0.26363,0.149555,2.15183,0.962051,0.444233,3,0.0518442
5438,3,0.737931,0.243029,0.126046,2.15183,0.88919,0.48181,3,0.0444967
5439,3,0.812806,0.258476,0.123689,1.87344,0.774725,0.346608,4,0.0452034
5440,3,0.812806,0.279638,0.16059,1.5086,0.768075,0.288958,4,0.0598953
5441,3,0.820883,0.280283,0.16289,1.66706,0.755688,0.356714,3,0.0617552
5442,3,0.820883,0.281687,0.156712,2.00684,0.846024,0.428319,3,0.0583985
5443,3,0.808183,0.278636,0.149817,2.00684,0.871633,0.388659,5,0.0549713
5444,3,0.782976,0.29302,0.152157,2.33429,1.01433,0.459857,4,0.0491771
5445,2,0.551575,0.256539,0.0925404,1.41679,0.769894,0.316377,4,0.0337629
5446,2,0.551575,0.253211,0.103867,1.26691,0.645819,0.303564,4,0.0341759
5447,2,0.575415,0.279253,0.110458,2.13286,0.643524,0.342888,3,0.0362126
5448,2,0.575415,0.278936,0.0956637,2.30445,0.815908,0.540742,3,0.0371628
5449,2,0.51895,0.25129,0.0983054,2.30445,0.851795,0.505761,3,0.032302
5450,2,0.533486,0.246056,0.112716,1.46446,0.69533,0.306189,3,0.0371862
5451,2,0.558346,0.251409,0.108509,1.33719,0.633654,0.299953,3,0.03757
5452,2,0.558346,0.251238,0.104549,1.21739,0.605551,0.237016,3,0.0311455
5453,2,0.540617,0.231402,0.101233,1.22145,0.614793,0.206853,3,0.0291864
5454,2,0.483683,0.232154,0.0964394,1.4738,0.597485,0.277166,4,0.0281484
5455,2,0.606703,0.276896,0.123539,1.72821,0.918475,0.384892,4,0.0332406
5456,2,0.593289,0.280921,0.111932,1.41377,0.746725,0.353707,4,0.0332204
5457,2,0.593289,0.279093,0.100463,1.43137,0.660104,0.333382,3,0.0333273
5458,2,0.485545,0.257335,0.0843239,1.57543,0.79408,0.380592,3,0.0309418
5459,2,0.498488,0.241135,0.0912969,1.57543,0.798441,0.362352,3,0.0328142
5460,2,0.509473,0.261226,0.103787,1.4743,0.652686,0.338511,4,0.0299635
5461,2,0.516329,0.256713,0.0981873,1.90906,0.782628,0.44166,3,0.0303775
5462,2,0.579269,0.238124,0.0981755,1.90906,0.830065,0.404922,3,0.0362827
5463,2,0.579269,0.24291,0.106271,1.73783,0.684798,0.28457,4,0.0359912
5464,2,0.591519,0.241297,0.101606,1.06165,0.561383,0.210714,3,0.0413595
5465,2,0.572065,0.268285,0.10644,2.0992,0.862641,0.407547,4,0.0387698
5466,2,0.573956,0.259902,0.104004,1.5552,0.690552,0.344616,3,0.0388546
5467,2,0.593098,0.262058,0.103208,1.45783,0.661436,0.322454,3,0.038258
5468,2,0.627918,0.257539,0.104768,1.45783,0.759965,0.323441,3,0.0440172
5469,2,0.627918,0.253122,0.106357,1.48015,0.726502,0.314069,3,0.0414559
5470,2,0.571389,0.265565,0.120344,1.966,0.702365,0.442685,4,0.0400798
5471,2,0.571389,0.267877,0.113703,1.966,0.730083,0.502693,3,0.0358591
5472,2,0.639067,0.255341,0.110239,1.92818,0.740492,0.387454,2,0.0373582
5473,2,0.639067,0.23561,0.107916,1.49432,0.696426,0.304408,3,0.0382462
5474,2,0.533717,0.226163,0.0986664,1.35998,0.589904,0.276262,3,0.0323426
5475,5,0.095981,0.0348958,0.014061,0.910483,0.223446,0.140434,4,0.00888427
5476,5,0.0541211,0.0329724,0.0100467,0.209721,0.0929972,0.0615379,0,0.00230743
5477,5,0.0497493,0.0216132,0.0145567,0.0738063,0.0372975,0.0108535,3,0.00149662
5478,5,0.0211879,0.0106635,0.00402625,0.0429615,0.0299014,0.00762614,0,0.00152862
5479,5,0.0211879,0.0109927,0.0042091,0.0356251,0.0195468,0.00581051,0,0.00162172
5480,5,0.0197962,0.0072292,0.00414331,0.0309961,0.0150498,0.00396569,0,0.00148321
5481,5,0.0320668,0.0103468,0.0076459,0.118547,0.0309765,0.0307981,0,0.00352759
5482,5,0.035213,0.0155071,0.00780312,0.118547,0.04087,0.0302232,0,0.00419465
5483,5,0.0545133,0.0190527,0.0120231,0.106691,0.0376333,0.0199799,3,0.00368962
5484,5,0.0545133,0.0194155,0.0123492,0.106691,0.0288637,0.0220321,4,0.00289874
5485,5,0.0341997,0.0111669,0.00866745,0.0696618,0.0151742,0.0134574,0,0.00161419
5486,5,0.0226961,0.00809627,0.00489665,0.122595,0.0226661,0.020752,0,0.00211197
5487,5,0.0226961,0.0093886,0.00481533,0.122595,0.0260691,0.0208666,0,0.00213628
5488,5,0.0428786,0.0106611,0.00755005,0.120628,0.0355303,0.0287622,0,0.00249279
5489,5,0.0428786,0.0112446,0.00754394,0.120628,0.033914,0.0292252,0,0.00245236
5490,5,0.0214786,0.0083399,0.00419108,0.0467147,0.0138688,0.00941701,0,0.00161257
5491,5,0.014044,0.0059699,0.00284879,0.0298722,0.011136,0.00631657,0,0.00147502
5492,5,0.107746,0.0151978,0.0181487,0.244513,0.0395538,0.0510001,2,0.00668317
5493,5,0.107746,0.0250851,0.0154994,0.244513,0.0480791,0.0471773,1,0.00665494
5494,5,0.0375855,0.0212391,0.00585893,0.0745405,0.0300756,0.0110527,0,0.00180747
5495,5,0.0253945,0.015272,0.00450973,0.0745405,0.0224765,0.0132041,0,0.00161132
5496,5,0.0235636,0.00983846,0.00511106,0.0433611,0.0140339,0.00803176,0,0.00148096
5497,5,0.0176174,0.00779284,0.0038903,0.0433611,0.0130648,0.00743825,0,0.00147805
5498,5,0.0213043,0.0085544,0.00426657,0.0275063,0.0128683,0.00478417,0,0.00167091
5499,5,0.214974,0.0954061,0.0681656,0.313826,0.161357,0.0683726,2,0.00345751
5500,5,0.057818,0.0229558,0.0130121,0.133268,0.0739068,0.0379106,3,0.00166995
5501,5,0.0340332,0.00929596,0.00654341,0.088753,0.0275458,0.0193712,0,0.00141931
5502,5,0.0159113,0.0071225,0.00323859,0.0292046,0.0161,0.0056741,0,0.00161434
5503,5,0.0159113,0.00730429,0.00335088,0.0292046,0.0149301,0.00516734,0,0.00154995
5504,5,0.0147369,0.00654611,0.00298066,0.0361249,0.0156853,0.00628546,0,0.00135892
5505,5,0.0172537,0.00637171,0.00286071,0.0361249,0.0141657,0.00710283,0,0.00152922
5506,5,0.0179677,0.00648349,0.00318664,0.0214467,0.00976786,0.00392693,0,0.00190958
5507,5,0.0179677,0.00549135,0.00317372,0.0214467,0.00896858,0.00422389,0,0.00186313
5508,5,0.0132116,0.00500057,0.00284437,0.0191626,0.00988168,0.00426845,0,0.0016592
5509,5,0.0147877,0.0060264,0.00310492,0.0191626,0.00999891,0.00382943,0,0.0017073
5510,5,0.0147877,0.00597913,0.00268697,0.0208664,0.00871607,0.00373491,0,0.00159616
5511,5,0.0136201,0.00647872,0.00272218,0.0208664,0.00944812,0.0040431,0,0.00159921
5512,5,0.0136201,0.00663721,0.00309438,0.0247646,0.00982916,0.00468374,0,0.00158553
5513,4,0.178282,0.0579329,0.038076,0.179107,0.0863413,0.040558,0,0.00266123
5514,4,0.535052,0.145974,0.135832,0.354275,0.172002,0.0903444,1,0.00737627
5515,4,0.535052,0.230613,0.115997,0.354275,0.203773,0.0839302,1,0.0107501
5516,4,0.517436,0.126359,0.114162,0.286028,0.156978,0.0666525,2,0.00986883
5517,4,0.0566241,0.0244313,0.0163924,0.231994,0.115573,0.0497412,3,0.00211127
5518,4,0.0283751,0.00886045,0.00505105,0.113665,0.0589566,0.0288508,0,0.00167316
5519,4,0.0263578,0.0077256,0.00413897,0.0813487,0.0281498,0.0187988,0,0.00156559
5520,4,0.0182733,0.00741006,0.00325567,0.0522236,0.0195782,0.0101457,0,0.00155152
5521,4,0.0140133,0.00665899,0.00263753,0.0384421,0.0171807,0.00808641,0,0.00158263
5522,4,0.0140133,0.00682092,0.00255828,0.0398587,0.0145791,0.00661527,0,0.00145064
5523,4,0.0127691,0.00620415,0.00253848,0.0398587,0.0144268,0.00689269,0,0.00127314
5524,4,0.0133304,0.00558786,0.00253593,0.0266663,0.0111844,0.00683706,0,0.00114416
5525,4,0.0147764,0.00671547,0.00323299,0.0335673,0.0122511,0.0075403,0,0.00133456
5526,4,0.0188179,0.00700611,0.00328124,0.0335673,0.0140653,0.00785207,0,0.00163282
5527,4,0.0188179,0.00669137,0.00337558,0.0306893,0.0118169,0.00756003,0,0.00161618
5528,4,0.0212355,0.00600122,0.00374064,0.0303276,0.00983505,0.00614409,0,0.0018157
5529,4,0.0212355,0.00659207,0.00383359,0.0313859,0.0118467,0.00793252,0,0.00199696
5530,4,0.0172247,0.00748157,0.00352725,0.0442181,0.0160934,0.00886655,0,0.00155858
5531,4,0.0232574,0.00716979,0.00392545,0.0442181,0.0201918,0.00890184,0,0.00156948
5532,4,0.0232574,0.00683566,0.00369751,0.0489475,0.0227636,0.00906761,0,0.00169766
5533,4,0.0150814,0.0062159,0.0029416,0.0489475,0.0181887,0.0106679,0,0.00172255
5534,4,0.0542782,0.0215367,0.0106013,0.508868,0.33071,0.107193,1,0.00141762
5535,4,0.0245089,0.0148702,0.00408055,0.324462,0.158586,0.0879525,0,0.00169176
5536,4,0.0260508,0.0119214,0.00509187,0.152193,0.0507691,0.0391037,0,0.00218511
5537,4,0.0346342,0.0146577,0.00799008,0.0472175,0.0234184,0.00948183,0,0.00223902
5538,4,0.0346342,0.0163802,0.00799306,0.0500507,0.0304206,0.00981958,0,0.00177526
5539,4,0.0295529,0.00947917,0.00615486,0.0500507,0.0273391,0.010502,0,0.00140538
5540,4,0.0151132,0.00626017,0.00297542,0.0376537,0.0167535,0.00756229,0,0.00125079
5541,4,0.0173539,0.00699011,0.00353217,0.0350627,0.0145873,0.0075679,0,0.00152026
5542,4,0.0173539,0.00727992,0.00375186,0.0334128,0.0116098,0.00793744,0,0.00163303
5543,4,0.0143364,0.00577998,0.00298861,0.0322437,0.0084561,0.00582051,0,0.00134949
5544,4,0.0172327,0.00582291,0.00308458,0.0322437,0.00964191,0.0065101,0,0.00146262
5545,4,0.0172327,0.00695321,0.00335333,0.024236,0.0102104,0.00575946,0,0.00157355
5546,4,0.0126719,0.00642505,0.00305218,0.0225134,0.0100026,0.00502928,0,0.00136327
5547,4,0.0454774,0.00874909,0.00846776,0.13286,0.0220974,0.0259045,0,0.00208497
5548,4,0.0454774,0.0165918,0.0103703,0.13286,0.0251842,0.0250322,0,0.00239656
5549,4,0.0374125,0.0158197,0.0088922,0.0378476,0.0153774,0.00806552,0,0.00225642
5550,4,0.0253877,0.00891799,0.00537678,0.028848,0.0136677,0.00692963,0,0.00201639
5551,4,0.0193326,0.00665602,0.00327417,0.0231136,0.00973656,0.00502856,0,0.00157889
5552,4,0.0151525,0.00615987,0.00312171,0.0196623,0.00833442,0.00354354,0,0.00152998
5553,4,0.0145252,0.00692676,0.00308008,0.0259766,0.0105429,0.00538904,0,0.00171895
5554,4,0.0169733,0.00800865,0.00358383,0.0292303,0.0133399,0.0068823,0,0.00175145
5555,4,0.0169733,0.00791842,0.00382095,0.0292303,0.0128604,0.00660638,0,0.0016309
5556,4,0.0139756,0.00681017,0.00310133,0.0209905,0.00931467,0.00487146,0,0.00167834
5557,6,0.46647,0.0905364,0.106507,0.626525,0.389507,0.103684,1,0.00860951
5558,6,0.0361377,0.0181,0.00911138,0.386397,0.226367,0.0886731,0,0.0015656
5559,6,0.0252989,0.0093448,0.00384111,0.211839,0.104684,0.0557324,0,0.00179405
5560,6,0.0178107,0.00839833,0.00342787,0.0978761,0.0501482,0.0228268,0,0.00170465
5561,6,0.0182252,0.00823627,0.0034051,0.0778724,0.0322427,0.0136481,0,0.00162111
5562,6,0.0192713,0.00911819,0.00390754,0.0752454,0.0291906,0.0123291,0,0.00161373
5563,6,0.0208602,0.00924244,0.00431479,0.0752454,0.0272295,0.0150667,0,0.00178472
5564,6,0.0208602,0.00717776,0.00377931,0.0585398,0.0154329,0.0104262,0,0.00178839
5565,6,0.0143457,0.00570127,0.00229472,0.0485465,0.012493,0.00837097,0,0.00152223
5566,6,0.0172661,0.00777802,0.00335928,0.0485465,0.0133647,0.00908282,0,0.00128019
5567,6,0.0240425,0.0113546,0.00444206,0.0434291,0.0182631,0.0104265,0,0.00128027
5568,6,0.0240425,0.0107015,0.0052669,0.0434291,0.0169495,0.00988359,0,0.00165618
5569,6,0.0221238,0.00810477,0.00386129,0.0408972,0.0101936,0.00612438,0,0.00182503
5570,6,0.0161,0.00628126,0.00293182,0.0408972,0.0089562,0.00605574,0,0.00159449
5571,6,0.0113923,0.0054587,0.00235459,0.0427436,0.00865318,0.00556491,0,0.001602
5572,6,0.0137664,0.00667261,0.00290779,0.0427436,0.0147664,0.00934664,0,0.00173487
5573,6,0.0153816,0.00820881,0.00313824,0.0487197,0.0205268,0.00924643,0,0.00153252
5574,6,0.427983,0.097665,0.104436,0.541699,0.363082,0.0812596,1,0.00986074
5575,6,0.0712696,0.0258829,0.0193747,0.36626,0.221272,0.0844552,3,0.00199199
5576,6,0.020556,0.00877429,0.00334915,0.206659,0.094031,0.057517,0,0.00164558
5577,6,0.020556,0.00783167,0.00346263,0.0717836,0.0340514,0.0152648,0,0.00179814
5578,6,0.0150283,0.00637214,0.00315836,0.0504172,0.0246677,0.00828215,0,0.00155658
5579,6,0.0123282,0.00507518,0.0021721,0.0451184,0.0213828,0.00607468,0,0.00140245
5580,6,0.012504,0.00513363,0.00235591,0.0451184,0.0169908,0.00662699,0,0.00157657
5581,6,0.0226546,0.00608728,0.00346128,0.042485,0.0125877,0.00777822,0,0.00191518
5582,6,0.0226546,0.00598527,0.0034738,0.042485,0.0100953,0.00769521,0,0.00198894
5583,6,0.0194872,0.00826178,0.00508896,0.0536617,0.0192259,0.0133801,0,0.00168856
5584,6,0.0266224,0.010365,0.00536533,0.0536617,0.0247237,0.010857,0,0.00179861
5585,6,0.0266224,0.00852169,0.00426362,0.0588882,0.0234214,0.0107527,0,0.00163769
5586,6,0.0230097,0.00974953,0.00461887,0.0690777,0.0324685,0.0155614,0,0.00162916
5587,6,0.0240178,0.0103692,0.0054029,0.0690777,0.0328349,0.0142345,0,0.00179084
5588,6,0.0240178,0.00896477,0.00422561,0.0631907,0.0270151,0.0111847,0,0.00172136
5589,6,0.0178848,0.00948629,0.00412081,0.0631907,0.0272484,0.0137115,0,0.00169925
5590,6,0.019621,0.0114896,0.00456113,0.0687491,0.0297074,0.0176334,0,0.00141029
5591,1,0.551609,0.21409,0.109663,1.08321,0.468199,0.230873,3,0.0405837
5592,1,0.551609,0.232307,0.105288,1.08321,0.507768,0.220142,4,0.0424723
5593,1,0.675256,0.237379,0.11272,0.999311,0.500891,0.206079,4,0.0464445
5594,1,0.675256,0.239489,0.114156,1.0188,0.49166,0.206255,4,0.0452624
5595,1,0.676902,0.247535,0.110637,1.0188,0.498356,0.201572,4,0.0486715
5596,1,0.676902,0.256635,0.114892,1.0228,0.51986,0.22412,5,0.0528773
5597,1,0.723393,0.262907,0.11796,1.29918,0.526342,0.243025,5,0.0530814
5598,1,0.723393,0.280348,0.121551,1.29918,0.547621,0.243878,5,0.0553344
5599,1,0.625831,0.283923,0.10918,1.22021,0.581788,0.250163,5,0.0511957
5600,1,0.651021,0.284715,0.100869,1.37149,0.638526,0.274793,6,0.0508558
5601,1,0.662886,0.292339,0.110504,1.37149,0.654113,0.269391,4,0.0535464
5602,1,0.662886,0.284995,0.10721,1.18188,0.600964,0.231644,5,0.0476497
5603,1,0.559005,0.291048,0.102011,1.21223,0.599586,0.215163,7,0.0450003
5604,1,0.559005,0.29135,0.0992556,1.21223,0.59873,0.208325,6,0.0421952
5605,1,0.475706,0.269341,0.0909056,1.0917,0.555066,0.199647,6,0.0391747
5606,1,0.551557,0.242929,0.105123,1.63671,0.643655,0.331284,4,0.0437915
5607,1,0.63338,0.284442,0.105732,1.44165,0.636199,0.28286,6,0.0532281
5608,1,0.63338,0.302896,0.113486,1.44165,0.633087,0.271413,5,0.0550397
5609,1,0.704528,0.307538,0.116716,1.33911,0.614948,0.277251,6,0.0593601
5610,1,0.761643,0.311283,0.132444,1.32805,0.611276,0.253545,6,0.0633965
5611,1,0.761643,0.320043,0.137986,1.29688,0.631182,0.23172,7,0.0571379
5612,1,0.631112,0.335055,0.127942,1.30478,0.657271,0.241916,9,0.0550983
5613,1,0.692983,0.32509,0.127919,1.46019,0.630651,0.270164,7,0.0574296
5614,1,0.692983,0.316744,0.133189,1.46019,0.624042,0.268518,6,0.0579299
5615,1,0.739202,0.32603,0.129752,1.88682,0.661784,0.278755,6,0.0612072
5616,1,0.739202,0.316967,0.116495,1.88682,0.666859,0.302839,7,0.0526666
5617,1,0.574933,0.305842,0.109634,1.26815,0.671448,0.272112,6,0.0448398
5618,1,0.53921,0.304017,0.10333,1.26815,0.660049,0.251259,7,0.049437
5619,3,0.933213,0.322281,0.183509,1.17606,0.542354,0.22858,4,0.0600265
5620,3,0.933213,0.35522,0.198599,1.82576,0.592715,0.294346,4,0.0719034
5621,3,1.02233,0.385037,0.225806,1.83283,0.880189,0.435273,5,0.0746541
5622,3,1.02233,0.386372,0.225004,1.83283,0.902554,0.415695,4,0.0703937
5623,3,1.10406,0.375267,0.207744,1.81148,0.658242,0.351513,4,0.0811666
5624,3,1.10406,0.375009,0.208043,1.81148,0.669213,0.359561,4,0.079093
5625,3,0.951979,0.374211,0.199467,1.67001,0.692583,0.34432,4,0.0751854
5626,3,1.00782,0.416218,0.225727,1.94816,0.693323,0.377381,4,0.0889625
5627,3,1.13954,0.368112,0.223943,2.33027,0.729263,0.420543,4,0.085785
5628,3,1.13954,0.410739,0.213495,1.71757,0.681371,0.328113,4,0.085264
5629,3,1.09059,0.401241,0.22937,2.19184,0.90645,0.486357,4,0.087098
5630,3,1.09059,0.385399,0.223447,2.19184,0.874266,0.53241,4,0.0892633
5631,3,1.04061,0.408003,0.223634,2.19069,0.7207,0.379274,4,0.08506
5632,3,1.04061,0.376165,0.233125,1.74675,0.747497,0.377324,4,0.0718699
5633,3,1.07428,0.376966,0.238305,2.02813,0.760687,0.430417,4,0.0811693
5634,3,1.11422,0.419381,0.245384,2.02813,0.80949,0.43117,5,0.0962317
5635,3,1.0175,0.349399,0.221989,2.16268,0.547243,0.325456,4,0.0865357
5636,3,0.934725,0.36695,0.201222,1.51952,0.585448,0.290345,4,0.0687539
5637,3,0.959317,0.362822,0.188569,2.16284,0.8061,0.441365,4,0.064552
5638,3,0.959317,0.347085,0.203227,2.16284,0.811759,0.433762,4,0.0672905
5639,3,0.915215,0.334477,0.199592,1.46992,0.656358,0.285171,4,0.0682818
5640,3,1.04111,0.353725,0.213411,1.86869,0.649581,0.322399,4,0.0776169
5641,3,1.04111,0.383368,0.214158,1.86869,0.649876,0.378595,4,0.0783853
5642,3,1.03447,0.397642,0.199505,1.91329,0.747992,0.427024,4,0.0717304
5643,3,1.03447,0.402978,0.208099,1.91329,0.77895,0.392528,4,0.0747409
5644,2,0.795937,0.325167,0.164456,2.082,0.585924,0.334089,4,0.0687965
5645,2,0.766312,0.281553,0.146932,0.90592,0.453982,0.176898,6,0.0632534
5646,2,0.709706,0.259078,0.142022,1.09999,0.45035,0.201455,7,0.0559928
5647,2,0.987547,0.262829,0.143894,1.21814,0.573326,0.27608,6,0.0677329
5648,2,0.987547,0.271307,0.154001,1.21814,0.582151,0.250552,5,0.0715579
5649,2,0.690532,0.280876,0.149818,0.915931,0.460081,0.158116,5,0.0586057
5650,2,0.704485,0.28567,0.145066,0.962901,0.498288,0.193833,5,0.0553151
5651,2,0.704485,0.269154,0.135168,1.06563,0.585944,0.22445,6,0.0540386
5652,2,0.745223,0.264673,0.142433,1.06563,0.586688,0.200597,6,0.0534143
5653,2,0.787495,0.278202,0.159008,0.983025,0.517559,0.176482,5,0.0644557
5654,2,0.8346,0.318024,0.180618,1.41682,0.82037,0.243139,7,0.0698208
5655,2,0.779618,0.320157,0.170257,1.38082,0.670369,0.268028,7,0.0669615
5656,2,0.844075,0.305248,0.163093,1.39014,0.698921,0.285124,7,0.0669892
5657,2,0.844075,0.296309,0.157318,1.39014,0.677218,0.283579,7,0.0596746
5658,2,0.921693,0.308694,0.166421,1.22955,0.569214,0.24371,6,0.06483
5659,2,0.921693,0.310485,0.163817,1.49575,0.591875,0.272917,5,0.0698913
5660,2,0.768765,0.300862,0.152998,1.49575,0.671625,0.286359,5,0.0618307
5661,2,0.689646,0.314135,0.156886,1.46857,0.712252,0.243259,6,0.0619523
5662,2,0.823047,0.313975,0.16206,1.46857,0.646976,0.238138,7,0.0711152
5663,2,0.783565,0.298808,0.160527,1.3472,0.742476,0.283176,5,0.0574091
5664,2,0.783565,0.298474,0.158631,1.2176,0.594861,0.226829,7,0.0660458
5665,2,0.720746,0.281279,0.146101,1.11337,0.591634,0.241543,6,0.0649993
5666,2,1.06366,0.282205,0.166437,1.3798,0.640099,0.287253,4,0.0822029
5667,2,1.06366,0.295767,0.172689,1.3798,0.601289,0.259017,5,0.0796627
5668,2,0.837826,0.287406,0.145426,1.27497,0.580617,0.253816,7,0.0624026
5669,2,0.837826,0.292056,0.150474,1.27497,0.660929,0.268583,6,0.0696045
5670,2,0.789617,0.29208,0.161932,1.27482,0.665039,0.218899,6,0.0688419
5671,2,0.797436,0.300063,0.16364,1.116,0.604612,0.202934,6,0.0658813
5672,5,0.0945276,0.0291054,0.0199816,0.523227,0.10207,0.10161,2,0.0096803
5673,5,0.0661165,0.0338461,0.0186125,0.170175,0.0653552,0.0398125,3,0.00292206
5674,5,0.0661165,0.033015,0.0189692,0.170175,0.0559097,0.0377503,3,0.00220672
5675,5,0.0379939,0.0140076,0.00760484,0.091089,0.0394472,0.0135405,0,0.00212352
5676,5,0.0223486,0.00968633,0.00462113,0.091089,0.028963,0.0165848,0,0.00221764
5677,5,0.0308654,0.0124837,0.00664668,0.123692,0.035376,0.0306751,0,0.0021413
5678,5,0.0308654,0.013154,0.00707329,0.123692,0.0417684,0.0309015,0,0.00194822
5679,5,0.0301573,0.00955621,0.00518788,0.100168,0.0218004,0.0179621,0,0.00160247
5680,5,0.0261529,0.00893451,0.00465119,0.069765,0.0163267,0.010935,0,0.00236971
5681,5,0.0261529,0.0119546,0.00568528,0.069765,0.0154263,0.0111123,0,0.00253138
5682,5,0.0222474,0.0119483,0.00520753,0.0251119,0.0136939,0.00586019,0,0.00196169
5683,5,0.0220943,0.0102514,0.0039032,0.0399498,0.0169638,0.00638676,0,0.00173664
5684,5,0.0169024,0.00911493,0.00349764,0.0399498,0.0167035,0.00781569,0,0.00135915
5685,5,0.113568,0.0200006,0.0232157,0.39304,0.057984,0.0751112,1,0.00765232
5686,5,0.113568,0.0259959,0.0216214,0.39304,0.0811006,0.0704172,1,0.00752326
5687,5,0.0451056,0.0160453,0.00821863,0.167741,0.0393541,0.0361737,0,0.0022231
5688,5,0.0211799,0.0106065,0.00406552,0.029432,0.0135751,0.00558456,0,0.00145879
5689,5,0.0233553,0.00896523,0.00416415,0.0828153,0.0198222,0.015682,0,0.00185407
5690,5,0.0334266,0.0134818,0.00663772,0.0842866,0.0323878,0.0174485,0,0.00250193
5691,5,0.166226,0.0843401,0.049833,0.307016,0.16191,0.0393545,3,0.00402934
5692,5,0.122887,0.0301175,0.0312772,0.189704,0.0985167,0.0479232,1,0.00213341
5693,5,0.02069,0.0105185,0.00417938,0.115231,0.0395657,0.0285143,0,0.00155915
5694,5,0.0286498,0.00988558,0.00480606,0.101827,0.0210213,0.0153463,0,0.00187982
5695,5,0.0615194,0.0176187,0.0119457,0.103428,0.0338776,0.0224864,3,0.00434732
5696,5,0.0615194,0.0184349,0.0112488,0.103428,0.0322666,0.0202018,0,0.00437125
5697,5,0.0218428,0.0103378,0.00430385,0.0453531,0.0153738,0.00779751,0,0.00134365
5698,5,0.0162572,0.00813618,0.0029447,0.0237911,0.0107581,0.00419216,0,0.00149223
5699,5,0.0177999,0.00681335,0.00333491,0.0227652,0.00924126,0.00416491,0,0.00173808
5700,5,0.0177999,0.00567989,0.0027252,0.0265668,0.00990472,0.00440054,0,0.00175044
5701,5,0.01929,0.00720092,0.0038057,0.0265668,0.0101236,0.00444482,0,0.00182237
5702,5,0.0346693,0.00967373,0.00747445,0.126878,0.0168182,0.0217445,0,0.00287146
5703,5,0.0346693,0.00946437,0.00712065,0.126878,0.0204355,0.0211047,0,0.00283964
5704,5,0.023706,0.00790736,0.00361855,0.0692586,0.0205434,0.0121167,0,0.00188678
5705,5,0.023706,0.00738965,0.00367055,0.0692586,0.0193544,0.0127516,0,0.00165413
5706,5,0.015891,0.00683001,0.00311504,0.0350865,0.0124049,0.0068367,0,0.00154775
5707,5,0.01894,0.00729106,0.0038954,0.042256,0.0129907,0.00693992,0,0.00155887
5708,4,0.628035,0.201664,0.203905,0.250678,0.177956,0.0493467,1,0.00513677
5709,4,0.0685046,0.0320197,0.0211238,0.206576,0.154484,0.0289829,2,0.00165302
5710,4,0.0416231,0.0123732,0.00853475,0.154251,0.0922323,0.0400089,0,0.00133886
5711,4,0.0255462,0.0101044,0.0051781,0.110137,0.0520135,0.0185007,0,0.00196149
5712,4,0.0255462,0.00916919,0.00510778,0.0981669,0.0361109,0.0204546,0,0.00213079
5713,4,0.0173866,0.00697926,0.00333817,0.0490221,0.0181093,0.0113867,0,0.00149203
5714,4,0.0159107,0.00629356,0.00296011,0.0347085,0.0157535,0.00688965,0,0.00139536
5715,4,0.0159107,0.00696981,0.00353241,0.0347085,0.0172244,0.00722662,0,0.00179543
5716,4,0.0207217,0.0069588,0.0038696,0.0339388,0.0146117,0.0068397,0,0.00215484
5717,4,0.0207217,0.00676571,0.00365767,0.0334646,0.0146117,0.00616195,0,0.00174726
5718,4,0.0191528,0.00780922,0.00415642,0.0366753,0.0169658,0.00766265,0,0.0015181
5719,4,0.0191528,0.00767303,0.00401831,0.0366753,0.0145755,0.00849348,0,0.00180534
5720,4,0.0150417,0.00617743,0.00287668,0.0313983,0.00874955,0.00608065,0,0.00183032
5721,4,0.01515,0.00518788,0.00269261,0.019221,0.00738109,0.00392357,0,0.00187131
5722,4,0.01515,0.00449018,0.00259621,0.0201365,0.00696818,0.00390465,0,0.00168022
5723,4,0.0135499,0.00502995,0.00290892,0.0289773,0.0094316,0.00735833,0,0.00154157
5724,4,0.37383,0.0957973,0.101327,0.640477,0.431276,0.0824143,0,0.00399694
5725,4,0.0371354,0.0189867,0.0105057,0.473816,0.289335,0.0961234,2,0.00174761
5726,4,0.024626,0.0089829,0.00534457,0.296682,0.139845,0.0765199,0,0.00163976
5727,4,0.0156442,0.00679861,0.00352861,0.128399,0.0440164,0.0357968,0,0.0013738
5728,4,0.0132358,0.00560154,0.00275736,0.0310288,0.0172699,0.00666655,0,0.00125383
5729,4,0.012968,0.00498396,0.00226922,0.0307778,0.0199735,0.00388151,0,0.00132525
5730,4,0.0138365,0.00570999,0.00261606,0.0346248,0.0174433,0.00592862,0,0.00176151
5731,4,0.033572,0.0115616,0.00795319,0.0474994,0.0212266,0.00980658,0,0.00189966
5732,4,0.033572,0.0154791,0.00749285,0.0474994,0.0265116,0.00857183,0,0.00211716
5733,4,0.0296272,0.0139356,0.00728352,0.0446033,0.0210912,0.0102827,0,0.00192628
5734,4,0.0370826,0.0158403,0.00824015,0.0516028,0.0226218,0.010437,0,0.00137701
5735,4,0.0370826,0.0128717,0.00852375,0.0516028,0.0267418,0.00862291,0,0.00158435
5736,4,0.0707983,0.0167709,0.0133519,0.12964,0.0299272,0.0239011,2,0.00256578
5737,4,0.0707983,0.0192364,0.0133067,0.12964,0.0309357,0.0265188,2,0.00259022
5738,4,0.0384236,0.0148276,0.0100466,0.115492,0.0306123,0.0251672,0,0.00223886
5739,4,0.0390258,0.0220582,0.00966314,0.115492,0.0288088,0.0245319,0,0.00215783
5740,4,0.0390258,0.0196779,0.00933497,0.0631883,0.0249563,0.0149244,0,0.00180495
5741,4,0.0219889,0.0104425,0.00477802,0.0631883,0.0250997,0.0115766,0,0.00205506
5742,6,0.374229,0.0834989,0.092693,0.645996,0.405069,0.115118,0,0.00644643
5743,6,0.0473326,0.0206922,0.0134772,0.386599,0.232031,0.0899475,1,0.00151991
5744,6,0.0188196,0.00820475,0.00353432,0.22112,0.10623,0.0562444,0,0.00178728
5745,6,0.0193364,0.00726685,0.00365629,0.0936016,0.0449711,0.0203281,0,0.00177801
5746,6,0.0193364,0.00743697,0.0036691,0.0569457,0.0270607,0.0100912,0,0.00153329
5747,6,0.015283,0.00621915,0.00262776,0.0421929,0.0219082,0.00531177,0,0.00130172
5748,6,0.0137747,0.00560687,0.00214034,0.0421929,0.0174597,0.00672231,0,0.00135621
5749,6,0.0137747,0.00592439,0.00257195,0.0329432,0.0137685,0.00623591,0,0.00167012
5750,6,0.0128334,0.00531374,0.00252878,0.0329432,0.0102019,0.00677336,0,0.00156243
5751,6,0.0134613,0.00477927,0.00218664,0.0247945,0.00757778,0.00431289,0,0.00155136
5752,6,0.0135383,0.00606159,0.00295478,0.0410196,0.0121255,0.00744387,0,0.00178037
5753,6,0.0151961,0.00656311,0.00312118,0.0410196,0.0120951,0.00763983,0,0.0018693
5754,6,0.0223196,0.00663414,0.00322805,0.0287907,0.00881571,0.00525342,0,0.00217004
5755,6,0.0223196,0.00748724,0.00297885,0.0368745,0.0129258,0.00824928,0,0.00188415
5756,6,0.0146201,0.00687175,0.00284209,0.0368745,0.0115341,0.00847342,0,0.00135534
5757,6,0.0146201,0.00539803,0.00264878,0.0216992,0.0063834,0.00355051,0,0.0013879
5758,6,0.0172212,0.00699691,0.00372398,0.0353711,0.0131417,0.00951776,0,0.00128518
5759,6,0.0175252,0.00792267,0.00373354,0.0353711,0.0161532,0.00802619,0,0.00147502
5760,6,0.0175252,0.00617396,0.00322288,0.0260148,0.00958829,0.00541088,0,0.00155474
5761,6,0.237557,0.0604512,0.0415181,0.514182,0.314737,0.0919383,0,0.00492153
5762,6,0.0712042,0.0229519,0.0169823,0.314941,0.168575,0.0791906,1,0.00156799
5763,6,0.0194255,0.00847316,0.00449958,0.146222,0.0631132,0.0417179,0,0.00153563
5764,6,0.0155043,0.00529121,0.00284824,0.0505997,0.023305,0.00866327,0,0.00163718
5765,6,0.0138434,0.00540297,0.00261641,0.0481374,0.0219249,0.00520231,0,0.00140001
5766,6,0.0138434,0.00594268,0.002814,0.0481374,0.0203452,0.0062833,0,0.00139044
5767,6,0.0177941,0.00702427,0.00330928,0.0319533,0.0163896,0.00503215,0,0.00150444
5768,6,0.0177941,0.00695767,0.00290172,0.0293825,0.0118479,0.00597118,0,0.00125149
5769,6,0.0163561,0.00648108,0.0028883,0.0299442,0.0115131,0.00641728,0,0.00153698
5770,6,0.0163561,0.00663155,0.00313026,0.0299442,0.015469,0.00577482,0,0.00159442
5771,6,0.0163492,0.00622671,0.00287514,0.0269933,0.0141557,0.0060911,0,0.00143456
5772,6,0.0172753,0.00674417,0.00311282,0.0264489,0.0115036,0.00576342,0,0.0016778
5773,6,0.0172753,0.00709724,0.0033275,0.0356319,0.0130798,0.00746016,0,0.00161466
5774,6,0.0169985,0.00612774,0.0031987,0.0356319,0.011568,0.00798505,0,0.00153735
5775,6,0.0216401,0.00590828,0.00329444,0.0255722,0.00825948,0.00491011,0,0.00186001
5776,6,0.0216401,0.00727995,0.00368074,0.0252676,0.0128165,0.00654925,0,0.0019028
5777,6,0.0206283,0.00796335,0.00355798,0.0271666,0.0133628,0.00672433,0,0.00157358
5778,6,0.0212165,0.00794227,0.00414055,0.0340317,0.0131186,0.00730201,0,0.00147185
5779,6,0.0212165,0.00812332,0.00435608,0.0340317,0.014405,0.00646754,0,0.00187855
5780,6,0.0204723,0.00767006,0.00360385,0.0411576,0.0173928,0.00858756,0,0.00194722
5781,6,0.0158372,0.0077484,0.00293292,0.0411576,0.016044,0.00939822,0,0.00150665
5782,6,0.0158372,0.00747601,0.00324358,0.021903,0.00786455,0.00477801,0,0.00182849
5783,6,0.0424324,0.00971049,0.00871337,0.205113,0.0236984,0.0344149,0,0.00425209
5784,1,0.59868,0.219823,0.115771,1.68672,0.671279,0.333895,4,0.0407884
5785,1,0.59868,0.233109,0.105232,1.17062,0.54838,0.245526,4,0.0420267
5786,1,0.509259,0.229158,0.0950835,1.04433,0.523599,0.213629,4,0.03968
5787,1,0.509259,0.22124,0.0889471,1.03141,0.509409,0.201639,4,0.0395106
5788,1,0.534949,0.221323,0.0942898,1.04081,0.515661,0.22905,4,0.0397056
5789,1,0.534949,0.232454,0.098185,1.04081,0.507137,0.232418,4,0.0419492
5790,1,0.554928,0.243014,0.0993794,1.15913,0.50529,0.217329,5,0.0429393
5791,1,0.565548,0.245166,0.10418,1.21171,0.524294,0.222155,4,0.0424867
5792,1,0.565548,0.242403,0.103227,1.21171,0.526849,0.222932,4,0.0420447
5793,1,0.641983,0.235327,0.106519,1.06919,0.512531,0.214675,4,0.0475103
5794,1,0.641983,0.233557,0.106311,1.22771,0.515007,0.234241,4,0.0529044
5795,1,0.600313,0.246737,0.107756,1.22771,0.536827,0.251701,5,0.0484962
5796,1,0.601878,0.262456,0.113941,1.30532,0.575257,0.240318,4,0.0472683
5797,1,0.682756,0.270189,0.109791,1.30532,0.572806,0.234871,4,0.0504244
5798,1,0.682756,0.261343,0.0968899,1.22088,0.573928,0.24428,4,0.0471499
5799,1,0.649107,0.246801,0.0991759,1.22088,0.597887,0.254452,4,0.0407817
5800,1,0.536613,0.245329,0.105722,1.3592,0.599822,0.292696,4,0.0468373
5801,1,0.582319,0.271909,0.107937,1.25433,0.632959,0.261757,4,0.0437426
5802,1,0.595977,0.287943,0.112073,1.23093,0.676164,0.224374,5,0.052667
5803,1,0.667789,0.288575,0.11086,1.35024,0.672668,0.231532,5,0.0578495
5804,1,0.667789,0.274199,0.108602,1.62033,0.64362,0.253147,4,0.0513346
5805,1,0.675985,0.272732,0.110981,1.62033,0.621576,0.246175,4,0.0471457
5806,1,0.675985,0.274241,0.106563,1.46192,0.636758,0.254918,4,0.0444507
5807,1,0.581784,0.277573,0.101589,1.46192,0.652802,0.269228,5,0.0397709
5808,1,0.578539,0.283739,0.101546,1.30962,0.646044,0.252752,4,0.0353707
5809,1,0.578539,0.276223,0.101008,1.30962,0.63435,0.249497,4,0.0385278
5810,1,0.554701,0.263408,0.0961307,1.30133,0.64271,0.261686,4,0.0452921
5811,1,0.642248,0.267201,0.104514,1.37516,0.654662,0.268482,3,0.045891
5812,1,0.642248,0.262519,0.106315,1.37516,0.61679,0.259451,4,0.0464231
5813,1,0.586269,0.25297,0.0929585,1.21466,0.596121,0.278671,4,0.0457547
5814,1,0.600762,0.252568,0.09243,1.33666,0.611529,0.294605,4,0.0458559
5815,3,0.892147,0.353028,0.183312,1.717,0.558225,0.271793,4,0.0664753
5816,3,0.862302,0.348938,0.194333,1.47326,0.563203,0.272143,4,0.0699123
5817,3,0.927781,0.343046,0.199142,1.69956,0.725586,0.360867,4,0.0679154
5818,3,0.956182,0.343403,0.217665,1.71764,0.753263,0.36721,4,0.0706256
5819,3,0.956182,0.33659,0.207714,1.71764,0.638528,0.306152,4,0.0737019
5820,3,0.890257,0.295907,0.180417,1.59715,0.637336,0.305252,3,0.0758674
5821,3,0.890257,0.296648,0.19185,1.59715,0.681744,0.338813,3,0.0688079
5822,3,0.875726,0.335775,0.197633,1.46165,0.724282,0.33062,3,0.0637038
5823,3,0.926379,0.365586,0.199511,1.51634,0.716157,0.329277,4,0.0665322
5824,3,1.06778,0.436954,0.230128,2.29733,0.83726,0.426666,4,0.0845517
5825,3,1.05165,0.449369,0.228835,2.03772,0.676125,0.357769,5,0.0884095
5826,3,1.00087,0.409949,0.21409,2.38689,0.920788,0.522735,4,0.0744076
5827,3,1.01258,0.403098,0.208886,2.38689,0.952021,0.52327,4,0.0775084
5828,3,1.03251,0.41643,0.214225,2.13092,0.707213,0.341211,4,0.0842381
5829,3,1.03251,0.413291,0.213697,1.6342,0.708387,0.349269,4,0.0734122
5830,3,1.01759,0.450365,0.225187,1.90272,0.754475,0.396328,5,0.075046
5831,3,1.01759,0.442022,0.224185,1.90272,0.747825,0.340935,5,0.0771921
5832,2,0.776969,0.296668,0.164318,1.3694,0.818964,0.240628,7,0.0648715
5833,2,0.743246,0.309844,0.159851,1.3694,0.657731,0.244577,8,0.0620025
5834,2,1.12775,0.305466,0.164719,1.74639,0.708185,0.331369,6,0.0813216
5835,2,1.12775,0.301904,0.168194,1.74639,0.74475,0.332376,4,0.0908256
5836,2,0.900701,0.303021,0.160977,1.40519,0.602846,0.240244,6,0.0752819
5837,2,0.838918,0.298708,0.149686,1.52103,0.600339,0.307613,6,0.0656719
5838,2,0.78506,0.308654,0.155852,1.53245,0.684875,0.339693,7,0.0658186
5839,2,0.889755,0.314123,0.17318,1.53245,0.720241,0.271536,8,0.076797
5840,2,0.889755,0.299621,0.16459,1.38474,0.679832,0.24028,6,0.0773405
5841,2,0.792766,0.326368,0.170266,1.46632,0.844206,0.292255,8,0.0646201
5842,2,0.792766,0.32192,0.155858,1.38623,0.667925,0.254148,6,0.0717975
5843,2,0.666627,0.29795,0.136756,1.72167,0.673787,0.280822,6,0.0606801
5844,2,0.798539,0.267444,0.132161,1.72167,0.668581,0.359449,6,0.0504806
5845,2,0.798539,0.253615,0.140188,1.50046,0.525343,0.300431,5,0.0599951
5846,2,0.843617,0.280456,0.14563,1.34338,0.561526,0.246206,5,0.0613079
5847,2,0.86093,0.292326,0.15798,1.54201,0.620327,0.280124,6,0.0681237
5848,2,0.86093,0.281913,0.158747,1.54201,0.644792,0.274006,8,0.0679382
5849,2,0.853297,0.283554,0.148058,1.26666,0.612511,0.245537,7,0.0661867
5850,3,0.975056,0.380667,0.202759,2.10334,0.777624,0.445814,4,0.0635996
5851,3,1.02929,0.407327,0.205388,2.13966,0.802986,0.391887,4,0.0720813
5852,3,1.02929,0.399706,0.227284,2.24281,0.946726,0.42004,4,0.087194
5853,3,1.22121,0.404644,0.225171,2.24281,0.892576,0.446775,4,0.0938777
5854,3,1.22121,0.443364,0.238483,1.85432,0.779504,0.328344,4,0.094188
5855,3,1.07551,0.446424,0.238685,2.28805,0.814468,0.380746,5,0.0852214
5856,3,1.02954,0.430423,0.217577,2.28805,0.880366,0.421242,4,0.0735272
5857,3,1.04897,0.410536,0.210276,2.03592,0.84554,0.415085,4,0.0766964
5858,2,0.884985,0.313072,0.169103,1.29736,0.800488,0.24557,7,0.0789889
5859,2,0.884985,0.292972,0.146423,1.08519,0.597292,0.233619,6,0.075951
5860,2,0.745399,0.2822,0.142543,1.47048,0.638428,0.296119,6,0.0648926
5861,2,1.16189,0.298815,0.179088,1.47048,0.692572,0.297806,5,0.0855124
5862,2,1.16189,0.303098,0.189346,1.33207,0.552101,0.240095,6,0.0894701
5863,2,0.97232,0.304375,0.162773,1.50247,0.606551,0.315749,4,0.0782852
5864,2,0.97232,0.328835,0.166362,1.50247,0.744367,0.3294,6,0.0812022
5865,2,1.00368,0.330262,0.182751,1.46938,0.732672,0.275368,8,0.0878899
5866,2,1.00368,0.304455,0.174546,1.22778,0.617686,0.25694,5,0.0818208
5867,5,0.0510376,0.0213848,0.013099,0.102646,0.0367284,0.0161703,3,0.00249953
5868,5,0.0266306,0.00818559,0.00413595,0.0512738,0.0303334,0.00899859,0,0.0019849
5869,5,0.0190873,0.0072584,0.00384788,0.0590237,0.0311304,0.00960938,0,0.00213319
5870,5,0.0219562,0.00902316,0.00452333,0.0590237,0.024367,0.0127146,0,0.00214128
5871,5,0.0219562,0.0081916,0.00410572,0.0401565,0.0160862,0.00842834,0,0.00176631
5872,5,0.0128647,0.00616684,0.00268711,0.0401565,0.0140063,0.00844067,0,0.00161193
5873,5,0.0125169,0.00540975,0.00247334,0.034697,0.0114338,0.00757797,0,0.00168121
5874,5,0.0158986,0.00577787,0.00298409,0.0573116,0.0117916,0.00876883,0,0.00170398
5875,5,0.0174535,0.00625908,0.00331558,0.0573116,0.0114405,0.007555,0,0.00189153
5876,5,0.0174535,0.00570698,0.0031289,0.0392238,0.0129669,0.00805989,0,0.00194143
5877,5,0.0237626,0.00828906,0.00464133,0.049454,0.0208774,0.0117451,0,0.00173174
5878,5,0.0314929,0.00989282,0.00552616,0.0562148,0.0288194,0.0113847,0,0.00163427
5879,5,0.0314929,0.0126391,0.0068977,0.0820197,0.0381485,0.0151761,0,0.00273458
5880,5,0.0298646,0.0139601,0.00561918,0.0820197,0.0336354,0.0172104,0,0.00274141
5881,5,0.0227166,0.0107554,0.00413755,0.0585294,0.0237432,0.011244,0,0.00160871
5882,5,0.0275183,0.0121699,0.00652225,0.0700508,0.0325575,0.0166751,0,0.00170436
5883,5,0.0275183,0.010654,0.00713341,0.0700508,0.0338994,0.015074,0,0.00164708
5884,5,0.0142056,0.00643712,0.0027134,0.0480001,0.0204287,0.0110701,0,0.00142435
5885,5,0.171133,0.0766694,0.0463198,0.34212,0.186197,0.0485426,1,0.00281679
5886,5,0.091736,0.0254362,0.0209721,0.205049,0.113929,0.0417403,0,0.00223165
5887,5,0.0328909,0.0115984,0.0073315,0.114546,0.0515363,0.0321194,0,0.00209181
5888,5,0.0156958,0.0071461,0.00314073,0.0529751,0.0190725,0.010794,0,0.00167269
5889,5,0.0155988,0.00628487,0.00291255,0.0242453,0.0127484,0.00520911,0,0.001505
5890,5,0.0202263,0.00615037,0.0031095,0.0236189,0.0122448,0.00487902,0,0.00175836
5891,5,0.0202263,0.00554889,0.00302852,0.0236189,0.0112706,0.00474699,0,0.00168568
5892,5,0.013787,0.0049296,0.00245327,0.0276555,0.0120503,0.00558522,0,0.00144118
5893,5,0.0143851,0.00581218,0.00293131,0.0276555,0.0112949,0.00601048,0,0.00152504
5894,5,0.0149399,0.00685431,0.00285889,0.0183124,0.00912292,0.00381565,0,0.00144146
5895,5,0.0182134,0.00782809,0.00299509,0.0264593,0.01011,0.00449323,0,0.00153119
5896,5,0.0210786,0.00774086,0.00373933,0.0496906,0.0115706,0.00859384,0,0.00168798
5897,5,0.0210786,0.00803713,0.00428897,0.053411,0.0148229,0.0118052,0,0.00167683
5898,5,0.0199078,0.00765898,0.00440629,0.053411,0.0136957,0.00973111,0,0.00172052
5899,5,0.0184721,0.00552018,0.00318122,0.0390969,0.012553,0.0066615,0,0.00156657
5900,5,0.0159554,0.00572707,0.00287902,0.0462073,0.0206234,0.0111833,0,0.0013486
5901,5,0.0159554,0.00625866,0.00295709,0.0462073,0.0202377,0.0114291,0,0.00150375
5902,5,0.0146211,0.00521523,0.0021991,0.034754,0.0120693,0.00681024,0,0.00138945
5903,4,0.36316,0.0924201,0.0988007,0.267183,0.20108,0.0278479,1,0.00348994
5904,4,0.0438686,0.0211108,0.0126566,0.217857,0.140914,0.0493585,3,0.00163747
5905,4,0.0253726,0.011671,0.00559773,0.138283,0.0710218,0.0330341,0,0.00237915
5906,4,0.0253726,0.00927233,0.00576119,0.0747002,0.0283443,0.0198772,0,0.00234708
5907,4,0.0208262,0.00598227,0.00320782,0.0323471,0.0125594,0.00710231,0,0.00165934
5908,4,0.0208262,0.00517585,0.0030529,0.0301461,0.0108715,0.00577455,0,0.00154221
5909,4,0.0122441,0.00478768,0.00232111,0.0244816,0.00994539,0.00478364,0,0.0014909
5910,4,0.018087,0.00578044,0.00324094,0.0233492,0.00940424,0.00469826,0,0.00226605
5911,4,0.018087,0.00624242,0.00329733,0.0233492,0.00830679,0.00418395,0,0.00221973
5912,4,0.0152748,0.00557548,0.00263145,0.0233107,0.0080612,0.0043667,0,0.00169344
5913,4,0.0146042,0.00561581,0.00256794,0.0233364,0.00808608,0.00487429,0,0.00172906
5914,4,0.0128577,0.00581321,0.00265488,0.0234004,0.00852995,0.00448223,0,0.00163118
5915,4,0.0223638,0.00757629,0.0042109,0.0898614,0.0173174,0.0150775,0,0.00173106
5916,4,0.0413905,0.0123957,0.00749172,0.167678,0.0313315,0.0251971,0,0.00304529
5917,4,0.0413905,0.0135077,0.00746923,0.167678,0.0323366,0.0255703,0,0.00307391
5918,4,0.0291017,0.0106151,0.00475606,0.082267,0.0237617,0.014549,0,0.00218948
5919,4,0.0181217,0.00797078,0.0034848,0.0344588,0.0176324,0.00718864,0,0.00175138
5920,4,0.0292743,0.00966865,0.00555549,0.114397,0.0216352,0.0216691,0,0.00164555
5921,4,0.116065,0.041481,0.0281613,0.599037,0.371965,0.11862,2,0.00213457
5922,4,0.0371462,0.0136472,0.00807542,0.382734,0.191559,0.0898251,0,0.00168578
5923,4,0.0201468,0.00750929,0.00409487,0.195799,0.0680316,0.0572717,0,0.00200182
5924,4,0.0287159,0.00697212,0.00477779,0.0628971,0.0202777,0.0102147,0,0.00275219
5925,4,0.0287159,0.0070438,0.00500279,0.0434602,0.0243429,0.00820498,0,0.00274675
5926,4,0.0242374,0.00691181,0.00452145,0.0459741,0.023387,0.0100673,0,0.00217839
5927,4,0.01918,0.0067571,0.00403632,0.0459741,0.0171317,0.0095481,0,0.00181985
5928,4,0.0180942,0.00675749,0.00339937,0.0404697,0.0163317,0.00876077,0,0.00176575
5929,4,0.0168929,0.00756808,0.00323688,0.0404697,0.0136685,0.00750226,0,0.00181929
5930,4,0.0168929,0.00784956,0.00290706,0.0242329,0.00956489,0.00440843,0,0.00158267
5931,4,0.0166132,0.00704214,0.00273341,0.0234789,0.00938698,0.00439064,0,0.00131726
5932,4,0.0166132,0.00655638,0.00287215,0.0267131,0.0107632,0.00503239,0,0.00155063
5933,4,0.0167354,0.00657984,0.00333605,0.0267131,0.0101598,0.00434075,0,0.0016807
5934,4,0.0167354,0.00591468,0.00311571,0.0172756,0.00859383,0.00316113,0,0.00151881
5935,4,0.0193795,0.00572093,0.00282024,0.0197199,0.00871403,0.00337864,0,0.00167468
5936,4,0.0293112,0.00803782,0.00557188,0.0360432,0.0118254,0.00655718,0,0.00264795
5937,4,0.0293112,0.008907,0.00541607,0.0397526,0.0131681,0.00781359,0,0.0024374
5938,4,0.0156712,0.00698054,0.00294938,0.0397526,0.0104333,0.00611665,0,0.00126638
5939,4,0.0172671,0.00618386,0.0026859,0.0182595,0.00958933,0.00350417,0,0.00176996
5940,6,0.0727598,0.0281266,0.0147362,0.390972,0.196211,0.0912738,3,0.00447156
5941,6,0.0727598,0.0159359,0.0158138,0.223056,0.0773347,0.0552811,2,0.00402762
5942,6,0.0138998,0.0057464,0.00268689,0.0669155,0.0242002,0.0147576,0,0.00173828
5943,6,0.0153376,0.00525526,0.00234336,0.0289791,0.0178685,0.00494859,0,0.00165402
5944,6,0.0153376,0.0053032,0.00247756,0.0289791,0.0188092,0.00422735,0,0.00169592
5945,6,0.0149957,0.00546514,0.00268897,0.028442,0.0141646,0.00507895,0,0.00157511
5946,6,0.0149957,0.005508,0.00268398,0.026703,0.00876627,0.0041912,0,0.00157483
5947,6,0.0129507,0.00553102,0.00253879,0.0168354,0.006562,0.00317586,0,0.0015845
5948,6,0.0129507,0.00580155,0.00243467,0.0167536,0.00614799,0.00295393,0,0.00169316
5949,6,0.0147863,0.00536527,0.00220081,0.016293,0.00567896,0.00255694,0,0.00160208
5950,6,0.0147863,0.00511455,0.00223985,0.0121008,0.0055307,0.00233019,0,0.00157272
5951,6,0.0120211,0.00499038,0.00227587,0.0121008,0.00549642,0.00237203,0,0.0014446
5952,6,0.0116361,0.00480064,0.00218437,0.013488,0.00557139,0.00234045,0,0.00147354
5953,6,0.0116371,0.00535966,0.00224686,0.013488,0.00591545,0.00236235,0,0.00151077
5954,6,0.0122079,0.00576328,0.00222682,0.0121439,0.00549031,0.00229501,0,0.00151165
5955,6,0.0151607,0.00584325,0.00244192,0.0124928,0.00541209,0.0022182,0,0.00164753
5956,6,0.0151607,0.00573162,0.00245628,0.01402,0.00580533,0.00235539,0,0.00171206
5957,6,0.286203,0.0661122,0.0598879,0.759746,0.380089,0.141655,1,0.00994203
5958,6,0.066371,0.0228821,0.0173266,0.362605,0.196622,0.0892286,2,0.00170794
5959,6,0.021381,0.0101733,0.00414749,0.175681,0.0792545,0.0490831,0,0.00166347
5960,6,0.0169468,0.00800551,0.00324043,0.0744252,0.0296431,0.0140518,0,0.00184255
5961,6,0.0165619,0.00795854,0.00370308,0.0462671,0.0218866,0.00604588,0,0.00227242
5962,6,0.0165619,0.0066308,0.00321332,0.0462671,0.0199588,0.00642593,0,0.00221415
5963,6,0.013229,0.00621723,0.00281697,0.0291126,0.0140861,0.00581249,0,0.00178651
5964,6,0.013229,0.00646718,0.00288469,0.0206343,0.00972585,0.00435261,0,0.00162588
5965,6,0.0148315,0.00650988,0.00257235,0.0212493,0.00878036,0.00391154,0,0.00126464
5966,6,0.0148315,0.00667565,0.00267484,0.0212493,0.00801836,0.00370006,0,0.00152871
5967,6,0.0131836,0.00613146,0.00265742,0.01335,0.0066219,0.00284885,0,0.00180048
5968,6,0.0139859,0.00567965,0.00270078,0.0178584,0.00684078,0.0030412,0,0.00162076
5969,6,0.0139859,0.00562976,0.00254736,0.0178584,0.0069668,0.00292024,0,0.0014004
5970,6,0.0137392,0.00623102,0.00261822,0.0137196,0.00705693,0.00290699,0,0.00155351
5971,6,0.0137392,0.00635752,0.00258902,0.0137196,0.00643566,0.00292173,0,0.00146644
5972,6,0.0117236,0.00570178,0.00225175,0.0124896,0.00572853,0.00247556,0,0.0013528
5973,6,0.0119926,0.00570484,0.00231105,0.0124896,0.0059468,0.0026931,0,0.00147483
5974,6,0.0119926,0.00540595,0.00209938,0.0134143,0.00568107,0.00297171,0,0.00141256
5975,6,0.0343674,0.00956754,0.00712212,0.060288,0.0173414,0.0166498,0,0.00325956
5976,1,0.6323,0.248474,0.10689,1.24372,0.644315,0.281061,5,0.0503311
5977,1,0.728634,0.28192,0.124723,1.06033,0.572965,0.249632,3,0.055995
5978,1,0.728634,0.279595,0.122326,1.06141,0.553226,0.227274,2,0.0559413
5979,1,0.676408,0.268404,0.111454,1.22582,0.531655,0.233281,2,0.0562322
5980,1,0.680919,0.273415,0.116168,1.32055,0.576756,0.248411,2,0.061049
5981,1,0.680919,0.282244,0.117772,1.32055,0.584181,0.246427,2,0.0645811
5982,1,0.623663,0.273069,0.114293,1.19657,0.535221,0.224681,2,0.0574177
5983,1,0.605049,0.264764,0.110709,1.04725,0.516528,0.21261,3,0.0549072
5984,1,0.618704,0.265201,0.112578,1.04725,0.510269,0.221972,2,0.0563135
5985,1,0.618704,0.258479,0.10903,1.26519,0.542014,0.251148,2,0.0523773
5986,1,0.563519,0.265881,0.100957,1.26519,0.575559,0.261902,3,0.0523541
5987,1,0.612125,0.274398,0.106713,1.18437,0.569003,0.242466,3,0.0600549
5988,1,0.612125,0.273795,0.111476,1.18437,0.556475,0.239444,2,0.0560404
5989,1,0.604755,0.271022,0.109445,1.19478,0.583404,0.249436,3,0.0559907
5990,1,0.546921,0.260924,0.103273,1.28115,0.728827,0.287183,4,0.0510109
5991,1,0.657156,0.270708,0.111099,1.15148,0.620637,0.255037,3,0.056805
5992,1,0.675203,0.275395,0.122754,1.29192,0.565743,0.267549,3,0.055137
5993,1,0.675203,0.270485,0.115248,1.29192,0.525747,0.243735,2,0.0479988
5994,1,0.705024,0.25626,0.107502,1.05656,0.476944,0.205948,2,0.0519042
5995,1,0.705024,0.258553,0.10942,1.04222,0.478259,0.219975,3,0.0542249
5996,1,0.608541,0.267393,0.108921,1.08482,0.531624,0.235139,3,0.0582986
5997,1,0.624053,0.275055,0.110152,1.08482,0.557657,0.228879,3,0.0589848
5998,1,0.656536,0.278311,0.112431,1.1661,0.554562,0.22652,3,0.0558839
5999,1,0.656536,0.271912,0.11244,1.1661,0.524472,0.220892,3,0.0539683
6000,1,0.589179,0.254303,0.105785,1.01569,0.493632,0.205266,3,0.0492598
6001,1,0.595536,0.234113,0.105338,1.37901,0.570551,0.247032,3,0.0520727
6002,1,0.595536,0.245209,0.106835,1.66171,0.683569,0.309402,2,0.0535827
6003,1,0.582578,0.264559,0.103622,1.66171,0.60433,0.310042,2,0.0556733
6004,3,1.09029,0.381986,0.216496,1.67516,0.626575,0.332391,3,0.0832338
6005,3,0.889266,0.34362,0.179751,1.75333,0.704758,0.385611,4,0.0689331
6006,3,1.20415,0.363226,0.219909,1.77339,0.818415,0.384606,4,0.0849406
6007,3,1.20415,0.381421,0.222519,1.77339,0.680146,0.300545,4,0.0875847
6008,3,0.981826,0.355819,0.198016,1.49446,0.732952,0.305764,4,0.0828791
6009,3,0.99167,0.377684,0.220807,1.49446,0.819534,0.29257,3,0.0962328
6010,3,0.99167,0.411175,0.220182,1.37851,0.707353,0.259049,5,0.103669
6011,3,1.04731,0.442217,0.208139,1.58368,0.735342,0.335829,5,0.0888811
6012,3,0.88808,0.408894,0.185247,1.96432,0.858172,0.459483,5,0.0812557
6013,3,1.13311,0.413644,0.209512,1.96432,0.9146,0.437783,5,0.0898047
6014,3,1.13311,0.43987,0.220717,1.39509,0.711009,0.282853,4,0.0868621
6015,3,0.977528,0.458732,0.210333,2.25117,0.888704,0.507855,6,0.0900033
6016,3,1.08277,0.468076,0.22302,2.25117,0.977398,0.496511,5,0.108351
6017,3,1.08277,0.451636,0.22754,1.69674,0.789639,0.304379,5,0.112728
6018,3,1.00892,0.419363,0.197011,1.70581,0.815968,0.329459,4,0.0872238
6019,3,0.864302,0.370586,0.163058,1.70581,0.789116,0.375981,3,0.0682105
6020,3,0.947402,0.350243,0.183373,1.70366,0.801013,0.363719,3,0.0791991
6021,3,0.947402,0.362771,0.204381,1.22749,0.681048,0.241974,3,0.0930913
6022,3,1.00776,0.369855,0.210225,2.18257,0.814444,0.439483,4,0.0962852
6023,3,1.00776,0.359556,0.190768,2.18257,0.894124,0.423617,4,0.082459
6024,3,0.906033,0.368605,0.190634,1.32001,0.723853,0.240715,4,0.0844938
6025,3,0.966163,0.365349,0.217323,1.05728,0.586129,0.229248,4,0.0982757
6026,2,0.687716,0.310792,0.129529,1.36422,0.755801,0.248528,5,0.052192
6027,2,0.615621,0.289477,0.116022,1.27925,0.569031,0.220602,4,0.0443518
6028,2,0.615621,0.292016,0.114868,2.2056,0.79358,0.533029,4,0.0427547
6029,2,0.655891,0.291167,0.112479,2.2056,0.836198,0.506665,3,0.0465415
6030,2,0.655891,0.281347,0.103819,0.978463,0.550431,0.155633,4,0.0459492
6031,2,0.598475,0.291402,0.107985,1.14233,0.599915,0.221587,4,0.03939
6032,2,0.645513,0.294028,0.111189,1.14233,0.713134,0.218618,4,0.043723
6033,2,0.699634,0.285651,0.116371,1.01033,0.626972,0.207962,4,0.0475302
6034,2,0.763242,0.302714,0.113815,1.3981,0.774931,0.21875,4,0.0456435
6035,2,0.607698,0.29055,0.108631,1.06249,0.611632,0.19114,4,0.0423381
6036,2,0.607698,0.289519,0.107568,1.85672,0.746471,0.443503,4,0.0379474
6037,2,0.640844,0.299039,0.11382,1.85672,0.725633,0.458476,3,0.0424583
6038,2,0.640844,0.300367,0.114849,0.92966,0.532741,0.20086,5,0.0430116
6039,2,0.580289,0.289028,0.111073,1.07865,0.577035,0.215187,3,0.0350407
6040,2,0.580289,0.28815,0.110606,1.07865,0.636384,0.187728,4,0.0326069
6041,2,0.66623,0.288988,0.113961,1.05547,0.62649,0.169834,4,0.0477795
6042,2,0.66623,0.284042,0.116827,1.05547,0.504579,0.214597,4,0.0530248
6043,2,0.674235,0.304574,0.114988,1.51693,0.96353,0.235182,4,0.0404205
6044,2,0.674235,0.296445,0.120032,1.51693,0.706104,0.246712,5,0.0425485
6045,2,0.673511,0.292144,0.126215,2.29607,0.785251,0.540302,4,0.0504659
6046,2,0.756651,0.292457,0.138292,2.29607,0.804413,0.535003,4,0.0551623
6047,2,0.756651,0.278005,0.127145,1.09015,0.570776,0.16847,4,0.0515258
6048,2,0.668979,0.298466,0.108938,1.24514,0.599052,0.240791,4,0.0464936
6049,2,0.717208,0.312452,0.120254,1.24514,0.655971,0.226956,4,0.0516524
6050,2,0.717208,0.28963,0.107845,0.992865,0.645285,0.145415,3,0.0471434
6051,5,0.109049,0.0471304,0.0256345,0.375207,0.131799,0.084667,2,0.00501359
6052,5,0.0612199,0.0223393,0.0139744,0.325931,0.0801687,0.0776105,3,0.00346069
6053,5,0.0415156,0.0100117,0.00645183,0.103594,0.0241313,0.0208337,0,0.002251
6054,5,0.0149273,0.00644349,0.00323801,0.0704813,0.0229948,0.0163711,0,0.00157311
6055,5,0.0177823,0.00749199,0.00400547,0.0704813,0.0244793,0.0153652,0,0.00159623
6056,5,0.0185599,0.00848927,0.00400191,0.0380391,0.0176183,0.00624657,0,0.00183704
6057,5,0.0185599,0.00827393,0.00335932,0.0323425,0.017655,0.00629557,0,0.00179747
6058,5,0.0147813,0.00654974,0.00302327,0.0399151,0.0169885,0.00812866,0,0.00132447
6059,5,0.0135934,0.00540442,0.00261884,0.0399151,0.0145558,0.00800466,0,0.00149708
6060,5,0.0131373,0.00648603,0.00311205,0.0676167,0.0169385,0.0126927,0,0.00174765
6061,5,0.025055,0.00939288,0.0046111,0.0676167,0.020717,0.0128816,0,0.00206337
6062,5,0.025055,0.010303,0.00483594,0.0423572,0.016993,0.00894615,0,0.00229064
6063,5,0.0225388,0.0083615,0.0042277,0.0362,0.0133495,0.00788685,0,0.00208187
6064,5,0.0162702,0.00749937,0.00332222,0.0295879,0.012783,0.00679065,0,0.00173818
6065,5,0.0184053,0.00737904,0.00310211,0.027949,0.0119916,0.00530242,0,0.00164269
6066,5,0.0184053,0.00652766,0.00297754,0.0253092,0.01142,0.00510777,0,0.00154042
6067,5,0.0149767,0.00607401,0.00265279,0.0315766,0.0140019,0.0064904,0,0.00152631
6068,5,0.0149767,0.00712875,0.00299232,0.0315766,0.0134252,0.00582178,0,0.00138701
6069,5,0.0213906,0.00942064,0.00362287,0.017794,0.0106058,0.00383034,0,0.00182254
6070,5,0.0213906,0.00765441,0.0044072,0.0196811,0.00976886,0.00388047,0,0.0017833
6071,5,0.0127556,0.00527844,0.00271963,0.043056,0.0116101,0.00874968,0,0.00132592
6072,5,0.020162,0.00784734,0.00404259,0.043056,0.0154641,0.00946348,0,0.00159819
6073,5,0.0235198,0.0107277,0.00470219,0.0451055,0.0173154,0.00901145,0,0.00160637
6074,5,0.0308826,0.0136617,0.00676468,0.0549143,0.0234967,0.0144915,0,0.00154379
6075,5,0.0308826,0.0126636,0.00676278,0.0549143,0.0284804,0.0155201,0,0.00140107
6076,5,0.168911,0.0798217,0.0537728,0.353407,0.185772,0.0636287,3,0.0056461
6077,5,0.142947,0.0422849,0.0309373,0.279274,0.143694,0.0545448,3,0.00570658
6078,5,0.154414,0.0692782,0.0368941,0.456284,0.164938,0.0984154,2,0.00889316
6079,5,0.154414,0.0586897,0.0379617,0.456284,0.131893,0.112908,3,0.00877864
6080,5,0.0575793,0.0195266,0.0174173,0.131387,0.0498051,0.0371197,3,0.00188971
6081,5,0.0165327,0.00730928,0.0033426,0.106689,0.0254305,0.0273997,0,0.00156409
6082,5,0.0173805,0.00727886,0.00359222,0.0324759,0.0131824,0.00530648,0,0.00178628
6083,5,0.0563268,0.0148348,0.012233,0.14624,0.0326132,0.0298205,2,0.0042245
6084,5,0.0563268,0.0207524,0.0117794,0.14624,0.0502428,0.0340673,0,0.00455569
6085,5,0.0437509,0.0145537,0.00935843,0.141891,0.0382664,0.0286841,0,0.00384422
6086,5,0.0302231,0.00830987,0.00483017,0.0620309,0.0193471,0.0120208,0,0.00306533
6087,5,0.0246533,0.00757425,0.00454623,0.0644584,0.0189493,0.011792,0,0.00201963
6088,5,0.0246533,0.00913194,0.00521477,0.0644584,0.0243886,0.0120776,0,0.00255425
6089,5,0.0219774,0.00863663,0.00450779,0.0619533,0.0201793,0.0118463,0,0.00242841
6090,5,0.0323458,0.00983499,0.00579805,0.141837,0.0358525,0.0329204,0,0.00213735
6091,5,0.0323458,0.0116285,0.00608673,0.141837,0.0533275,0.0307901,0,0.00242854
6092,5,0.149342,0.0242219,0.0266344,0.540111,0.0790094,0.0901146,1,0.00995138
6093,5,0.149342,0.0230713,0.0272508,0.540111,0.0608975,0.0958062,1,0.0100048
6094,5,0.0258773,0.00773891,0.00462048,0.0326478,0.0145166,0.00646391,0,0.00146277
6095,4,0.293663,0.0796,0.0897877,0.21457,0.146814,0.0286271,1,0.00318732
6096,4,0.0249909,0.0121992,0.00567191,0.164576,0.11075,0.0271527,0,0.00193498
6097,4,0.0181362,0.00771607,0.00349799,0.126349,0.0603177,0.0354965,0,0.00191747
6098,4,0.0169716,0.00663083,0.00332249,0.0480557,0.021433,0.0114278,0,0.00164158
6099,4,0.0169716,0.00646989,0.00339011,0.0270784,0.0124294,0.00461491,0,0.00146354
6100,4,0.0172054,0.00721475,0.00364284,0.0262026,0.0102829,0.00472517,0,0.00187424
6101,4,0.0172054,0.0069754,0.0034563,0.0430367,0.00975852,0.00660826,0,0.00193186
6102,4,0.0260986,0.00907647,0.0053256,0.0430367,0.0114939,0.00786701,0,0.00173108
6103,4,0.0260986,0.0095587,0.00552351,0.0345161,0.0102357,0.00673196,0,0.00181249
6104,4,0.0168792,0.00560921,0.00374344,0.0213085,0.00730634,0.00401956,0,0.00172754
6105,4,0.0168792,0.00482764,0.00307156,0.0164232,0.00652082,0.00294292,0,0.00158251
6106,4,0.0130792,0.00556253,0.00294717,0.0204926,0.00765554,0.0039423,0,0.00152811
6107,4,0.0153986,0.00590331,0.00270287,0.023611,0.00756329,0.00457323,0,0.00159225
6108,4,0.0215342,0.00657807,0.00315991,0.0251657,0.00921643,0.00657795,0,0.00192119
6109,4,0.0215342,0.00628179,0.00338593,0.0251657,0.00887422,0.00644275,0,0.00206266
6110,4,0.019722,0.00666807,0.00391407,0.0489079,0.0108583,0.0104738,0,0.00190289
6111,4,0.0582875,0.0229502,0.0142635,0.460907,0.304409,0.111934,3,0.00299372
6112,4,0.029024,0.0108851,0.00571298,0.318143,0.148301,0.0778462,0,0.00194202
6113,4,0.0232236,0.00911516,0.00387035,0.142536,0.0576236,0.0412652,0,0.00167572
6114,4,0.018192,0.00926124,0.0036523,0.0434603,0.0230988,0.00895646,0,0.00153724
6115,4,0.0216688,0.00970009,0.00465592,0.0671859,0.0277645,0.0132852,0,0.00163997
6116,4,0.0373209,0.00948505,0.00624731,0.139566,0.0341906,0.0217026,0,0.00314344
6117,4,0.0627109,0.01625,0.0111648,0.149555,0.0384862,0.0302806,0,0.00623573
6118,4,0.0627109,0.0181995,0.00963934,0.149555,0.0342142,0.0260433,0,0.00581166
6119,4,0.0241545,0.00921729,0.00605434,0.0737093,0.0168072,0.0125758,0,0.003025
6120,4,0.0204228,0.00612371,0.00323579,0.0443317,0.0127928,0.0107883,0,0.00136202
6121,4,0.0270858,0.00963302,0.00605597,0.0443317,0.0181663,0.0111459,0,0.00147127
6122,4,0.0270858,0.0111764,0.00588391,0.0319875,0.0151118,0.00797847,0,0.00158511
6123,4,0.0182347,0.00942486,0.0043035,0.025431,0.0126407,0.00533354,0,0.00157578
6124,4,0.01644,0.00788871,0.00361395,0.0254992,0.0123023,0.00575237,0,0.00169399
6125,4,0.0159117,0.00755146,0.00354918,0.0271399,0.0110405,0.00591117,0,0.00161345
6126,4,0.0186532,0.00770408,0.0039791,0.0324221,0.011348,0.00583939,0,0.00176382
6127,4,0.0207455,0.00887228,0.00454794,0.0324221,0.0125421,0.00679309,0,0.00179633
6128,6,0.136167,0.0514032,0.03624,0.511209,0.318366,0.111356,2,0.00329729
6129,6,0.0451136,0.0152697,0.00863659,0.325409,0.150016,0.0837938,0,0.00206235
6130,6,0.0223949,0.00993244,0.00438822,0.13833,0.052792,0.0353038,0,0.00162656
6131,6,0.0173714,0.00710905,0.00342046,0.0561998,0.0255793,0.00864834,0,0.00152941
6132,6,0.0144243,0.0066132,0.002997,0.034474,0.0225416,0.00510277,0,0.00186096
6133,6,0.0144243,0.00745853,0.00297756,0.0392349,0.0204737,0.00572864,0,0.00185904
6134,6,0.0210757,0.00837058,0.0044272,0.0392349,0.0176537,0.00789687,0,0.00186328
6135,6,0.0210757,0.00808866,0.00451774,0.035461,0.0113881,0.00728815,0,0.00200767
6136,6,0.0157835,0.00704625,0.00300244,0.028616,0.00858692,0.00468526,0,0.00170097
6137,6,0.0148803,0.00703337,0.00304154,0.0238433,0.00933499,0.00452324,0,0.00164064
6138,6,0.0135177,0.00642092,0.0030225,0.0238433,0.00918297,0.00431641,0,0.00161918
6139,6,0.016151,0.00655933,0.00318193,0.01879,0.00841675,0.00388428,0,0.00166135
6140,6,0.016151,0.00666807,0.00295914,0.0179625,0.00793327,0.00370641,0,0.00160978
6141,6,0.0137501,0.00731679,0.00291845,0.0207625,0.00960451,0.00472468,0,0.00135055
6142,6,0.0137501,0.00744277,0.00285578,0.0213174,0.0097294,0.00483677,0,0.00141482
6143,6,0.0173669,0.00703525,0.00344912,0.0266753,0.0100135,0.00513793,0,0.00159075
6144,6,0.0235351,0.00846551,0.00431673,0.0385909,0.0122394,0.00663664,0,0.00248305
6145,6,0.0235351,0.00927283,0.00394899,0.0446914,0.0138203,0.00837715,0,0.00240181
6146,6,0.0342276,0.0100615,0.00530041,0.0570303,0.0156717,0.011001,0,0.00270251
6147,6,0.0342276,0.0107813,0.00561253,0.0570303,0.0162907,0.0112587,0,0.0033126
6148,6,0.0260075,0.00907989,0.00434236,0.0416975,0.0135237,0.00855429,0,0.00265274
6149,6,0.0192078,0.0075498,0.00351681,0.035153,0.0108156,0.00749901,0,0.00184083
6150,6,0.0336567,0.0106159,0.00596757,0.0752836,0.0197665,0.015173,0,0.00315042
6151,6,0.199725,0.0510566,0.0338303,0.526662,0.239679,0.111885,1,0.00658576
6152,6,0.0533666,0.0259548,0.0152479,0.241748,0.0985928,0.0604451,4,0.00202694
6153,6,0.0260611,0.0096793,0.00551021,0.082437,0.0378503,0.0197337,0,0.00186987
6154,6,0.0248534,0.0101258,0.0058457,0.0653158,0.0335069,0.0139025,0,0.00189451
6155,6,0.0248534,0.0127416,0.0051124,0.0653158,0.0319037,0.0126132,0,0.0015878
6156,6,0.0229,0.0108285,0.00474947,0.0679893,0.0269337,0.00960356,0,0.0016793
6157,6,0.0229,0.00912412,0.00439907,0.0679893,0.0228636,0.0117292,0,0.0017055
6158,6,0.0260849,0.00960833,0.00422243,0.0429224,0.0187064,0.00825209,0,0.00212759
6159,6,0.0260849,0.00913992,0.00418617,0.0429224,0.0159471,0.00893069,0,0.00214843
6160,6,0.0184414,0.00791137,0.00296849,0.0346353,0.0140547,0.00664271,0,0.0017065
6161,6,0.0184414,0.0082172,0.00304972,0.0346353,0.0134338,0.00711314,0,0.00161059
6162,6,0.0203161,0.0089322,0.00386154,0.040244,0.0163771,0.01036,0,0.0012324
6163,6,0.0203161,0.00915444,0.00393733,0.040244,0.0178731,0.00958483,0,0.00154722
6164,6,0.0314635,0.00905497,0.00463728,0.0506745,0.0187571,0.00999455,0,0.00192596
6165,6,0.0314635,0.00820367,0.00488655,0.0506745,0.0181966,0.0105368,0,0.00185886
6166,1,0.570709,0.241834,0.112872,1.60444,0.78146,0.303021,2,0.0478613
6167,1,0.576634,0.256466,0.110039,1.61921,0.638575,0.288427,2,0.0546905
6168,1,0.766105,0.27471,0.1248,1.6655,0.628876,0.308761,2,0.0566175
6169,1,0.766105,0.28873,0.134874,1.6655,0.619539,0.331698,3,0.0595902
6170,1,0.722952,0.279138,0.124047,1.55082,0.567465,0.305975,3,0.0585151
6171,1,0.728903,0.266582,0.109673,1.64421,0.53616,0.297464,4,0.0593804
6172,1,0.728903,0.262347,0.109497,1.80319,0.554707,0.343299,3,0.0572446
6173,1,0.724131,0.264645,0.11079,1.80319,0.612118,0.35822,2,0.059174
6174,1,0.724131,0.260167,0.107799,1.66522,0.583668,0.302619,2,0.063814
6175,1,0.589138,0.251362,0.109041,1.44927,0.567794,0.265991,2,0.0571453
6176,1,0.589138,0.265015,0.119381,1.64312,0.594432,0.290727,3,0.0528882
6177,1,0.583408,0.268924,0.115872,1.64312,0.596119,0.290783,3,0.0512396
6178,1,0.654427,0.257633,0.105181,1.383,0.571661,0.272451,2,0.0521275
6179,1,0.654427,0.247392,0.104976,1.70623,0.574266,0.299552,3,0.0531634
6180,1,0.732295,0.251488,0.115506,1.64888,0.847586,0.360974,2,0.0524738
6181,1,0.60882,0.257857,0.10164,1.37843,0.668613,0.285249,2,0.0555938
6182,1,0.623679,0.244826,0.108464,1.63073,0.640447,0.312123,2,0.0576302
6183,1,0.657639,0.261048,0.119736,1.63073,0.607431,0.32516,3,0.0583032
6184,1,0.657639,0.274025,0.11162,1.55595,0.568147,0.304112,3,0.0584591
6185,1,0.612199,0.259011,0.0976806,1.6646,0.56538,0.306728,2,0.053212
6186,1,0.628558,0.253631,0.102612,1.6646,0.581794,0.308297,2,0.0521161
6187,1,0.655842,0.260997,0.103881,1.66553,0.650236,0.337498,2,0.0527315
6188,1,0.655842,0.262535,0.0989769,1.75297,0.657386,0.34647,2,0.0532106
6189,1,0.647026,0.254045,0.101603,1.75297,0.568274,0.327506,2,0.0514723
6190,1,0.647026,0.271208,0.11128,1.60028,0.562259,0.306991,3,0.0537677
6191,1,0.625076,0.271028,0.112156,1.60028,0.592997,0.293036,2,0.0510458
6192,1,0.663555,0.257568,0.109421,1.46663,0.586699,0.301578,3,0.0610357
6193,1,0.663555,0.25267,0.112663,1.69081,0.567636,0.318683,3,0.0676244
6194,1,0.604966,0.243903,0.110442,1.69081,0.593866,0.308484,3,0.061317
6195,3,1.10655,0.325074,0.213066,1.58021,0.754848,0.353171,4,0.0898474
6196,3,1.00747,0.343962,0.206536,1.80942,0.655988,0.316768,5,0.0935288
6197,3,0.985014,0.347094,0.20925,2.27735,0.838604,0.426256,5,0.0896698
6198,3,1.08272,0.350117,0.222121,2.27735,0.905337,0.401645,4,0.0987553
6199,3,1.08669,0.351969,0.225758,2.05153,0.881466,0.408847,4,0.102895
6200,3,1.08669,0.373123,0.223186,2.05153,0.932714,0.414281,4,0.0992942
6201,3,1.02044,0.409494,0.222697,2.15979,0.909029,0.374831,4,0.105092
6202,3,1.02044,0.402598,0.210153,2.4099,0.86564,0.422553,5,0.100674
6203,3,1.01208,0.421201,0.209002,2.06552,0.893763,0.36732,5,0.0851138
6204,3,1.00302,0.393701,0.188085,1.88037,0.961636,0.406548,4,0.0791416
6205,3,1.09893,0.384725,0.214472,2.98049,0.991408,0.458762,4,0.0905502
6206,3,1.10758,0.41242,0.251933,2.98049,0.858488,0.410415,5,0.117951
6207,3,1.10758,0.351111,0.248099,2.36179,0.840887,0.40268,3,0.112061
6208,3,1.04496,0.329355,0.215297,2.53331,0.870786,0.416375,3,0.0968658
6209,3,1.11013,0.383889,0.219536,2.53331,0.828607,0.346652,5,0.110612
6210,3,1.11013,0.379159,0.210008,1.46516,0.754878,0.320865,4,0.0959478
6211,3,1.07802,0.36279,0.20223,1.76567,0.860032,0.344024,3,0.0929902
6212,3,1.07802,0.379715,0.204266,1.66518,0.686624,0.289067,5,0.0942571
6213,3,0.980916,0.372473,0.208005,2.5857,0.960348,0.617767,5,0.0831603
6214,3,0.980916,0.381697,0.219252,2.5857,0.990789,0.60606,4,0.0945265
6215,3,0.801229,0.318059,0.146089,1.23285,0.705536,0.248818,2,0.0634406
6216,3,1.00344,0.361224,0.175554,1.24157,0.659863,0.253547,4,0.0766804
6217,2,0.704879,0.30058,0.123318,1.52197,0.921534,0.236291,5,0.0527528
6218,2,0.651633,0.300207,0.114951,1.11017,0.669172,0.211636,5,0.0510684
6219,2,0.639535,0.30154,0.106586,2.08441,0.78646,0.46904,4,0.0454912
6220,2,0.62794,0.290398,0.104987,2.08441,0.818489,0.474449,3,0.0409707
6221,2,0.657328,0.277511,0.123118,1.24354,0.601461,0.241166,3,0.047806
6222,2,0.657328,0.281626,0.12103,1.27164,0.628142,0.214402,3,0.0506301
6223,2,0.651653,0.286675,0.108721,1.27164,0.684061,0.192264,3,0.0484744
6224,2,0.595066,0.282333,0.105358,1.21638,0.648007,0.184198,4,0.0453246
6225,2,0.768407,0.278744,0.119456,0.894304,0.582389,0.204872,5,0.0553397
6226,2,0.633304,0.287473,0.107531,1.47975,0.926022,0.242023,5,0.0430469
6227,2,0.585294,0.27134,0.105378,1.24341,0.677689,0.215229,4,0.0436714
6228,2,0.637789,0.281406,0.112482,1.40189,0.620487,0.243082,4,0.0517755
6229,2,0.637789,0.28644,0.115579,1.40189,0.736056,0.271998,4,0.0534252
6230,2,0.618068,0.272438,0.107738,1.21152,0.709658,0.226794,4,0.0459425
6231,2,0.799831,0.271289,0.110245,1.58347,0.75544,0.351493,4,0.0522953
6232,2,0.799831,0.282157,0.116324,1.58347,0.782041,0.35071,4,0.0552557
6233,2,0.626056,0.289488,0.113736,1.29993,0.662895,0.185865,4,0.0483076
6234,2,0.598208,0.279785,0.11248,1.0843,0.604326,0.166122,4,0.0427389
6235,2,0.831107,0.297833,0.123871,1.37485,0.830735,0.229568,4,0.0482577
6236,2,0.763371,0.288605,0.117469,1.19007,0.607405,0.226804,4,0.0469557
6237,2,0.782671,0.290208,0.138723,1.19007,0.618879,0.242041,3,0.056383
6238,2,0.782671,0.298202,0.130728,1.46202,0.741765,0.289188,2,0.0515919
6239,2,0.61408,0.299879,0.116346,1.46202,0.698041,0.299083,4,0.0418723
6240,2,0.777386,0.288103,0.125559,1.58066,0.744959,0.290826,5,0.0513582
6241,2,0.777386,0.289541,0.130074,1.58066,0.769919,0.261372,5,0.0548809
6242,2,0.671809,0.296905,0.118361,0.995121,0.637819,0.187285,4,0.0444247
6243,5,0.10189,0.0412979,0.0185718,0.410687,0.13746,0.0799313,4,0.00787724
6244,5,0.130755,0.0503803,0.029743,0.647981,0.205869,0.160292,1,0.00572748
6245,5,0.130755,0.0512412,0.0293531,0.647981,0.206698,0.157151,1,0.0043804
6246,5,0.0987558,0.036408,0.0207345,0.287942,0.127073,0.056132,3,0.00596995
6247,5,0.0987558,0.0339081,0.0184304,0.287942,0.103491,0.0584037,3,0.00601361
6248,5,0.054774,0.0230973,0.0128122,0.1545,0.0562082,0.0307032,3,0.00342646
6249,5,0.0425658,0.0174492,0.00915228,0.0935527,0.0421767,0.0180603,0,0.00211423
6250,5,0.0425658,0.0162147,0.00802779,0.0735458,0.0363012,0.0168487,0,0.00223043
6251,5,0.087859,0.0201603,0.0158861,0.273307,0.0640642,0.0567141,2,0.00473153
6252,5,0.087859,0.0251513,0.015833,0.273307,0.0908883,0.0618204,3,0.00545815
6253,5,0.0498877,0.0185713,0.0104871,0.251028,0.0748809,0.0502694,0,0.0040799
6254,5,0.054311,0.0146369,0.0108492,0.226808,0.0555155,0.0502931,0,0.00356226
6255,5,0.054311,0.0145055,0.0108048,0.226808,0.0553768,0.0503881,0,0.00412673
6256,5,0.0433316,0.0130237,0.00847609,0.164608,0.0513494,0.0333206,0,0.00338267
6257,5,0.0352314,0.00983115,0.00668428,0.114739,0.0289475,0.0204412,0,0.00231145
6258,5,0.0437088,0.0121932,0.00938794,0.18321,0.0371382,0.0399124,0,0.00366575
6259,5,0.0632686,0.0199675,0.0122913,0.283183,0.0798648,0.0593598,0,0.00539445
6260,5,0.0632686,0.0223301,0.0106805,0.283183,0.075026,0.052535,0,0.00497891
6261,5,0.0377769,0.0179686,0.00794787,0.106073,0.0350054,0.0202522,0,0.00247313
6262,5,0.0261032,0.0121912,0.00535125,0.0565549,0.0182335,0.0119826,0,0.00159956
6263,5,0.0214269,0.00868486,0.00410767,0.0299552,0.0131193,0.00575198,0,0.00195476
6264,5,0.108491,0.0370664,0.0212179,0.229743,0.104185,0.039999,2,0.00428664
6265,5,0.0502049,0.0213603,0.0135175,0.156118,0.0912405,0.0270348,2,0.00250521
6266,5,0.0235889,0.00973632,0.0044678,0.154019,0.0736995,0.0319975,0,0.00216729
6267,5,0.0212607,0.0102471,0.00387112,0.116881,0.0434813,0.0246364,0,0.00190178
6268,5,0.0277504,0.0127708,0.00475904,0.095006,0.043628,0.0204518,0,0.00171154
6269,5,0.0277504,0.0135461,0.00556314,0.095006,0.0531837,0.0203768,0,0.00195325
6270,5,0.0309743,0.013122,0.00655379,0.112561,0.0495093,0.0225635,0,0.00255945
6271,5,0.0452988,0.0185219,0.00995306,0.127886,0.0592359,0.0250485,0,0.00320662
6272,5,0.0452988,0.0207013,0.0109998,0.127886,0.058231,0.030651,0,0.00304882
6273,5,0.173904,0.0459025,0.0462705,0.556318,0.146887,0.133688,2,0.00930427
6274,5,0.173904,0.0714523,0.0426938,0.556318,0.223776,0.124335,2,0.0100614
6275,5,0.187037,0.0740811,0.0390854,0.646005,0.229501,0.139128,4,0.00903723
6276,5,0.187037,0.0656575,0.0417994,0.776546,0.252301,0.171542,3,0.0142657
6277,5,0.16284,0.0553361,0.0368235,0.903859,0.312497,0.224715,3,0.0139607
6278,5,0.127966,0.0495929,0.0316349,0.903859,0.27017,0.207296,2,0.00740741
6279,5,0.115771,0.0554382,0.0291325,0.435668,0.191649,0.1028,4,0.00711222
6280,5,0.115771,0.0572089,0.0308922,0.47979,0.178528,0.116664,6,0.00797723
6281,5,0.108041,0.0456352,0.0266346,0.561437,0.183684,0.137252,4,0.0077194
6282,5,0.214055,0.0894768,0.0545981,0.86388,0.295689,0.214069,2,0.0114112
6283,5,0.283188,0.12971,0.0537515,0.86388,0.345082,0.204791,4,0.0178155
6284,5,0.283188,0.102092,0.0606421,0.706365,0.298656,0.141505,3,0.0207466
6285,5,0.227649,0.0679269,0.0414374,0.618158,0.23341,0.116209,3,0.0176327
6286,4,0.172122,0.0792738,0.0558336,0.318738,0.0807003,0.0572551,3,0.00677534
6287,4,0.0852921,0.0216331,0.0187089,0.0878369,0.039112,0.0174416,0,0.00204938
6288,4,0.0323466,0.012973,0.00536457,0.0960683,0.0248279,0.0145809,0,0.00246768
6289,4,0.0301579,0.00963204,0.00487401,0.0960683,0.0158535,0.0132548,0,0.00256792
6290,4,0.0281879,0.00915482,0.00615751,0.0766634,0.0168037,0.0159121,0,0.0021196
6291,4,0.0563653,0.0214829,0.0131562,0.0766634,0.0298816,0.0193195,3,0.00199076
6292,4,0.0563653,0.0208691,0.0129653,0.0639486,0.0310968,0.0126851,3,0.00176668
6293,4,0.0182359,0.0099403,0.00409892,0.0493226,0.0190821,0.00901724,0,0.00172431
6294,4,0.0252939,0.0115544,0.00497549,0.0493226,0.0163183,0.00933215,0,0.00208298
6295,4,0.0252939,0.0105159,0.00511638,0.0626922,0.0190694,0.0117844,0,0.00220726
6296,4,0.0251264,0.00739269,0.00396272,0.148854,0.0229994,0.0257839,0,0.00209262
6297,4,0.0415212,0.0133635,0.00972473,0.148854,0.0287809,0.0256237,0,0.00297684
6298,4,0.0455643,0.0174296,0.008772,0.0632524,0.0292296,0.012558,0,0.00385286
6299,4,0.0455643,0.0128276,0.00692787,0.0554103,0.0252269,0.0121324,0,0.00340533
6300,4,0.0502796,0.0147263,0.00944182,0.136652,0.033662,0.0216567,0,0.00435452
6301,4,0.0502796,0.0187509,0.0102879,0.196415,0.0417609,0.0313666,0,0.0055131
6302,4,0.0534445,0.0187152,0.0105943,0.222337,0.0431048,0.0385712,0,0.00693537
6303,4,0.0638952,0.0254488,0.0146735,0.222337,0.0705058,0.0501826,4,0.00916781
6304,4,0.0845207,0.0366275,0.017795,0.340232,0.0858709,0.0545363,3,0.0113067
6305,4,0.0845207,0.0330445,0.0206853,0.340232,0.0603263,0.0486774,5,0.0112725
6306,4,0.238922,0.0843116,0.0476044,0.375783,0.18928,0.067969,1,0.00583677
6307,4,0.100305,0.0409718,0.0265168,0.2563,0.129947,0.0572727,2,0.00363926
6308,4,0.0730631,0.0298802,0.0183387,0.180424,0.0874202,0.0383176,3,0.00321525
6309,4,0.0730631,0.0320872,0.0160828,0.128651,0.0584955,0.0295592,2,0.00334874
6310,4,0.0525923,0.0209794,0.0100719,0.10213,0.0384887,0.0207541,0,0.00366205
6311,4,0.0695491,0.0199102,0.0124575,0.108371,0.0452734,0.025506,2,0.00386931
6312,4,0.0695491,0.015364,0.0132312,0.108371,0.0367504,0.0271621,3,0.00321645
6313,4,0.0327212,0.0130347,0.00688959,0.080411,0.0234393,0.0168215,0,0.00177751
6314,4,0.0327212,0.0140075,0.00671447,0.080411,0.0227008,0.0170791,0,0.00215181
6315,4,0.0286344,0.0123723,0.00571447,0.0632428,0.0201933,0.0117295,0,0.00308677
6316,4,0.0286344,0.0138969,0.00557199,0.0637353,0.0244685,0.0133227,0,0.00294776
6317,4,0.0428338,0.0166446,0.00892663,0.0988104,0.0334092,0.0227384,0,0.00220293
6318,4,0.0428338,0.0174772,0.00976496,0.0988104,0.0379906,0.0245998,0,0.00261117
6319,4,0.0394905,0.0134327,0.00761617,0.0985193,0.028533,0.0209452,0,0.0024692
6320,4,0.0293969,0.0104376,0.0055087,0.073313,0.0190316,0.0148356,0,0.00239538
6321,4,0.0208987,0.0099315,0.00426179,0.0541344,0.017221,0.0100324,0,0.00253159
6322,4,0.0208987,0.0096508,0.00399485,0.0541344,0.0183148,0.0103985,0,0.00220766
6323,4,0.0203967,0.00868591,0.00405053,0.0508768,0.017608,0.00879172,0,0.00208431
6324,4,0.0270429,0.0107913,0.00574051,0.0519627,0.0191579,0.0094279,0,0.00257832
6325,4,0.035541,0.013297,0.00690705,0.0633249,0.0234967,0.0132464,0,0.00331506
6326,4,0.0563301,0.0176446,0.00992548,0.135869,0.0422188,0.0300969,0,0.00371285
6327,4,0.073253,0.0266058,0.0137029,0.181093,0.0656835,0.0384328,3,0.0052252
6328,4,0.0852798,0.031213,0.0158547,0.207379,0.072386,0.0467624,2,0.00562764
6329,6,0.124691,0.0396243,0.0248418,0.672049,0.310528,0.143583,1,0.00314934
6330,6,0.0354788,0.0152652,0.00767081,0.486779,0.143433,0.104473,0,0.00250788
6331,6,0.0471822,0.0156581,0.0117727,0.29,0.0629349,0.0514353,1,0.00223642
6332,6,0.0471822,0.0175137,0.0116583,0.29,0.0450841,0.0499011,2,0.00213023
6333,6,0.0327585,0.0106978,0.00637223,0.0455671,0.0251863,0.00792239,0,0.00126743
6334,6,0.0153837,0.00640548,0.0032057,0.0375146,0.0174805,0.00736545,0,0.00125126
6335,6,0.0155226,0.00508838,0.00232225,0.0231399,0.0109323,0.00454812,0,0.00155687
6336,6,0.0187578,0.005084,0.00298373,0.016766,0.0081233,0.0033893,0,0.00192343
6337,6,0.0187578,0.00614565,0.00356055,0.0677297,0.0118235,0.0139091,0,0.00172938
6338,6,0.017607,0.00755345,0.00326743,0.0677297,0.0162653,0.0141401,0,0.00130201
6339,6,0.0146874,0.00733813,0.0029876,0.055094,0.0140171,0.0103874,0,0.00144068
6340,6,0.0510694,0.0121426,0.0110637,0.283502,0.0481923,0.0720584,2,0.00274067
6341,6,0.0889703,0.0229439,0.0155059,0.466773,0.109568,0.0970569,4,0.00807039
6342,6,0.102164,0.0349394,0.0184163,0.712766,0.163891,0.12052,4,0.0105447
6343,6,0.102164,0.0437207,0.0185063,0.712766,0.160851,0.110137,5,0.00980591
6344,6,0.093295,0.0401206,0.017487,0.327307,0.118572,0.0673362,5,0.00803475
6345,6,0.0815461,0.0299875,0.0137073,0.281204,0.110664,0.0611431,3,0.0063558
6346,6,0.0639964,0.0206898,0.0103888,0.253845,0.0775507,0.0587027,0,0.00478596
6347,6,0.191929,0.0785924,0.0355766,0.589077,0.317958,0.112675,2,0.0107419
6348,6,0.0872082,0.0460766,0.0237429,0.543801,0.166454,0.0986531,2,0.00717224
6349,6,0.0561966,0.0207914,0.0122666,0.226308,0.0731629,0.0474093,3,0.00535488
6350,6,0.0391472,0.0181179,0.00706869,0.160091,0.0497075,0.0263311,0,0.0039308
6351,6,0.0940811,0.025478,0.0129713,0.372488,0.0755355,0.0669029,0,0.00732441
6352,6,0.0940811,0.0242113,0.0142905,0.372488,0.0732971,0.068128,3,0.0071269
6353,6,0.0437738,0.0172194,0.00831488,0.0941454,0.0386733,0.0203675,0,0.00401888
6354,6,0.0337615,0.016071,0.00660505,0.0941454,0.0360215,0.02162,0,0.00351164
6355,6,0.0265116,0.013577,0.00546959,0.0815383,0.0249784,0.0176797,0,0.00185317
6356,6,0.0204869,0.00940244,0.00406698,0.1151,0.0198078,0.014979,0,0.00198651
6357,6,0.0225549,0.010298,0.00474275,0.1151,0.0264959,0.0167022,0,0.00195478
6358,6,0.0225549,0.0103189,0.00470562,0.0600447,0.0246643,0.012047,0,0.00189766
6359,6,0.0196375,0.00895745,0.00373306,0.053422,0.0243227,0.0105737,0,0.00194198
6360,6,0.0236072,0.0112445,0.00565748,0.0946216,0.0349213,0.0171882,0,0.00163752
6361,6,0.0302114,0.0127382,0.00696161,0.0946216,0.0304786,0.0182342,0,0.0014949
6362,6,0.0302114,0.0111613,0.00603319,0.0574091,0.0230562,0.00988358,0,0.00158851
6363,6,0.0210358,0.00963501,0.00456366,0.0574091,0.0259757,0.00912022,0,0.00164686
6364,6,0.0238689,0.010978,0.0049737,0.0556887,0.0258567,0.00916403,0,0.00171198
6365,6,0.0238689,0.00931822,0.00495055,0.0556887,0.0198297,0.0109307,0,0.00159544
6366,6,0.0190001,0.00759512,0.00373049,0.043397,0.0188519,0.00893566,0,0.00141572
6367,6,0.0377911,0.010422,0.00584162,0.18024,0.0320054,0.0263496,0,0.00323073
6368,6,0.0377911,0.0108241,0.0058956,0.18024,0.0311471,0.0266256,0,0.0032994
6369,6,0.0285252,0.0110143,0.00467939,0.0534877,0.0223216,0.00746651,0,0.00184278
6370,6,0.0474884,0.0178528,0.0110297,0.141539,0.0336662,0.0237824,3,0.00236686
6371,1,0.472085,0.233937,0.088917,1.53183,0.830881,0.305154,4,0.0342936
6372,1,0.511013,0.246842,0.0891863,1.51007,0.725216,0.318867,4,0.0334803
6373,1,0.511013,0.267814,0.0953584,1.51007,0.621119,0.292937,4,0.0371771
6374,1,0.593526,0.263152,0.108303,1.50643,0.565777,0.293071,5,0.0451285
6375,1,0.593526,0.253927,0.107768,1.50643,0.555486,0.279483,4,0.0448663
6376,1,0.619789,0.24664,0.103923,1.32132,0.553927,0.229887,3,0.0434469
6377,1,0.619789,0.253122,0.0998216,1.0417,0.55874,0.208936,3,0.042125
6378,1,0.645549,0.251382,0.0954345,1.17084,0.57037,0.223011,4,0.045337
6379,1,0.645549,0.237099,0.0960208,1.17084,0.535702,0.245879,4,0.0441283
6380,1,0.54467,0.237069,0.104713,1.35082,0.667635,0.299757,3,0.0449585
6381,1,0.526808,0.248409,0.108093,1.062,0.505775,0.219726,3,0.0406614
6382,1,0.578326,0.276241,0.107775,1.05559,0.52559,0.239743,3,0.0459359
6383,1,0.578326,0.263872,0.0963731,1.10176,0.575401,0.242269,4,0.0453939
6384,1,0.507718,0.242888,0.0908296,1.21335,0.574435,0.223301,4,0.0372321
6385,1,0.528884,0.23478,0.100277,1.60667,0.883669,0.279789,4,0.0423616
6386,1,0.562282,0.248105,0.108464,1.31797,0.755208,0.249576,3,0.0474557
6387,1,0.562282,0.275314,0.104036,1.31797,0.637894,0.246861,3,0.0434044
6388,1,0.54318,0.278058,0.099973,1.19241,0.58546,0.242272,4,0.0423507
6389,1,0.54318,0.269052,0.0992798,1.19241,0.5684,0.247899,5,0.0455981
6390,1,0.532337,0.275155,0.105731,1.22064,0.558103,0.248337,4,0.0439932
6391,1,0.57801,0.287485,0.114378,1.29779,0.576024,0.249453,4,0.0457309
6392,1,0.657685,0.287833,0.123877,1.48274,0.62194,0.297972,4,0.0584211
6393,1,0.657685,0.27903,0.124206,1.48274,0.596186,0.297967,3,0.0608454
6394,1,0.682113,0.273174,0.119535,1.18105,0.538083,0.226833,5,0.0553943
6395,1,0.682113,0.280959,0.116379,1.26816,0.55334,0.23272,5,0.053606
6396,1,0.561119,0.28471,0.111246,1.26816,0.582693,0.270681,4,0.046645
6397,1,0.595987,0.275398,0.111107,1.18488,0.552896,0.267373,3,0.0438801
6398,1,0.595987,0.262666,0.114544,1.0541,0.515156,0.236978,3,0.0464671
6399,3,0.831118,0.280786,0.173444,1.28835,0.522085,0.231243,4,0.0784395
6400,3,0.863976,0.299333,0.174305,1.28901,0.547958,0.208139,2,0.0810322
6401,3,0.922826,0.296485,0.172642,2.08802,0.779248,0.368308,3,0.0798441
6402,3,0.922826,0.298822,0.182241,2.08802,0.834939,0.364144,4,0.0935771
6403,3,1.06688,0.338574,0.200028,1.94848,0.71275,0.312231,3,0.0935763
6404,3,1.06688,0.34376,0.189651,1.85613,0.829478,0.33753,4,0.082764
6405,3,0.898274,0.347589,0.167452,1.85613,0.875382,0.325114,3,0.0709632
6406,3,1.08113,0.353786,0.184417,1.56705,0.794434,0.29644,2,0.0749227
6407,2,0.695293,0.278852,0.137822,1.65101,0.8866,0.311232,6,0.0520191
6408,2,0.781976,0.260473,0.149177,1.33417,0.615653,0.272688,5,0.0635596
6409,2,0.781976,0.262548,0.146479,1.19329,0.603246,0.244507,3,0.0616019
6410,2,0.771277,0.262145,0.138064,1.19329,0.612464,0.241328,3,0.0526487
6411,2,0.912263,0.248337,0.139417,1.03118,0.531117,0.233418,3,0.0604999
6412,2,0.912263,0.253597,0.15279,1.1408,0.557129,0.220668,3,0.0741502
6413,2,0.821956,0.250688,0.150973,1.1408,0.566859,0.217096,4,0.0637815
6414,2,0.677965,0.232488,0.13201,1.11261,0.575216,0.213698,4,0.049035
6415,2,0.868619,0.238234,0.131891,1.27932,0.577603,0.205676,4,0.0642064
6416,3,0.884678,0.292884,0.170075,1.71928,0.871614,0.329524,5,0.076001
6417,3,1.00443,0.33531,0.216128,1.74037,0.718495,0.308666,4,0.095081
6418,3,1.00443,0.364237,0.209245,2.00429,0.881878,0.403827,4,0.0924546
6419,3,0.951467,0.353319,0.182053,2.00429,0.858735,0.395971,4,0.073199
6420,3,1.12665,0.360273,0.202785,2.77347,0.799956,0.399023,4,0.082328
6421,3,1.12665,0.383718,0.206885,2.77347,0.920057,0.467471,5,0.0846889
6422,3,0.943486,0.407244,0.210518,2.6083,0.937,0.43229,6,0.0786264
6423,3,1.00126,0.372671,0.228762,1.72974,0.84857,0.370513,4,0.0924682
6424,3,1.19313,0.360067,0.226722,2.32616,1.01936,0.468442,4,0.10708
6425,3,0.921785,0.34614,0.21114,2.24644,0.880671,0.390666,6,0.0851489
6426,3,0.947782,0.347892,0.200899,3.61454,0.975197,0.488155,5,0.0839734
6427,3,1.17053,0.357697,0.206223,3.61454,0.856517,0.506895,4,0.0868143
6428,3,1.17053,0.38298,0.227284,1.97394,0.821364,0.393804,3,0.0920968
6429,3,1.14049,0.389225,0.215685,2.33297,0.945805,0.410347,4,0.09923
6430,3,1.14049,0.384013,0.206036,2.33297,0.911949,0.445108,5,0.0983341
6431,3,0.984609,0.367257,0.214221,2.29901,0.8921,0.40467,5,0.0946705
6432,2,0.83677,0.27365,0.142304,1.58198,0.940855,0.260263,4,0.0623709
6433,2,0.717763,0.247992,0.140095,1.27334,0.687066,0.248261,4,0.0530022
6434,2,0.90314,0.251643,0.148815,1.15629,0.593245,0.262087,4,0.0657669
6435,2,0.90314,0.282816,0.154296,1.52504,0.64731,0.299953,4,0.0726799
6436,2,0.799244,0.28673,0.147204,1.52504,0.640934,0.285456,4,0.0620318
6437,2,0.766306,0.278137,0.14434,1.4068,0.617704,0.268269,4,0.0591771
6438,2,0.766306,0.268898,0.138962,1.4068,0.602834,0.238201,4,0.0579231
6439,2,0.705506,0.25777,0.131047,1.42575,0.598002,0.22123,4,0.0538715
6440,2,0.705506,0.258214,0.136087,1.42575,0.611756,0.257366,4,0.0576864
6441,2,0.677473,0.251724,0.132271,1.48018,0.596185,0.263607,4,0.0661249
6442,2,0.880101,0.308842,0.166392,2.08891,0.976402,0.388454,4,0.064244
6443,2,0.803397,0.287336,0.158874,1.50758,0.669718,0.315844,5,0.0668098
6444,2,0.874237,0.283726,0.165209,1.38748,0.654626,0.287323,3,0.0699999
6445,2,0.900279,0.285809,0.170841,1.43077,0.715139,0.275275,4,0.0730371
6446,2,0.900279,0.266187,0.146996,1.49778,0.64962,0.295211,4,0.0673874
6447,2,0.751274,0.273771,0.12885,1.49778,0.66221,0.267297,3,0.0479536
6448,2,0.762628,0.273758,0.141066,1.2183,0.652818,0.218817,3,0.0639691
6449,2,0.764117,0.253501,0.146922,1.24036,0.605483,0.222335,3,0.0709121
6450,2,0.764117,0.24161,0.132327,1.24036,0.579846,0.243988,3,0.0616148
6451,5,0.219634,0.0858933,0.0587159,0.663099,0.250352,0.129155,2,0.0111424
6452,5,0.0826262,0.0433865,0.0173592,0.452705,0.157003,0.100581,2,0.0054087
6453,5,0.0826262,0.0342585,0.0177455,0.475871,0.126946,0.131819,2,0.00312809
6454,5,0.0459139,0.0216404,0.00979113,0.475871,0.143697,0.12116,0,0.00258624
6455,5,0.0343569,0.0148368,0.00745705,0.325881,0.108144,0.0907491,0,0.0024303
6456,5,0.142736,0.0375703,0.0387903,0.42098,0.125191,0.110469,1,0.00505661
6457,5,0.149619,0.0657611,0.037454,0.4695,0.216675,0.107036,3,0.00610017
6458,5,0.149619,0.0551634,0.0317008,0.4695,0.217396,0.109947,1,0.00532556
6459,5,0.0827576,0.0316726,0.0214709,0.417953,0.144014,0.107912,2,0.00439863
6460,5,0.0539454,0.0214126,0.0122262,0.229282,0.0852504,0.0511497,4,0.00450338
6461,5,0.0821147,0.0241132,0.0138496,0.219723,0.0836785,0.0457873,1,0.00409986
6462,5,0.0821147,0.0276782,0.0132733,0.219723,0.0915004,0.0482474,1,0.00523024
6463,5,0.0536158,0.0232316,0.0108985,0.292376,0.0980588,0.0679128,0,0.00451798
6464,5,0.0645064,0.0198479,0.0114506,0.292376,0.0909612,0.0679953,0,0.00371588
6465,5,0.0645064,0.0148277,0.0118181,0.233266,0.0661099,0.0422877,1,0.00318107
6466,5,0.0315655,0.0107025,0.00507232,0.359251,0.0448147,0.0407549,0,0.002237
6467,5,0.0704856,0.028323,0.01435,0.183383,0.100157,0.0351663,2,0.00215102
6468,5,0.0363745,0.0200554,0.0076037,0.15203,0.0860468,0.0384264,0,0.00275916
6469,5,0.0363745,0.0163695,0.00822575,0.149618,0.0622643,0.0337656,0,0.0027885
6470,5,0.0295633,0.0129393,0.00511566,0.174725,0.0702813,0.0328862,0,0.00233234
6471,5,0.0404631,0.0124721,0.0071673,0.174725,0.0600235,0.0400723,0,0.00253343
6472,5,0.0404631,0.00959797,0.0067185,0.1352,0.026788,0.0171276,0,0.00236522
6473,5,0.0284588,0.00874827,0.00461375,0.0753222,0.0262736,0.0158449,0,0.00297882
6474,5,0.0284588,0.00989901,0.0045334,0.0917346,0.0269231,0.0202783,0,0.00280793
6475,5,0.0181988,0.00901979,0.00393711,0.0917346,0.0252106,0.0205761,0,0.0018378
6476,5,0.0340241,0.00953651,0.00527004,0.141322,0.0308119,0.0254555,0,0.00257565
6477,5,0.0340241,0.00925472,0.00519818,0.141322,0.0285653,0.0256232,0,0.00264908
6478,5,0.0473845,0.0122366,0.00939055,0.221358,0.0411982,0.042379,0,0.00401109
6479,5,0.0473845,0.0149834,0.00865874,0.221358,0.0709784,0.0446214,0,0.00409512
6480,5,0.0390968,0.0146597,0.00736421,0.196814,0.0959658,0.0453986,0,0.00307354
6481,5,0.0390968,0.0155682,0.00733192,0.196814,0.0672992,0.0559177,0,0.00303559
6482,5,0.0282617,0.0109693,0.00610638,0.0755956,0.0335457,0.0177481,0,0.00197005
6483,5,0.0219419,0.0095006,0.00460444,0.0755956,0.0408989,0.0165645,0,0.00169963
6484,5,0.0252113,0.0128978,0.00519966,0.0697411,0.0321373,0.0170666,0,0.00216546
6485,5,0.0433026,0.0134599,0.00727662,0.104817,0.0368958,0.0198202,0,0.00281218
6486,5,0.0433026,0.012548,0.00756354,0.170407,0.0509899,0.0344732,0,0.00327195
6487,4,0.132122,0.0441704,0.0331909,0.275044,0.131517,0.067116,2,0.00623774
6488,4,0.0451511,0.0191872,0.0112715,0.204518,0.0672516,0.0476786,3,0.00364097
6489,4,0.0625989,0.0145161,0.0114562,0.143845,0.0416997,0.0321026,0,0.00696044
6490,4,0.0819131,0.022539,0.0153619,0.181181,0.0566667,0.0378572,4,0.00882935
6491,4,0.0819131,0.0248574,0.0159732,0.181591,0.0701231,0.0370057,3,0.00744743
6492,4,0.0821916,0.0276585,0.0191209,0.259792,0.0867183,0.0469207,4,0.00738806
6493,4,0.0821916,0.0256912,0.0175236,0.259792,0.0658599,0.0523447,3,0.00708835
6494,4,0.034679,0.0142361,0.00753979,0.0773186,0.0225124,0.016183,0,0.00197577
6495,4,0.0244042,0.00863579,0.00466943,0.0336003,0.0124763,0.00798945,0,0.00169623
6496,4,0.0277619,0.00927729,0.00569908,0.0601527,0.0151293,0.0119929,0,0.00177619
6497,4,0.0277619,0.0117508,0.00526891,0.0601527,0.0204343,0.0120192,0,0.00199708
6498,4,0.0250241,0.010393,0.0053774,0.0585102,0.0184768,0.0102765,0,0.00211045
6499,4,0.0307372,0.0114,0.00610568,0.0585102,0.0215624,0.0122544,0,0.00238402
6500,4,0.0307372,0.0116725,0.00514112,0.0563066,0.0217049,0.0111561,0,0.0022867
6501,4,0.164844,0.0655288,0.0486332,0.706554,0.388856,0.198067,3,0.00372914
6502,4,0.0804462,0.0298756,0.0198475,0.364511,0.146266,0.0903391,2,0.00397086
6503,4,0.0644875,0.0152169,0.0115699,0.257633,0.0624228,0.0372914,2,0.00386968
6504,4,0.0353784,0.00939419,0.00593571,0.140827,0.0519487,0.0195759,0,0.00255296
6505,4,0.0353784,0.0144987,0.00749152,0.140827,0.0589909,0.0248105,0,0.00255483
6506,4,0.0314445,0.0152462,0.0071414,0.108923,0.0477504,0.0253717,0,0.00239979
6507,4,0.0306731,0.00938598,0.00634047,0.0915159,0.0237315,0.0164886,0,0.00223083
6508,4,0.0175657,0.00693905,0.00362113,0.0624577,0.015964,0.00988001,0,0.00169152
6509,4,0.0256047,0.00948887,0.00464035,0.0750502,0.0185119,0.0127594,0,0.00183879
6510,4,0.0372344,0.0138123,0.00668229,0.0750502,0.0253852,0.0163434,0,0.00283112
6511,4,0.0372344,0.0136049,0.00665438,0.0689679,0.0271751,0.0135712,0,0.00273024
6512,4,0.021602,0.00956563,0.00417932,0.0404572,0.015406,0.00929051,0,0.0015568
6513,4,0.0352219,0.00938486,0.00548144,0.0801883,0.0153921,0.0135527,0,0.00229611
6514,4,0.050561,0.0107332,0.00840075,0.114609,0.0250944,0.0226941,0,0.00324989
6515,4,0.050561,0.0129673,0.00873662,0.114609,0.0337388,0.0263021,0,0.00321079
6516,6,0.132955,0.0638282,0.0324678,0.691583,0.378509,0.139118,2,0.00446012
6517,6,0.10586,0.0290265,0.0173749,0.691583,0.230294,0.139639,1,0.00360809
6518,6,0.0507502,0.0207357,0.00836299,0.332569,0.099069,0.0779873,0,0.00190849
6519,6,0.0354321,0.0147189,0.00855986,0.0956081,0.0339073,0.0239385,0,0.00112111
6520,6,0.0408374,0.0119334,0.00807373,0.258302,0.0499481,0.05435,0,0.0025329
6521,6,0.0408374,0.01399,0.00748744,0.258302,0.0531907,0.05341,0,0.00253169
6522,6,0.0214602,0.0102834,0.00454706,0.0641015,0.0240101,0.0135515,0,0.00167758
6523,6,0.0214602,0.00922929,0.00417519,0.147405,0.0241607,0.0235451,0,0.00156663
6524,6,0.0183755,0.00823255,0.00371013,0.147405,0.0209442,0.0240603,0,0.00149125
6525,6,0.0147483,0.00634116,0.00312244,0.0475196,0.00980126,0.00762924,0,0.00137219
6526,6,0.0147626,0.00640843,0.00284338,0.0259467,0.00955214,0.00566869,0,0.00134109
6527,6,0.0152469,0.00711952,0.00279151,0.0420965,0.0127686,0.00939078,0,0.00167731
6528,6,0.0152614,0.00719965,0.00341269,0.0420965,0.0128751,0.00963194,0,0.00160225
6529,6,0.0152614,0.0067692,0.00317827,0.0492177,0.0132723,0.00959891,0,0.00154518
6530,6,0.0142963,0.00725191,0.00296371,0.0492177,0.0142932,0.00939641,0,0.00152111
6531,6,0.0142963,0.00676097,0.00299553,0.0445733,0.0121837,0.0071346,0,0.00116079
6532,6,0.0135981,0.00645434,0.00254405,0.0445733,0.0129208,0.00745161,0,0.00115244
6533,6,0.0141741,0.00686609,0.00268821,0.0317382,0.0123616,0.00664926,0,0.00137964
6534,6,0.0545872,0.0102224,0.0113818,0.235377,0.0329163,0.052338,1,0.00230245
6535,6,0.437175,0.112275,0.0835505,1.11021,0.448725,0.239546,1,0.0177344
6536,6,0.11154,0.0470883,0.0243814,0.414183,0.218778,0.0851704,3,0.00428045
6537,6,0.0700692,0.0219433,0.0141036,0.215045,0.0965533,0.0689972,1,0.00207955
6538,6,0.0277059,0.0142005,0.00638301,0.0839642,0.0448777,0.0128556,0,0.00193304
6539,6,0.029751,0.015764,0.00619212,0.0839642,0.0415599,0.0144485,0,0.0018075
6540,6,0.0374319,0.0176288,0.00764062,0.0682443,0.0410182,0.0128101,0,0.00186436
6541,6,0.0374319,0.0169501,0.00791803,0.0682443,0.0390655,0.0149259,0,0.00173457
6542,6,0.0341767,0.0156694,0.00665211,0.0628738,0.0330493,0.0133321,0,0.00187182
6543,6,0.0343986,0.0153568,0.00691275,0.0664398,0.0337014,0.0167914,0,0.00216758
6544,6,0.0343986,0.016051,0.00785677,0.0666666,0.0328987,0.0170916,0,0.00225187
6545,6,0.0342216,0.0148944,0.00731932,0.0666666,0.0312261,0.0164109,0,0.0019578
6546,6,0.0289395,0.0144965,0.0063379,0.0609236,0.0289667,0.0155101,0,0.00175356
6547,6,0.0289395,0.0145995,0.00622953,0.0689754,0.0305844,0.0166932,0,0.00161033
6548,6,0.0354334,0.0158603,0.00775942,0.0689754,0.0350904,0.0169054,0,0.00145557
6549,6,0.0354334,0.0171894,0.00825664,0.0721892,0.0377724,0.0184659,0,0.00185055
6550,6,0.0323688,0.0175668,0.00801725,0.0721892,0.0369764,0.0193729,0,0.00180066
6551,6,0.0442661,0.0185657,0.00905099,0.082571,0.0396529,0.0197916,0,0.00193608
6552,6,0.0442661,0.0165331,0.0100896,0.0851093,0.0348685,0.0233845,0,0.00209858
6553,6,0.244139,0.0418837,0.0597646,0.612457,0.123429,0.168821,2,0.00887717
6554,1,0.695613,0.299556,0.125009,2.00768,1.03493,0.381219,3,0.0604983
6555,1,0.695613,0.324762,0.12978,1.69819,0.84161,0.363541,4,0.0668605
6556,1,0.61594,0.314366,0.125569,1.35113,0.69261,0.273237,4,0.0577213
6557,1,0.617619,0.30891,0.11194,1.53152,0.689848,0.313212,3,0.0466849
6558,1,0.617619,0.309365,0.12909,1.57193,0.70134,0.31656,3,0.0485089
6559,1,0.614923,0.311581,0.128247,1.57193,0.709935,0.291901,5,0.0514614
6560,1,0.634337,0.316839,0.116884,1.68671,0.776329,0.373229,3,0.0550602
6561,1,0.634337,0.309792,0.12005,1.68671,0.8011,0.395856,4,0.0574282
6562,1,0.778201,0.327901,0.125665,1.59921,0.74814,0.360178,6,0.0581384
6563,1,0.899396,0.342506,0.140238,1.9128,0.819513,0.394282,5,0.0698977
6564,1,0.899396,0.315834,0.133617,1.9128,0.820694,0.383188,4,0.0707873
6565,1,0.645365,0.291844,0.113067,1.37218,0.676033,0.300965,4,0.0600949
6566,1,0.684218,0.270114,0.119216,1.33454,0.597217,0.256713,5,0.0630992
6567,1,0.552636,0.290798,0.116183,1.81757,0.971113,0.328472,3,0.0461394
6568,1,0.875778,0.32948,0.139651,1.81757,0.924374,0.358056,5,0.0643373
6569,1,0.875778,0.324921,0.137712,1.63291,0.79023,0.328985,4,0.0666454
6570,1,0.675167,0.306379,0.115587,1.30612,0.670318,0.288331,3,0.0536509
6571,1,0.647309,0.301281,0.110962,1.36445,0.684235,0.308436,2,0.0477155
6572,1,0.831572,0.308413,0.126152,1.36445,0.757391,0.305781,4,0.0668802
6573,1,0.831572,0.312575,0.127427,1.32598,0.68801,0.309883,4,0.0669671
6574,1,0.670197,0.315622,0.118048,1.29124,0.663748,0.313565,4,0.0553004
6575,1,0.670197,0.300497,0.120389,1.29124,0.656064,0.287903,3,0.051722
6576,1,0.56962,0.282993,0.118058,1.60501,0.640043,0.317182,4,0.0472329
6577,1,0.78208,0.288081,0.125681,1.60501,0.63906,0.317695,3,0.0613687
6578,1,0.78208,0.284111,0.114062,1.27527,0.631434,0.283062,3,0.0590028
6579,1,0.68918,0.281883,0.104834,1.30521,0.654999,0.284037,4,0.0563482
6580,3,1.03588,0.369124,0.213794,1.71234,0.732124,0.354791,3,0.0808341
6581,3,1.03588,0.362522,0.208058,1.55987,0.739517,0.316277,4,0.0870773
6582,3,0.919165,0.348466,0.179324,2.02667,0.815301,0.38711,4,0.0797937
6583,3,0.919165,0.370781,0.194435,2.02667,0.837594,0.437904,4,0.0883062
6584,3,1.09851,0.397447,0.214976,2.0015,0.861368,0.410832,5,0.0885626
6585,3,1.09851,0.387274,0.206893,1.78071,0.884619,0.356147,4,0.0820505
6586,3,1.20683,0.412542,0.2235,3.06302,0.916893,0.436558,4,0.102216
6587,3,1.20683,0.445422,0.252614,3.06302,0.926923,0.444024,4,0.113229
6588,3,1.06353,0.411742,0.239126,2.82189,1.06161,0.490079,5,0.0965588
6589,3,1.09578,0.427136,0.230758,2.2591,0.942511,0.495674,5,0.0937911
6590,3,1.18437,0.414866,0.232571,2.2591,1.02077,0.539235,4,0.0975627
6591,3,1.18437,0.423792,0.23714,2.19022,1.01735,0.502595,4,0.106059
6592,3,1.18478,0.417024,0.237465,2.47895,0.944435,0.444088,5,0.108861
6593,3,1.18478,0.397689,0.218168,2.48226,0.962819,0.41692,4,0.100205
6594,3,1.15612,0.412609,0.219271,2.48226,0.988499,0.409696,5,0.0905842
6595,3,0.990652,0.436281,0.21974,2.44044,1.14702,0.530929,5,0.0982501
6596,3,1.11925,0.48252,0.234201,2.44044,1.18454,0.496846,4,0.0992513
6597,3,1.11925,0.449555,0.204439,2.39684,1.18026,0.477855,4,0.0867506
6598,3,1.13931,0.427311,0.225618,3.00784,1.06094,0.529413,3,0.0947933
6599,3,1.13931,0.436018,0.25245,3.38146,1.03923,0.582439,5,0.104349
6600,3,1.09404,0.428015,0.224283,3.38146,1.08331,0.534464,5,0.108923
6601,3,1.21166,0.482499,0.2534,2.725,1.20531,0.476299,4,0.115881
6602,2,0.80511,0.294593,0.152896,1.66697,0.996205,0.324018,5,0.0622011
6603,2,0.863822,0.301956,0.149747,1.65951,0.823288,0.313673,6,0.0689369
6604,2,0.863822,0.299345,0.14356,1.50374,0.762962,0.275016,4,0.0676301
6605,2,0.708821,0.29363,0.130721,1.56462,0.803243,0.272795,5,0.0494347
6606,2,0.708821,0.286583,0.136367,1.56462,0.725498,0.283631,7,0.0531354
6607,2,0.84442,0.309059,0.163935,1.78987,0.655332,0.285749,4,0.0682896
6608,2,0.867246,0.318433,0.164795,1.78987,0.651855,0.305408,4,0.073589
6609,2,0.867246,0.277119,0.135188,1.46789,0.684073,0.275063,4,0.0588674
6610,2,0.911441,0.305846,0.147026,1.87587,1.03685,0.363265,4,0.0714264
6611,2,0.883245,0.317005,0.169143,1.87587,0.864696,0.36325,4,0.0765988
6612,2,0.883245,0.311938,0.169995,1.56826,0.761881,0.316157,5,0.0798306
6613,2,0.730736,0.280701,0.130681,1.56826,0.712904,0.305867,3,0.0583507
6614,2,0.629411,0.280759,0.114744,1.42149,0.644831,0.253207,3,0.0477938
6615,2,0.629411,0.292328,0.132891,1.7469,0.676956,0.297224,5,0.0518651
6616,2,0.747769,0.300664,0.144849,1.98551,0.774806,0.344395,5,0.0640479
6617,2,0.78194,0.296272,0.156752,1.98551,0.804311,0.345047,4,0.0735286
6618,2,0.892567,0.322542,0.161672,2.00371,1.09379,0.29908,5,0.0657954
6619,2,0.760516,0.303611,0.152452,1.49149,0.93275,0.284786,4,0.0484876
6620,2,0.931496,0.315422,0.163304,1.62191,0.843258,0.305739,4,0.0720262
6621,2,0.931496,0.32548,0.169585,1.62191,0.775353,0.337513,5,0.0786793
6622,2,0.702745,0.308319,0.158576,1.57964,0.733227,0.314606,6,0.0623726
6623,2,0.702502,0.303382,0.146328,1.49609,0.759146,0.300594,4,0.0613786
6624,2,0.738164,0.292933,0.147772,1.49609,0.750044,0.29024,4,0.0709145
6625,5,0.0685507,0.0226719,0.0118362,0.332014,0.10404,0.0796701,2,0.00409473
6626,5,0.0390036,0.012341,0.00862464,0.153856,0.0474915,0.0329719,0,0.0033816
6627,5,0.0155576,0.00640976,0.00295298,0.052228,0.0261958,0.00946261,0,0.00142552
6628,5,0.0155576,0.00588802,0.00299487,0.0477806,0.0183504,0.00860599,0,0.00177532
6629,5,0.01568,0.00509665,0.00256876,0.0312636,0.0110648,0.00605421,0,0.00176519
6630,5,0.0191024,0.00599469,0.00374986,0.0662069,0.0118265,0.0115708,0,0.00225871
6631,5,0.0344053,0.0096353,0.0066183,0.0930138,0.023055,0.0205301,0,0.00250507
6632,5,0.0344053,0.00994686,0.00612576,0.0930138,0.0243295,0.0188717,0,0.00189331
6633,5,0.0145852,0.00693691,0.00324934,0.0441743,0.0145624,0.00945615,0,0.00149677
6634,5,0.0228424,0.00749967,0.00426876,0.050422,0.0144699,0.0090372,0,0.00185885
6635,5,0.0228424,0.00776174,0.004251,0.050422,0.0147472,0.00935406,0,0.00199516
6636,5,0.0208517,0.00725436,0.00427485,0.0338082,0.0130751,0.00643474,0,0.00195935
6637,5,0.0452243,0.010768,0.00816677,0.156673,0.0269258,0.0285095,0,0.00331496
6638,5,0.0642945,0.0160341,0.0124275,0.191459,0.0551076,0.0448095,2,0.00390499
6639,5,0.0642945,0.0159158,0.0113187,0.191459,0.0526241,0.0454743,1,0.00334001
6640,5,0.0284802,0.0132595,0.00620179,0.188937,0.0307353,0.0263467,0,0.00210008
6641,5,0.0284802,0.0116149,0.00671011,0.0529345,0.0193976,0.0122183,0,0.00221321
6642,5,0.0927998,0.0379216,0.0260598,0.145304,0.05353,0.0251773,2,0.00286794
6643,5,0.0336913,0.0109962,0.00689662,0.0732093,0.0354692,0.0163964,0,0.00173901
6644,5,0.019024,0.00714652,0.0035532,0.0463459,0.0175536,0.00952808,0,0.00172972
6645,5,0.0195608,0.00707579,0.00363306,0.0387333,0.0123404,0.00707707,0,0.00156553
6646,5,0.0195608,0.00649706,0.0034964,0.0387333,0.0118294,0.00655452,0,0.0015726
6647,5,0.0154451,0.00544061,0.00288788,0.0250335,0.00992052,0.00474881,0,0.00160678
6648,5,0.0138376,0.00544979,0.00252804,0.0411042,0.0119797,0.00800237,0,0.00149261
6649,5,0.0166074,0.00575595,0.00284518,0.0411042,0.0129918,0.00811429,0,0.00123606
6650,5,0.0166074,0.00541838,0.00279516,0.0281294,0.0109429,0.0057209,0,0.00126688
6651,5,0.0201099,0.00700607,0.00359011,0.0272782,0.0105465,0.00539322,0,0.00164843
6652,5,0.0216633,0.0076191,0.00376101,0.0260748,0.0106189,0.00493479,0,0.00209352
6653,5,0.0216633,0.00711724,0.00405114,0.0321334,0.0118029,0.00558721,0,0.00189319
6654,5,0.018103,0.0084183,0.00459204,0.048939,0.0180151,0.0103769,0,0.00155091
6655,5,0.0296961,0.010729,0.00573044,0.048939,0.0205575,0.0112361,0,0.00172961
6656,4,0.292091,0.0824201,0.070349,0.236804,0.131969,0.031079,1,0.00622087
6657,4,0.0995902,0.0336746,0.023457,0.236804,0.0970038,0.0536424,4,0.00617979
6658,4,0.0479926,0.0128215,0.00818626,0.0827683,0.0414198,0.018249,0,0.00221269
6659,4,0.0279483,0.00959332,0.0052478,0.0467895,0.0229191,0.0104333,0,0.00169738
6660,4,0.0157067,0.00694218,0.00288061,0.0317778,0.012725,0.00624491,0,0.00152072
6661,4,0.0123756,0.00516566,0.00205282,0.0168345,0.00857427,0.00306629,0,0.00135086
6662,4,0.0174806,0.00539148,0.00241208,0.0140798,0.00796034,0.00278249,0,0.00141998
6663,4,0.0174806,0.00566635,0.00265663,0.0140798,0.00722186,0.00302125,0,0.00152491
6664,4,0.0122304,0.00465827,0.00239444,0.0157353,0.00683206,0.00321884,0,0.00135694
6665,4,0.0139673,0.00512624,0.00276413,0.0157353,0.00641389,0.00315541,0,0.00160721
6666,4,0.0287273,0.00724907,0.00531627,0.0546137,0.0110545,0.00988618,0,0.00204026
6667,4,0.0287273,0.00961213,0.00580958,0.0546137,0.0187591,0.0126107,0,0.00204503
6668,4,0.021792,0.0095271,0.00430978,0.0486065,0.0176424,0.0112255,0,0.00177608
6669,4,0.0183174,0.00707593,0.00332538,0.0339797,0.0103448,0.00665855,0,0.00162109
6670,4,0.018445,0.00557457,0.00282286,0.0132273,0.00640336,0.00254423,0,0.00175937
6671,4,0.267956,0.0761751,0.0710862,0.536976,0.364771,0.0890887,2,0.00499186
6672,4,0.0330022,0.0167932,0.0101745,0.359317,0.21353,0.0848074,0,0.00129704
6673,4,0.0147149,0.00628395,0.00327809,0.202399,0.0897895,0.0568013,0,0.00140539
6674,4,0.0238891,0.00664226,0.00409349,0.072732,0.0302889,0.0151756,0,0.00190428
6675,4,0.0238891,0.00714894,0.00398761,0.0506667,0.0219087,0.00713825,0,0.00193164
6676,4,0.0126364,0.00583802,0.00240029,0.0379937,0.0230505,0.00666019,0,0.00140687
6677,4,0.0158054,0.00651553,0.00285484,0.0379937,0.0173001,0.00857251,0,0.00145208
6678,4,0.0186873,0.00744213,0.00353186,0.0359441,0.0119717,0.00618701,0,0.00179253
6679,4,0.0186873,0.00637241,0.00365563,0.0359441,0.0112663,0.00590532,0,0.00184122
6680,4,0.0180595,0.0063541,0.00362531,0.03993,0.012158,0.007594,0,0.00177041
6681,4,0.0180595,0.00705285,0.00329107,0.03993,0.0120302,0.00777117,0,0.00157447
6682,4,0.0203738,0.00713146,0.0038239,0.190274,0.0172974,0.0271302,0,0.00177864
6683,4,0.0220193,0.00818371,0.00482764,0.190274,0.0268315,0.0284816,0,0.00223926
6684,6,0.0932148,0.0462186,0.0290603,0.493247,0.257878,0.0962239,1,0.00189626
6685,6,0.0622938,0.0172593,0.0145943,0.24511,0.12169,0.0646332,0,0.00123935
6686,6,0.0195287,0.00827246,0.00490828,0.115994,0.0409803,0.0325917,0,0.00147005
6687,6,0.0123332,0.00544026,0.00235255,0.0289026,0.0148625,0.00559178,0,0.00140291
6688,6,0.0108424,0.00503084,0.00189906,0.0254581,0.0163496,0.00450409,0,0.00133816
6689,6,0.0151972,0.00536316,0.00235131,0.0254581,0.0146731,0.00485501,0,0.00159939
6690,6,0.0151972,0.00560702,0.00260106,0.0187452,0.0103849,0.00408956,0,0.00160516
6691,6,0.0117422,0.00538616,0.0024633,0.0180851,0.00743246,0.00363591,0,0.00151381
6692,6,0.0113597,0.0051093,0.00240936,0.0108602,0.00585888,0.00207748,0,0.00153298
6693,6,0.0206083,0.00528195,0.00259434,0.0306545,0.00738887,0.00426295,0,0.00178347
6694,6,0.0206083,0.00556399,0.00248405,0.0306545,0.00744098,0.00424772,0,0.00178184
6695,6,0.0107701,0.00509932,0.00206818,0.0155781,0.00624092,0.00267569,0,0.00117938
6696,6,0.0145986,0.00548179,0.00253245,0.0155781,0.00628732,0.00298175,0,0.00145303
6697,6,0.0145986,0.00560393,0.00254849,0.0192201,0.00623311,0.00330115,0,0.00155699
6698,6,0.0128144,0.00521353,0.00246228,0.0192201,0.00597331,0.00307916,0,0.00139318
6699,6,0.0128144,0.00517203,0.00249954,0.0134102,0.00582033,0.00241634,0,0.0015457
6700,6,0.0107829,0.00501654,0.00241376,0.0131385,0.00567884,0.00245172,0,0.0015599
6701,6,0.0113781,0.00517048,0.00241933,0.0121245,0.00519993,0.00202559,0,0.00145739
6702,6,0.153993,0.0441989,0.0428805,0.407552,0.243598,0.0989922,0,0.00187007
6703,6,0.033093,0.0111201,0.00649466,0.236929,0.105122,0.062305,0,0.00190372
6704,6,0.0154764,0.00659158,0.00297853,0.0932908,0.0363772,0.0212393,0,0.00160913
6705,6,0.0128095,0.00607663,0.0025998,0.0341794,0.0223134,0.00390438,0,0.00155447
6706,6,0.0136357,0.00611632,0.00253128,0.0341794,0.0199605,0.00629429,0,0.00141311
6707,6,0.0140826,0.00681275,0.00274997,0.0303851,0.0143231,0.00591565,0,0.00132413
6708,6,0.0140826,0.00619579,0.00277869,0.0303851,0.0103315,0.00551451,0,0.00131877
6709,6,0.0128798,0.00560786,0.00252878,0.0163485,0.00723547,0.0029722,0,0.00121648
6710,6,0.0160136,0.0063846,0.002879,0.0179071,0.00643728,0.00310473,0,0.00162748
6711,6,0.0160136,0.00641553,0.00308258,0.0179071,0.00571516,0.00309763,0,0.00176929
6712,6,0.0147862,0.00584323,0.00277928,0.0131248,0.00496181,0.00228942,0,0.00175395
6713,6,0.0135297,0.00595388,0.00280055,0.0160785,0.00570794,0.0031466,0,0.00169589
6714,6,0.0139851,0.00627771,0.00281822,0.0160785,0.00667227,0.00341701,0,0.0016316
6715,6,0.0139851,0.00556359,0.0026418,0.0146134,0.00614919,0.00283271,0,0.00156009
6716,6,0.0140517,0.00536519,0.00260941,0.013028,0.00555238,0.00243376,0,0.00150145
6717,6,0.0140517,0.00592354,0.00250216,0.0124595,0.00556157,0.00238017,0,0.00156466
6718,6,0.0123587,0.00599942,0.00245871,0.0393242,0.00711128,0.00587532,0,0.00150922
6719,6,0.0126813,0.00603085,0.00250075,0.0393242,0.0072699,0.00578514,0,0.00155561
6720,6,0.0144984,0.00569108,0.0024606,0.0131566,0.00571117,0.0022914,0,0.0016222
6721,6,0.0144984,0.00527483,0.00239053,0.0131566,0.00559942,0.00242296,0,0.00154545
6722,6,0.0121265,0.00540958,0.00252079,0.0123533,0.00554773,0.00235985,0,0.00156725
6723,6,0.014871,0.00581145,0.0027355,0.0110592,0.00509347,0.00221448,0,0.00185372
6724,1,0.922349,0.307687,0.15496,1.85234,0.805085,0.328056,3,0.065381
6725,1,0.828546,0.315826,0.147698,1.61073,0.766145,0.309246,4,0.0637237
6726,1,0.831333,0.330216,0.142724,1.53883,0.719819,0.344177,2,0.0623691
6727,1,0.831333,0.343169,0.143813,1.51841,0.710595,0.35343,3,0.0656861
6728,1,0.730595,0.325971,0.136395,1.51841,0.722053,0.341434,4,0.0674423
6729,1,0.699632,0.307863,0.128163,1.43623,0.677575,0.33108,3,0.0563732
6730,1,0.745726,0.299644,0.132698,1.43623,0.641557,0.31053,2,0.0514269
6731,1,0.745726,0.294389,0.131682,1.45094,0.633897,0.31253,3,0.0535204
6732,1,0.772639,0.299272,0.128614,1.50581,0.669664,0.333561,4,0.0522111
6733,1,0.772639,0.309828,0.1264,1.50581,0.722376,0.333069,2,0.0541705
6734,1,0.712899,0.305117,0.121373,1.44734,0.70012,0.318516,2,0.0493809
6735,1,0.633928,0.295796,0.115766,1.31956,0.671037,0.310297,2,0.0408436
6736,1,0.674258,0.303477,0.121109,1.43928,0.662971,0.316892,2,0.0465278
6737,1,0.776735,0.31254,0.130604,1.7643,0.75739,0.347022,2,0.0459833
6738,1,0.776735,0.321884,0.136403,1.47971,0.736031,0.355564,3,0.0512537
6739,1,0.746355,0.321249,0.138799,1.41541,0.72243,0.349193,5,0.0600506
6740,1,0.746355,0.327748,0.137657,1.41541,0.687315,0.323026,4,0.0649795
6741,1,0.793545,0.33483,0.140664,1.41805,0.670802,0.318854,3,0.0706862
6742,1,0.793545,0.318589,0.142362,1.41805,0.684647,0.322992,4,0.0681366
6743,1,0.741814,0.290499,0.1321,1.51306,0.660078,0.309365,3,0.0492596
6744,1,0.738987,0.27992,0.120595,1.51306,0.617032,0.314496,3,0.0450534
6745,1,0.738987,0.292538,0.126173,1.47108,0.627272,0.348707,3,0.0494048
6746,1,0.733226,0.302919,0.122931,1.49285,0.663662,0.345769,3,0.0459564
6747,1,0.642049,0.299915,0.120849,1.49285,0.664367,0.325163,3,0.051817
6748,1,0.642049,0.293845,0.118509,1.32345,0.638442,0.320967,3,0.0471633
6749,1,0.710366,0.292286,0.120166,1.30295,0.620659,0.304992,3,0.0494615
6750,3,1.00828,0.374634,0.202761,1.21985,0.614022,0.23274,5,0.0971383
6751,3,0.971464,0.366245,0.20109,2.46998,0.832272,0.544217,4,0.0884651
6752,3,1.05324,0.355002,0.202631,2.46998,0.973744,0.543375,4,0.0903624
6753,3,1.05324,0.356684,0.202237,1.79874,0.770848,0.334071,4,0.0908116
6754,3,1.0135,0.352941,0.209001,2.74861,0.90424,0.551543,4,0.0958688
6755,3,1.0135,0.339564,0.202117,2.74861,0.947689,0.531866,4,0.091673
6756,3,0.998909,0.306119,0.178029,1.35595,0.744547,0.210679,4,0.0853247
6757,3,0.998909,0.30154,0.182808,1.23862,0.687889,0.210054,4,0.0828361
6758,3,0.969344,0.374835,0.192592,1.63049,0.804768,0.295512,4,0.094905
6759,3,0.969344,0.378892,0.200313,1.30513,0.70699,0.223445,5,0.0839678
6760,3,0.92505,0.377799,0.197352,2.73139,1.02531,0.616244,4,0.0762712
6761,3,1.00277,0.37397,0.200068,2.73139,1.06258,0.610904,5,0.086956
6762,3,1.00277,0.395537,0.211565,2.04518,0.928352,0.444475,6,0.0897357
6763,3,1.01337,0.409805,0.224357,2.04518,1.00096,0.423735,6,0.0938873
6764,3,1.01337,0.372571,0.215053,2.02958,0.840629,0.275578,5,0.093739
6765,3,0.961769,0.338774,0.181449,1.29048,0.691303,0.227416,4,0.0837553
6766,3,1.15303,0.45359,0.219305,1.43168,0.792591,0.288286,6,0.111913
6767,3,1.06969,0.382321,0.21558,2.72946,0.859081,0.484033,5,0.103818
6768,3,1.06969,0.371243,0.222882,2.90272,1.06421,0.633258,5,0.102275
6769,3,1.05809,0.415913,0.213271,2.90272,0.972424,0.527685,5,0.0801775
6770,3,1.40631,0.379207,0.25077,1.97622,0.931845,0.365919,4,0.118361
6771,3,1.40631,0.356212,0.238536,1.97622,0.92128,0.402588,4,0.119379
6772,3,0.995949,0.393479,0.208017,1.66373,0.771472,0.305688,5,0.0968298
6773,3,0.995949,0.383525,0.210801,1.3811,0.716475,0.245827,4,0.0906053
6774,2,1.01122,0.358869,0.156428,1.80822,0.950877,0.426218,4,0.061449
6775,2,0.818872,0.319126,0.155946,1.71551,0.855071,0.422099,4,0.0629398
6776,2,0.908142,0.305707,0.169545,1.71551,0.883196,0.436418,4,0.0679098
6777,2,0.915909,0.329092,0.171675,1.7698,0.982193,0.440839,4,0.0634892
6778,2,0.915909,0.34002,0.174704,2.18512,0.985445,0.45715,4,0.0590678
6779,2,0.901018,0.35855,0.177699,3.22265,1.14003,0.771777,4,0.0629542
6780,2,0.901018,0.344442,0.150847,3.22265,1.16207,0.735776,4,0.0529422
6781,2,0.85224,0.312207,0.132745,2.01317,1.00241,0.371766,4,0.0445001
6782,2,0.85224,0.31881,0.163193,2.01317,0.923617,0.41209,4,0.0592558
6783,2,0.945218,0.397651,0.169526,2.26532,1.07678,0.473628,4,0.0637932
6784,2,0.770561,0.372759,0.162088,1.96516,1.07215,0.394727,5,0.059123
6785,2,0.801125,0.365047,0.183679,2.90052,1.24245,0.52872,4,0.0559186
6786,2,0.801125,0.357951,0.183621,2.90052,1.13046,0.573622,4,0.0555682
6787,2,0.909345,0.358619,0.182508,2.9007,1.0853,0.629152,4,0.0714102
6788,2,0.909345,0.360938,0.174475,2.9007,1.06931,0.631177,4,0.0734408
6789,2,0.920065,0.340412,0.166155,2.16693,0.909864,0.365802,4,0.0639963
6790,2,0.920065,0.327198,0.17885,2.39978,0.982173,0.437651,5,0.0654601
6791,2,0.976244,0.359627,0.192579,1.79019,1.00703,0.376282,4,0.084757
6792,2,0.976244,0.356363,0.20306,1.71523,0.909346,0.383794,5,0.0888894
6793,2,0.980249,0.340815,0.188051,2.70118,0.979895,0.546018,4,0.0768526
6794,2,0.980249,0.327433,0.17416,1.69012,0.908793,0.421394,4,0.0707038
6795,2,0.87902,0.322894,0.158885,1.71378,0.876295,0.423678,4,0.0592487
6796,2,0.87902,0.307139,0.163121,2.377,0.952374,0.458748,4,0.0627804
6797,2,0.930803,0.303786,0.167976,2.377,0.92679,0.484588,4,0.0640944
6798,2,0.930803,0.287102,0.167172,1.97814,0.737074,0.377776,3,0.0750556
6799,5,0.0355769,0.016465,0.00819688,0.213348,0.0544381,0.0493701,0,0.00230132
6800,5,0.0189226,0.00776545,0.00425905,0.053887,0.0165376,0.0103749,0,0.00141963
6801,5,0.0141865,0.00492343,0.00218613,0.0216432,0.00994238,0.0042931,0,0.0013281
6802,5,0.0162335,0.00605331,0.00310842,0.0535398,0.0129035,0.00961597,0,0.00151845
6803,5,0.0162335,0.00724027,0.0034967,0.0535398,0.0180351,0.0108382,0,0.00157701
6804,5,0.0144247,0.00623334,0.00294013,0.0406359,0.0140022,0.008861,0,0.00144232
6805,5,0.0148344,0.00589698,0.00261408,0.0468485,0.0137571,0.00824544,0,0.00139573
6806,5,0.0205209,0.00711897,0.00319967,0.0468485,0.0181256,0.00896655,0,0.00172921
6807,5,0.0205209,0.00776492,0.00350321,0.0462321,0.0179747,0.00925356,0,0.00178707
6808,5,0.0196469,0.0084424,0.00389516,0.0462321,0.0175275,0.00804597,0,0.00164933
6809,5,0.0231215,0.00892856,0.00462232,0.0313475,0.015407,0.00640425,0,0.00183252
6810,5,0.0231215,0.00781477,0.0041373,0.029865,0.0118106,0.005597,0,0.00171747
6811,5,0.0156647,0.00707757,0.0028274,0.0222318,0.0101661,0.00365131,0,0.00189452
6812,5,0.0156647,0.00684245,0.00288798,0.0200542,0.00894587,0.00361924,0,0.00197022
6813,5,0.0142547,0.00623021,0.00252197,0.0200542,0.00751064,0.00313737,0,0.00172143
6814,5,0.0754417,0.0274539,0.0143368,0.161316,0.0608926,0.0375067,2,0.00195367
6815,5,0.0262404,0.0140106,0.00644779,0.0900211,0.0319262,0.0154623,0,0.00166082
6816,5,0.0412032,0.0138127,0.00907219,0.309907,0.0565287,0.0574863,0,0.00326987
6817,5,0.0412032,0.0135637,0.00922423,0.309907,0.066988,0.0577721,0,0.0032754
6818,5,0.0257288,0.00795297,0.00462605,0.131074,0.0344111,0.0288327,0,0.00165645
6819,5,0.0158224,0.00722537,0.003449,0.0622209,0.0222612,0.01116,0,0.00169097
6820,5,0.0306941,0.0112352,0.00717,0.0671351,0.029639,0.0175083,0,0.00172697
6821,5,0.0306941,0.0139824,0.00820519,0.0674041,0.0356658,0.0185607,0,0.00150531
6822,5,0.041517,0.0131908,0.0078412,0.0674041,0.0268173,0.0160637,0,0.00253395
6823,5,0.041517,0.0106071,0.0062509,0.039472,0.0183317,0.00763624,0,0.00269472
6824,5,0.0153205,0.00709029,0.00324897,0.0393412,0.0172744,0.00802132,0,0.00181751
6825,5,0.0126194,0.00598322,0.00275813,0.0393412,0.012186,0.00806921,0,0.00151094
6826,5,0.0126194,0.00543247,0.00235531,0.0179089,0.00747138,0.00374662,0,0.00147344
6827,5,0.00976578,0.00476794,0.001991,0.0270247,0.00814647,0.00478361,0,0.00132151
6828,5,0.0198239,0.00518137,0.00308095,0.0270247,0.0102022,0.00527308,0,0.00191943
6829,5,0.0198239,0.00712664,0.00364419,0.0406965,0.0108932,0.00661136,0,0.00212955
6830,5,0.0156822,0.00680023,0.00352702,0.0406965,0.010753,0.00631934,0,0.00178718
6831,5,0.0171446,0.00741034,0.00390796,0.0219034,0.00969979,0.0042076,0,0.0013422
6832,5,0.0171446,0.00794994,0.00343252,0.0194476,0.0094396,0.00427455,0,0.00148525
6833,4,0.153644,0.0421808,0.0281589,0.229804,0.0969928,0.0299487,0,0.00302711
6834,4,0.0614541,0.0189381,0.0170425,0.113866,0.0596799,0.0226389,1,0.00200127
6835,4,0.0180307,0.00689883,0.00396431,0.0601794,0.0259124,0.0155942,0,0.0018015
6836,4,0.0124942,0.00514485,0.00266711,0.0336839,0.0111196,0.00652373,0,0.00135287
6837,4,0.0155919,0.00535712,0.00277509,0.0189716,0.00904455,0.00348448,0,0.00149443
6838,4,0.0155919,0.00572246,0.0028529,0.023153,0.0102431,0.00491681,0,0.00146066
6839,4,0.0284681,0.00836784,0.00545903,0.046699,0.0160814,0.00842814,0,0.00216026
6840,4,0.0284681,0.00890238,0.00580583,0.046699,0.016017,0.00851135,0,0.00246894
6841,4,0.0196142,0.00745569,0.00382095,0.046041,0.014027,0.00764683,0,0.00186755
6842,4,0.0157734,0.00700119,0.00301135,0.046041,0.0142156,0.00862632,0,0.0015694
6843,4,0.0142695,0.00605953,0.0028542,0.0329908,0.0110121,0.00650118,0,0.00161469
6844,4,0.015387,0.00549653,0.00277219,0.0211949,0.00850849,0.004146,0,0.00131208
6845,4,0.015387,0.00517467,0.00253099,0.0238768,0.00857784,0.00480783,0,0.00156045
6846,4,0.0170101,0.00566732,0.00281292,0.0238768,0.00886496,0.00472221,0,0.00195042
6847,4,0.0170101,0.00604636,0.00272449,0.0195897,0.00791029,0.00342453,0,0.00193167
6848,4,0.0164028,0.00616001,0.00303614,0.0163326,0.00767919,0.00324108,0,0.0018194
6849,4,0.191447,0.0460151,0.0354312,0.511274,0.363221,0.0953985,0,0.00285831
6850,4,0.0534882,0.0182687,0.0127372,0.376075,0.200011,0.0926543,2,0.00173152
6851,4,0.0219732,0.00824136,0.00374813,0.176255,0.0759219,0.0499944,0,0.00171251
6852,4,0.0151728,0.00647881,0.00332746,0.0787802,0.0254176,0.0180005,0,0.00177676
6853,4,0.0150288,0.00688255,0.00295934,0.0503529,0.0237169,0.00967037,0,0.00160256
6854,4,0.0217293,0.00924855,0.00423595,0.0503529,0.023465,0.0114576,0,0.00155852
6855,4,0.0217293,0.00972452,0.00421505,0.040713,0.0147814,0.0086735,0,0.00149567
6856,4,0.01779,0.00823479,0.00301986,0.0408869,0.0148959,0.00906553,0,0.00146336
6857,4,0.01779,0.00829875,0.003093,0.0408869,0.0161009,0.00884081,0,0.00145762
6858,4,0.0190616,0.00761573,0.00331422,0.0262733,0.01381,0.00616418,0,0.00202386
6859,4,0.0190616,0.00723251,0.00322116,0.0358161,0.0126339,0.00712688,0,0.00222223
6860,4,0.015081,0.00742511,0.00333951,0.0358161,0.0109052,0.00736169,0,0.00178836
6861,4,0.015081,0.00730464,0.00337333,0.0287509,0.0111609,0.00568672,0,0.00146839
6862,4,0.0179115,0.00790221,0.0031955,0.0307794,0.0121322,0.00633627,0,0.00147294
6863,4,0.0179115,0.00829355,0.00332464,0.0307794,0.0121558,0.00764667,0,0.00151641
6864,4,0.0194318,0.00741041,0.00355335,0.0305469,0.0123869,0.00728978,0,0.00151591
6865,6,0.159646,0.0615337,0.0478896,0.476992,0.290822,0.108357,1,0.00178422
6866,6,0.0352284,0.0160754,0.00978507,0.280321,0.133848,0.0743019,0,0.00139041
6867,6,0.017912,0.0067954,0.00343612,0.120221,0.0436282,0.0338504,0,0.00143576
6868,6,0.0148261,0.00579557,0.00266056,0.0303853,0.0199598,0.00564346,0,0.00136667
6869,6,0.0148261,0.00529358,0.00257693,0.0330763,0.0227592,0.0046422,0,0.00123852
6870,6,0.0197222,0.00549457,0.00266795,0.0330763,0.0188826,0.00573981,0,0.00173518
6871,6,0.0197222,0.00544805,0.003177,0.0231228,0.0116923,0.00524432,0,0.00222544
6872,6,0.0178776,0.00535949,0.00289701,0.0186522,0.00737349,0.00321782,0,0.0019671
6873,6,0.0110987,0.00491813,0.00242175,0.0186522,0.00723911,0.00330424,0,0.00137976
6874,6,0.0115711,0.00455787,0.00204469,0.0165983,0.00703857,0.0034084,0,0.00135785
6875,6,0.0133948,0.00547381,0.00236821,0.0165983,0.00628018,0.0030732,0,0.00144561
6876,6,0.0133948,0.00583868,0.00261498,0.0157905,0.00667228,0.00253477,0,0.00151636
6877,6,0.0110921,0.00527922,0.00237815,0.0134954,0.00721602,0.00252299,0,0.00138176
6878,6,0.00998296,0.00507318,0.0020441,0.0171952,0.00683711,0.00301228,0,0.00132892
6879,6,0.0164582,0.00517657,0.0024423,0.0171952,0.00660648,0.00300381,0,0.0015603
6880,6,0.150832,0.0556036,0.0471377,0.426767,0.233698,0.092902,2,0.00295482
6881,6,0.0441803,0.0124182,0.00689075,0.21804,0.10038,0.0622479,0,0.00137402
6882,6,0.0211107,0.00884065,0.00422402,0.104036,0.0305572,0.0242401,0,0.00132779
6883,6,0.013031,0.00619454,0.00250178,0.0305893,0.0170542,0.00590018,0,0.00143705
6884,6,0.0121696,0.00523149,0.00245355,0.0305893,0.0196394,0.00415822,0,0.00141386
6885,6,0.0147885,0.00528501,0.00267771,0.0278775,0.0151678,0.00593633,0,0.00148875
6886,6,0.0154332,0.00541144,0.0029207,0.0195748,0.0094863,0.00416049,0,0.00150784
6887,6,0.0156944,0.00576284,0.00318532,0.0168861,0.00697356,0.00284243,0,0.00158309
6888,6,0.0156944,0.00521005,0.00280026,0.013699,0.00644902,0.00239868,0,0.0014611
6889,6,0.0106852,0.00489729,0.00227677,0.013699,0.00626476,0.0025022,0,0.00138156
6890,6,0.0121387,0.00530239,0.00242551,0.0125366,0.00584115,0.00241537,0,0.00150205
6891,6,0.0121387,0.00530495,0.00238946,0.0187999,0.00585178,0.00270921,0,0.00138686
6892,6,0.0107924,0.00518539,0.00218281,0.0187999,0.00625232,0.00282883,0,0.00122425
6893,6,0.0107731,0.00511953,0.00210492,0.0136135,0.00682624,0.0025083,0,0.00139507
6894,1,0.75433,0.334525,0.147768,1.69141,0.855228,0.32607,3,0.0576013
6895,1,0.75433,0.340069,0.15721,1.70223,0.786544,0.355761,4,0.0598656
6896,1,0.748508,0.312348,0.142835,1.70223,0.741758,0.336206,3,0.0510874
6897,1,0.787354,0.300634,0.142711,1.48943,0.709281,0.338706,3,0.059059
6898,1,0.952609,0.308183,0.15043,1.67787,0.665398,0.374254,4,0.0700304
6899,1,0.952609,0.315706,0.144996,1.67787,0.69166,0.388913,4,0.0643207
6900,1,0.718946,0.309522,0.137303,1.66467,0.716986,0.382947,3,0.0535234
6901,1,0.708028,0.301979,0.126822,1.66467,0.699606,0.363442,4,0.0538608
6902,1,0.679257,0.314611,0.122834,1.57906,0.6911,0.339468,3,0.0504774
6903,1,0.71233,0.324142,0.134877,1.57906,0.665013,0.3403,4,0.0486545
6904,1,0.788167,0.309749,0.144241,1.49457,0.67801,0.359942,4,0.0537365
6905,1,0.788167,0.29272,0.133077,1.49457,0.668727,0.347965,2,0.049983
6906,1,0.778154,0.287565,0.130208,1.58933,0.648644,0.335934,2,0.048649
6907,1,0.778154,0.279414,0.134687,1.58933,0.67576,0.34344,3,0.0519906
6908,1,0.798213,0.317482,0.142728,1.67233,0.80112,0.341995,3,0.0521279
6909,1,0.912631,0.350237,0.160141,1.63673,0.742727,0.350212,3,0.0706965
6910,1,0.912631,0.338931,0.160038,1.70359,0.745324,0.361642,3,0.0772475
6911,1,0.909878,0.324271,0.15572,1.70359,0.728076,0.35814,5,0.072118
6912,1,0.909878,0.323048,0.164506,1.67217,0.688169,0.368757,4,0.06883
6913,1,0.756655,0.329041,0.151779,1.69947,0.712742,0.391093,4,0.0639957
6914,1,0.789836,0.32886,0.144133,1.72473,0.775943,0.396297,5,0.0643167
6915,1,0.789836,0.320495,0.143184,1.72473,0.708772,0.382566,5,0.0623976
6916,1,0.847565,0.34028,0.152004,1.58404,0.675357,0.364078,3,0.0632561
6917,1,0.849703,0.336107,0.16184,1.79446,0.696719,0.378791,3,0.0724904
6918,1,0.849703,0.309752,0.141265,1.79446,0.688346,0.366812,2,0.0633163
6919,1,0.679892,0.295049,0.125123,1.61304,0.675982,0.349112,4,0.0457088
6920,1,0.631991,0.287018,0.121494,1.58435,0.661706,0.36761,3,0.0473703
6921,3,1.11072,0.405801,0.230267,1.2171,0.61951,0.214632,5,0.111105
6922,3,1.11072,0.398238,0.225599,1.50827,0.649874,0.243093,5,0.0998527
6923,3,0.983529,0.391029,0.204741,2.99176,0.980527,0.58641,4,0.0866014
6924,3,0.983529,0.389115,0.217871,2.99176,0.946992,0.588873,4,0.0951165
6925,3,0.938623,0.375128,0.213657,1.92333,0.802788,0.387626,5,0.0991566
6926,3,1.09835,0.381262,0.214903,1.92333,0.903943,0.396928,4,0.105367
6927,3,1.09835,0.384214,0.214022,1.66123,0.77997,0.284035,4,0.096641
6928,3,0.88107,0.386762,0.21641,1.54285,0.683039,0.273197,5,0.0898686
6929,3,0.912543,0.413552,0.20814,1.97254,0.872913,0.314151,6,0.0813547
6930,3,0.912543,0.38054,0.216287,1.31509,0.689532,0.252611,6,0.0759113
6931,3,1.09855,0.381673,0.215255,3.68686,0.998739,0.688144,5,0.0887279
6932,3,1.09855,0.404335,0.216522,3.68686,1.06895,0.651439,5,0.0929351
6933,3,1.07342,0.385239,0.220321,1.84106,0.899281,0.361567,5,0.0932392
6934,3,1.07342,0.385862,0.20895,1.84106,0.954356,0.370814,5,0.0830155
6935,3,0.793586,0.361871,0.189815,1.66448,0.805791,0.273394,5,0.0737711
6936,3,0.921589,0.360606,0.211694,1.44629,0.650158,0.245998,4,0.0950578
6937,3,1.0866,0.432335,0.209369,2.10858,0.911445,0.365359,4,0.0879362
6938,3,1.05307,0.427329,0.225479,2.10858,0.788324,0.324793,5,0.0965896
6939,3,1.05307,0.42955,0.236245,3.07529,1.01282,0.563807,5,0.0955243
6940,3,0.981902,0.398632,0.218163,3.07529,1.0035,0.575563,5,0.0891057
6941,3,1.1118,0.360933,0.216428,2.06387,0.864594,0.43718,4,0.0920464
6942,3,1.1118,0.357986,0.209141,2.06387,0.923593,0.409934,4,0.0977501
6943,3,1.03582,0.379422,0.189419,1.58052,0.788368,0.277062,5,0.0971289
6944,3,0.989733,0.373261,0.202874,1.55426,0.695103,0.244824,4,0.0921284
6945,2,0.960096,0.389454,0.201966,2.16591,1.10927,0.498812,4,0.0778266
6946,2,0.960096,0.370193,0.172559,1.9269,1.06211,0.412533,4,0.073037
6947,2,0.917082,0.351501,0.163574,3.55762,1.1706,0.685641,4,0.0619485
6948,2,0.970896,0.35577,0.184957,3.55762,1.07601,0.693152,4,0.068608
6949,2,0.970896,0.374626,0.205798,2.17286,0.900312,0.389151,4,0.0825204
6950,2,0.965242,0.385902,0.199262,2.92247,1.10136,0.637145,4,0.0811132
6951,2,0.964089,0.362707,0.179467,2.92247,1.11537,0.62764,4,0.0776675
6952,2,0.873805,0.327923,0.170319,2.24519,0.967568,0.406787,4,0.074832
6953,2,0.91903,0.389737,0.177711,2.20303,1.07065,0.390957,4,0.0653929
6954,2,0.91347,0.352196,0.194849,1.61308,0.959282,0.348539,5,0.0742498
6955,2,0.862506,0.34139,0.187435,2.54632,1.04747,0.501975,4,0.0615577
6956,2,0.935947,0.341226,0.190136,2.54632,1.00924,0.512087,4,0.0588755
6957,2,0.954801,0.370003,0.193714,3.43292,1.18278,0.780011,4,0.0646027
6958,2,0.954801,0.389971,0.18368,3.43292,1.19731,0.788752,4,0.0591447
6959,2,0.946192,0.352392,0.190269,2.41877,0.930142,0.400628,4,0.0693092
6960,2,0.946192,0.340672,0.191691,2.12591,0.945366,0.40257,5,0.0786461
6961,2,0.838305,0.350553,0.189213,1.92516,1.07684,0.380956,4,0.0553284
6962,2,0.85391,0.341633,0.192637,1.69723,0.970737,0.396316,4,0.0583596
6963,2,0.92025,0.371971,0.192679,2.9667,1.08882,0.576203,4,0.0619802
6964,2,1.01226,0.385354,0.200249,2.9667,1.08085,0.583853,5,0.0727124
6965,2,1.01226,0.366447,0.194118,2.12185,0.967832,0.447087,5,0.0722283
6966,2,0.90867,0.33631,0.17796,2.12185,0.962217,0.439353,4,0.0654031
6967,2,0.837848,0.313398,0.169417,2.29239,0.938738,0.431309,4,0.0684533
6968,2,0.901181,0.309315,0.165619,2.29239,0.929601,0.441612,4,0.0694447
6969,5,0.0944298,0.0232525,0.0146951,0.171092,0.0683382,0.0407591,2,0.00642797
6970,5,0.0434487,0.0115593,0.00671772,0.0976967,0.0382616,0.0211928,0,0.00353218
6971,5,0.0170949,0.00749563,0.00346868,0.0458137,0.0237166,0.00950943,0,0.00213091
6972,5,0.0197836,0.0095575,0.00402229,0.0476324,0.0214964,0.00782451,0,0.00146799
6973,5,0.0197836,0.00999823,0.00370528,0.0504259,0.0241579,0.0102516,0,0.00112828
6974,5,0.0257283,0.00891567,0.00470951,0.160561,0.034944,0.0271226,0,0.00177444
6975,5,0.143005,0.042799,0.0401449,0.392979,0.151964,0.118278,2,0.00461678
6976,5,0.143005,0.0765823,0.0300045,0.392979,0.230968,0.0750142,3,0.005124
6977,5,0.141831,0.0675932,0.0285432,0.387685,0.153508,0.0884486,1,0.00367311
6978,5,0.182533,0.0602522,0.0448503,0.267778,0.126276,0.0765058,1,0.00498838
6979,5,0.194197,0.0674992,0.0491101,0.466454,0.175226,0.101183,3,0.0092489
6980,5,0.0740601,0.0229369,0.0111913,0.395551,0.1577,0.0656819,0,0.00362803
6981,5,0.0513029,0.0161237,0.0106582,0.178234,0.083812,0.0517398,0,0.00270601
6982,5,0.0241554,0.00867398,0.00499208,0.119534,0.0306817,0.024786,0,0.00157005
6983,5,0.0241554,0.00746085,0.004468,0.0561079,0.01994,0.0106748,0,0.00156521
6984,5,0.0151349,0.00714656,0.00315554,0.0317576,0.0152925,0.00736068,0,0.00139783
6985,5,0.0359441,0.015012,0.00910647,0.120085,0.0369218,0.0336489,0,0.00207392
6986,5,0.0391361,0.0207598,0.00871972,0.130118,0.0689644,0.0315809,0,0.00248844
6987,5,0.0604891,0.0265886,0.0123064,0.20159,0.0781922,0.0409299,3,0.00363813
6988,5,0.0604891,0.0291973,0.0142272,0.20159,0.0599577,0.0430191,4,0.00376859
6989,5,0.052801,0.0235742,0.0121144,0.102634,0.0422705,0.0191892,2,0.00205452
6990,5,0.0333299,0.0188862,0.00755841,0.0719,0.0370745,0.0155425,0,0.00154313
6991,5,0.0323005,0.0126264,0.00674894,0.0449844,0.0247969,0.00957404,0,0.00144231
6992,5,0.0199202,0.00836285,0.00449834,0.0305582,0.0159928,0.00830777,0,0.00130918
6993,5,0.0167181,0.00591609,0.00325451,0.0278987,0.0120697,0.00649005,0,0.00149298
6994,5,0.0190095,0.00660476,0.00367993,0.0278987,0.0141348,0.00670858,0,0.00150048
6995,5,0.0190095,0.00854614,0.00352445,0.0249941,0.0122294,0.00590313,0,0.00151927
6996,4,0.221785,0.0527047,0.0583395,0.178001,0.0951745,0.0311275,0,0.00284105
6997,4,0.0284481,0.0128209,0.00670987,0.107695,0.066874,0.0209898,0,0.00127665
6998,4,0.0145255,0.00730363,0.00259272,0.0737976,0.0350666,0.0186759,0,0.00115369
6999,4,0.293921,0.0594942,0.0836703,0.407912,0.123208,0.121417,0,0.00476047
7000,4,0.391948,0.196027,0.116393,0.407912,0.201715,0.0922952,1,0.00896703
7001,4,0.391948,0.166917,0.124979,0.334108,0.155813,0.0749955,2,0.0108782
7002,4,0.162095,0.0390518,0.0282132,0.325065,0.110173,0.0448539,1,0.00728483
7003,4,0.0538605,0.0166447,0.0118626,0.121471,0.0642122,0.0270415,2,0.00237953
7004,4,0.0188846,0.00816808,0.00385742,0.0757893,0.0285591,0.0180615,0,0.00190556
7005,4,0.0151459,0.00563294,0.00295905,0.0252289,0.010642,0.00625549,0,0.00156943
7006,4,0.0151459,0.00458854,0.00245117,0.0163723,0.00719491,0.00333641,0,0.00144375
7007,4,0.0120057,0.00485031,0.0023335,0.0163723,0.00682367,0.00348831,0,0.00131287
7008,4,0.0120057,0.00494801,0.0026588,0.014376,0.00597646,0.00278084,0,0.00119161
7009,4,0.011609,0.00485428,0.00248571,0.0111158,0.00534682,0.00219496,0,0.00124943
7010,4,0.115183,0.0522094,0.0239295,0.616184,0.354943,0.129162,2,0.00452342
7011,4,0.082924,0.031682,0.0166673,0.324026,0.169328,0.0877601,1,0.00278313
7012,4,0.0630798,0.0230387,0.0114916,0.181304,0.086228,0.0367401,3,0.0040568
7013,4,0.0797895,0.0335365,0.0173123,0.181304,0.0658263,0.0360026,2,0.00421586
7014,4,0.0797895,0.02775,0.0190504,0.135115,0.0394309,0.0250265,1,0.00236224
7015,4,0.0250569,0.0107817,0.00460668,0.0409178,0.0219016,0.00739552,0,0.0013113
7016,4,0.0232948,0.0091442,0.00482499,0.0353254,0.019425,0.00591939,0,0.0016142
7017,4,0.0232948,0.00875426,0.00455088,0.0353254,0.0158016,0.00794839,0,0.00197365
7018,4,0.0183066,0.00781624,0.00391216,0.0266764,0.00986278,0.00578008,0,0.00209359
7019,4,0.0183066,0.00638444,0.00365409,0.0251298,0.00894511,0.00473049,0,0.00165687
7020,4,0.0266712,0.00754034,0.00504389,0.0423651,0.0137685,0.00881003,0,0.00185066
7021,4,0.0266712,0.00903644,0.00517135,0.0423651,0.0161635,0.00851351,0,0.00194032
7022,4,0.0214335,0.00833156,0.00420947,0.0308793,0.0120309,0.00500288,0,0.00181343
7023,4,0.0214335,0.00731829,0.0037661,0.0250899,0.0107432,0.00447854,0,0.00176244
7024,4,0.0147166,0.00626967,0.00286917,0.0250899,0.00914944,0.00443691,0,0.00124436
7025,4,0.0147166,0.005853,0.00257216,0.0154922,0.00735533,0.0028275,0,0.00105508
7026,4,0.0148122,0.00614637,0.00254848,0.0216979,0.00854282,0.00392645,0,0.00110655
7027,4,0.0148122,0.005827,0.00277103,0.0216979,0.00971358,0.00355104,0,0.0011848
7028,6,0.0905981,0.0263964,0.0174296,0.628167,0.244477,0.16825,2,0.00347426
7029,6,0.0554154,0.0159171,0.0110747,0.275193,0.095908,0.0494489,0,0.00466225
7030,6,0.0554154,0.0145021,0.0112646,0.275193,0.0750398,0.0309063,0,0.00461061
7031,6,0.0295673,0.00811904,0.00610022,0.095637,0.0578118,0.0133945,0,0.0020976
7032,6,0.0151171,0.00489061,0.00250111,0.0645586,0.036589,0.0150493,0,0.0015642
7033,6,0.0288414,0.00763922,0.00604586,0.0595104,0.0231252,0.011487,0,0.00217453
7034,6,0.0301138,0.0105923,0.00712186,0.0595104,0.0208301,0.0141898,0,0.00299221
7035,6,0.0301138,0.00835149,0.00574958,0.055171,0.0146762,0.0111839,0,0.00267533
7036,6,0.0118792,0.00546606,0.0020346,0.0168191,0.00799846,0.00323446,0,0.00134456
7037,6,0.012993,0.00559676,0.00230044,0.0150634,0.00742195,0.00314589,0,0.00141258
7038,6,0.012993,0.00570012,0.00257887,0.0264917,0.00913117,0.00464086,0,0.00150617
7039,6,0.0138429,0.00536286,0.00277242,0.0264917,0.00861367,0.00485842,0,0.00143658
7040,6,0.0138429,0.00544175,0.00289617,0.0359997,0.0075536,0.00503417,0,0.00160465
7041,6,0.0617963,0.0137236,0.0118132,0.100141,0.0239209,0.0228757,3,0.00345146
7042,6,0.0804371,0.0266919,0.0166174,0.150528,0.0495072,0.0290642,2,0.00513465
7043,6,0.0804371,0.0265285,0.0161059,0.150528,0.0468872,0.0300189,2,0.00496761
7044,6,0.0499152,0.0157955,0.00991234,0.0994446,0.0245806,0.0208781,0,0.00260399
7045,6,0.168243,0.0598942,0.0391611,0.571397,0.183205,0.117603,2,0.0114996
7046,6,0.0957144,0.0296558,0.0178898,0.238355,0.0759626,0.0453825,2,0.00653907
7047,6,0.036483,0.0176638,0.00699804,0.109729,0.0422339,0.0246811,0,0.00273305
7048,6,0.0361027,0.0128765,0.00736833,0.171155,0.03622,0.0287504,0,0.00338201
7049,6,0.0477151,0.0136573,0.0100321,0.171155,0.0382141,0.0304445,0,0.00352659
7050,6,0.0477151,0.013498,0.00888534,0.119751,0.0296511,0.021016,0,0.00273902
7051,6,0.0206309,0.00916497,0.00444529,0.0448854,0.0192769,0.0101518,0,0.00210489
7052,6,0.0327508,0.0100134,0.00535978,0.0902174,0.0225546,0.0170278,0,0.00241417
7053,6,0.0327508,0.00963897,0.00550312,0.0902174,0.0190738,0.0178938,0,0.00229248
7054,6,0.0170194,0.0059582,0.00293918,0.0207334,0.0080107,0.00387139,0,0.00124631
7055,6,0.0140495,0.00526108,0.0025223,0.0183244,0.00694218,0.00316786,0,0.00139379
7056,6,0.0326758,0.0080305,0.00617552,0.0580156,0.0145588,0.0132362,0,0.0027259
7057,6,0.0488533,0.0136765,0.00875145,0.0845492,0.0317789,0.0202536,0,0.00317389
7058,6,0.0488533,0.016895,0.00814836,0.0845492,0.0388948,0.0163156,0,0.00304621
7059,6,0.0326181,0.0143084,0.00795518,0.055496,0.0272391,0.0146723,0,0.00281463
7060,6,0.0315504,0.00843773,0.00649554,0.0490107,0.0125374,0.010616,0,0.0021117
7061,6,0.0120276,0.00507175,0.00253798,0.0135625,0.00596768,0.00276351,0,0.00142536
7062,6,0.0171253,0.00471516,0.0023853,0.0140885,0.00571756,0.00276113,0,0.00152556
7063,6,0.0171253,0.00481508,0.00243737,0.0154451,0.00687475,0.00327338,0,0.00178054
7064,6,0.0130105,0.00483424,0.00240806,0.0201834,0.00759255,0.0034797,0,0.0017618
7065,6,0.0182709,0.00630131,0.00337259,0.032829,0.0104855,0.00657044,0,0.00191106
7066,1,0.625546,0.263829,0.122503,1.91192,0.931163,0.313926,4,0.0435163
7067,1,0.625546,0.280625,0.120122,2.0573,0.952684,0.385644,4,0.0497589
7068,1,0.543473,0.262771,0.114091,2.0573,0.938248,0.409495,4,0.0468176
7069,1,0.616406,0.259061,0.106934,1.95726,0.881648,0.376787,4,0.0447567
7070,1,0.616406,0.257738,0.105032,1.7807,0.832383,0.366921,4,0.0454617
7071,1,0.576976,0.268273,0.107742,1.94921,0.821431,0.356935,4,0.043116
7072,1,0.601791,0.281377,0.113361,1.94921,0.850223,0.35733,5,0.04102
7073,1,0.638941,0.275564,0.120688,1.8491,0.86297,0.361999,5,0.0399986
7074,1,0.638941,0.263615,0.116562,1.8491,0.868417,0.368813,5,0.0424877
7075,1,0.638704,0.263213,0.114703,2.0081,0.8605,0.377149,5,0.0450052
7076,1,0.638704,0.267147,0.121847,2.0081,0.881961,0.370462,6,0.0425747
7077,1,0.572144,0.256804,0.123713,1.82611,0.902207,0.356534,6,0.0388502
7078,1,0.572601,0.251238,0.117418,1.82611,0.896217,0.344681,5,0.0415874
7079,1,0.646222,0.262698,0.11086,1.80868,0.890388,0.34749,4,0.0424065
7080,1,0.646222,0.258978,0.103447,1.74062,0.85566,0.372801,5,0.0390244
7081,1,0.577631,0.255848,0.10169,1.6527,0.836573,0.3735,4,0.0422356
7082,1,0.605226,0.236331,0.106819,1.77104,0.925089,0.413542,4,0.0372616
7083,1,0.605226,0.246277,0.111556,1.71632,0.878988,0.391222,5,0.0381159
7084,1,0.622786,0.249828,0.115938,1.71557,0.864823,0.359228,5,0.0419331
7085,1,0.622786,0.24762,0.112152,1.74483,0.842429,0.338849,5,0.0411614
7086,1,0.546833,0.250453,0.105639,1.84412,0.848914,0.363607,4,0.0372823
7087,1,0.61989,0.25283,0.104693,1.84412,0.818303,0.360867,4,0.0397226
7088,1,0.61989,0.250126,0.100818,1.56882,0.805507,0.323737,4,0.0393835
7089,1,0.551646,0.257796,0.0980329,1.7012,0.865916,0.318401,3,0.0415318
7090,1,0.551646,0.253821,0.104333,1.83112,0.867256,0.355047,6,0.0437201
7091,1,0.657032,0.268229,0.113567,1.83943,0.855101,0.380655,5,0.044248
7092,1,0.657032,0.278833,0.108787,1.83943,0.866145,0.357815,4,0.0436248
7093,1,0.557566,0.272676,0.102257,1.8156,0.875494,0.3563,3,0.0415605
7094,1,0.606155,0.274046,0.101602,1.8156,0.862758,0.377,5,0.0396409
7095,1,0.606155,0.25847,0.104356,1.87895,0.85496,0.39068,5,0.0425383
7096,1,0.64082,0.260687,0.110082,1.87895,0.862427,0.368306,4,0.0433917
7097,1,0.64082,0.27983,0.113034,1.82533,0.85289,0.342391,4,0.0441354
7098,1,0.617414,0.275314,0.107108,2.15275,0.844866,0.392078,5,0.0426329
7099,3,1.03657,0.340977,0.190166,1.65862,0.688839,0.342452,3,0.0876769
7100,3,1.03239,0.314682,0.176246,1.65862,0.73011,0.317071,3,0.0687726
7101,3,0.773076,0.286642,0.161798,2.57759,0.952915,0.556921,3,0.05761
7102,3,1.10763,0.290793,0.180126,2.57759,0.974402,0.624842,3,0.0734027
7103,3,1.10763,0.291622,0.171299,2.54895,0.797718,0.447328,3,0.0736324
7104,3,0.832543,0.287367,0.163943,1.59153,0.698827,0.318925,3,0.0602803
7105,3,0.903881,0.301303,0.156215,2.36273,0.883889,0.52725,3,0.0538707
7106,3,0.903881,0.308644,0.15448,2.36273,0.954254,0.50533,3,0.0502346
7107,3,0.80104,0.273492,0.150261,1.39003,0.724575,0.305437,3,0.0672769
7108,3,0.80104,0.279401,0.15804,1.25437,0.718287,0.279078,3,0.0762401
7109,3,0.988944,0.324024,0.191606,1.24473,0.667025,0.253496,4,0.0839059
7110,3,0.862925,0.273664,0.154053,2.09432,0.792023,0.409544,3,0.0594897
7111,3,0.862925,0.310247,0.166979,2.09432,0.790512,0.423988,3,0.0665075
7112,3,0.81406,0.289359,0.155869,1.75934,0.820851,0.389889,2,0.0521966
7113,3,0.977721,0.28222,0.169386,2.38169,0.856159,0.546209,3,0.0683911
7114,3,0.977721,0.275587,0.143312,2.67863,0.983888,0.649723,3,0.0686201
7115,3,0.810675,0.275865,0.14364,2.67863,0.919302,0.513548,3,0.0654352
7116,3,0.873444,0.280752,0.166243,2.24985,0.930087,0.427839,4,0.068113
7117,3,1.05944,0.294105,0.183713,2.24985,0.883664,0.44496,4,0.074135
7118,3,1.05944,0.290686,0.166413,1.93809,0.800851,0.367594,3,0.0777314
7119,3,0.906968,0.289284,0.170734,1.93809,0.9129,0.363292,3,0.0826651
7120,3,0.98015,0.318993,0.204075,1.80288,0.834179,0.361484,4,0.0900074
7121,3,0.984075,0.303879,0.185652,2.0426,0.728061,0.36277,3,0.0821946
7122,2,0.522996,0.269704,0.104208,1.40876,0.893258,0.273617,4,0.0294294
7123,2,0.539586,0.269969,0.102038,1.62658,0.887146,0.357436,3,0.0259825
7124,2,0.618944,0.278276,0.111234,1.62658,0.772177,0.390353,3,0.0248015
7125,2,0.618944,0.274952,0.106938,2.39861,0.865017,0.596075,3,0.0269833
7126,2,0.622002,0.267167,0.113909,2.39861,0.890851,0.592809,3,0.0318142
7127,2,0.622002,0.273063,0.113091,1.91378,0.751007,0.363472,4,0.0334194
7128,2,0.571096,0.275388,0.0943173,1.91378,0.735682,0.340863,3,0.02918
7129,2,0.588559,0.280447,0.101171,1.51885,0.664504,0.288385,3,0.0279724
7130,2,0.588559,0.27455,0.107396,1.78552,0.858597,0.436993,3,0.0279341
7131,2,0.546936,0.277382,0.100449,2.01988,0.881223,0.491255,3,0.0250188
7132,2,0.546936,0.275719,0.0946127,2.01988,0.703386,0.427039,3,0.0244894
7133,2,0.593144,0.271774,0.0975569,1.71866,0.692481,0.405059,3,0.0279294
7134,2,0.656681,0.285836,0.111792,1.54073,0.820941,0.314291,4,0.0376471
7135,2,0.662654,0.266682,0.119133,1.70309,0.772805,0.35381,3,0.0371011
7136,2,0.662654,0.275637,0.123811,1.70309,0.689283,0.394712,3,0.0352294
7137,2,0.752794,0.296519,0.118321,2.16264,0.869566,0.606374,3,0.0385433
7138,2,0.752794,0.292388,0.116416,2.16264,0.918062,0.549083,4,0.0409842
7139,2,0.556051,0.276949,0.111052,1.98596,0.76211,0.31431,3,0.0331294
7140,2,0.659218,0.274023,0.115269,1.98596,0.775553,0.369099,3,0.0335841
7141,2,0.659218,0.297646,0.10356,2.135,0.853187,0.493289,3,0.0338766
7142,2,0.595071,0.290818,0.100335,2.135,0.941544,0.450425,3,0.0298109
7143,2,0.670852,0.299522,0.115261,1.9216,0.820504,0.33744,4,0.0342592
7144,2,0.737568,0.29058,0.126198,2.25553,0.798844,0.386341,3,0.0360232
7145,2,0.737568,0.26005,0.117755,2.25553,0.732838,0.380933,2,0.0304884
7146,3,0.788415,0.305997,0.157884,1.99741,0.767218,0.357903,3,0.0640613
7147,3,0.967168,0.310882,0.163752,1.87677,0.718843,0.34431,3,0.0659781
7148,3,0.967168,0.307823,0.165231,2.43519,0.89747,0.582742,3,0.0709081
7149,3,0.921615,0.272942,0.142907,2.43519,0.867437,0.571997,3,0.0651974
7150,3,0.709443,0.272508,0.125021,1.69899,0.710386,0.295823,4,0.0516363
7151,3,0.73264,0.279215,0.131445,1.69899,0.68601,0.327335,4,0.0536531
7152,3,1.09559,0.275642,0.156755,2.52216,0.841074,0.559381,3,0.0743389
7153,3,1.1255,0.316973,0.209475,2.52216,0.991294,0.493409,3,0.086019
7154,3,1.1255,0.324508,0.191639,1.46944,0.814305,0.288445,3,0.08034
7155,3,0.942461,0.315183,0.152931,1.4301,0.760524,0.2712,3,0.0762679
7156,3,0.942461,0.319731,0.178423,1.5822,0.782331,0.276929,3,0.0751064
7157,2,0.570274,0.261925,0.101026,1.44858,0.748904,0.296457,3,0.033016
7158,2,0.590158,0.26002,0.106196,1.83813,0.688455,0.340718,3,0.0283197
7159,2,0.590158,0.259085,0.0995968,1.83813,0.649599,0.318391,3,0.0268928
7160,2,0.51382,0.243557,0.0835115,1.32806,0.600649,0.255156,3,0.022039
7161,2,0.51382,0.261796,0.0970331,1.90495,0.881021,0.494089,3,0.0236274
7162,2,0.471193,0.268211,0.0941335,1.90495,0.951278,0.473045,3,0.0250785
7163,2,0.640084,0.273828,0.104037,1.6232,0.794977,0.320535,3,0.0330723
7164,2,0.640084,0.288707,0.119182,1.6232,0.715543,0.311185,3,0.0375566
7165,2,0.630891,0.290774,0.114961,2.00055,0.776315,0.454496,3,0.033769
7166,2,0.601095,0.284869,0.112376,2.00055,0.895329,0.472624,3,0.032093
7167,2,0.716554,0.278104,0.112425,1.96947,0.784126,0.353884,3,0.0393956
7168,5,0.145055,0.0520896,0.0368148,0.247654,0.114753,0.0585246,2,0.0056571
7169,5,0.183214,0.0557256,0.0348023,0.450736,0.116206,0.0761362,2,0.0101449
7170,5,0.183214,0.046953,0.0408909,0.450736,0.0865764,0.0718003,2,0.00980001
7171,5,0.0431019,0.013411,0.00842324,0.124665,0.0444244,0.0227835,0,0.0027718
7172,5,0.0395229,0.0112883,0.00669146,0.214809,0.0458541,0.0454614,0,0.00267016
7173,5,0.0408618,0.0160648,0.010671,0.214809,0.0633899,0.0572402,0,0.0029135
7174,5,0.0856567,0.0281142,0.0215473,0.637366,0.151754,0.152431,2,0.00458691
7175,5,0.0856567,0.0336168,0.0214676,0.637366,0.212562,0.140903,2,0.00502787
7176,5,0.0664601,0.0251653,0.0155911,0.347661,0.143049,0.0900886,3,0.00358143
7177,5,0.0557878,0.0150068,0.0106803,0.250496,0.0681974,0.0486611,0,0.00251147
7178,5,0.0230412,0.0107937,0.00441521,0.0921033,0.0319674,0.0200992,0,0.0017902
7179,5,0.0303333,0.0108426,0.00616774,0.156097,0.0328874,0.0328943,0,0.00240468
7180,5,0.0303333,0.0114892,0.00653424,0.156097,0.0441934,0.0322727,0,0.00250735
7181,5,0.0253498,0.0100705,0.00495952,0.0871747,0.0408514,0.0187116,0,0.00215971
7182,5,0.0253498,0.00924105,0.00445764,0.0736122,0.0357059,0.0194116,0,0.00214379
7183,5,0.108713,0.0259513,0.018985,0.524372,0.132456,0.0983928,2,0.00509098
7184,5,0.0500397,0.0180107,0.0091434,0.360974,0.0796514,0.0458984,0,0.00364076
7185,5,0.133584,0.0341883,0.0285426,0.441801,0.149467,0.119205,3,0.00840028
7186,5,0.133584,0.0333223,0.0287339,0.441801,0.128876,0.126069,3,0.0083939
7187,5,0.0378123,0.0139474,0.00691911,0.128396,0.0431841,0.0275585,0,0.00253174
7188,5,0.140455,0.016769,0.0164879,0.450428,0.0606214,0.0622108,2,0.0127345
7189,5,0.402161,0.0537516,0.054743,1.38875,0.174679,0.225645,2,0.0312755
7190,5,0.402161,0.0894618,0.0451961,1.38875,0.224682,0.231425,2,0.0294769
7191,5,0.155982,0.0951129,0.0296068,0.476158,0.171951,0.123274,2,0.00539445
7192,5,0.155982,0.0604155,0.0444458,0.30705,0.123662,0.0714529,3,0.00486747
7193,5,0.0417415,0.0163786,0.0108444,0.173004,0.0655973,0.0454209,2,0.00199913
7194,5,0.0874987,0.0267399,0.0232139,0.397793,0.0972837,0.0860488,3,0.00319146
7195,5,0.147274,0.0533965,0.0285517,0.513086,0.194672,0.147302,2,0.00511224
7196,5,0.147274,0.0413757,0.0325773,0.513086,0.142551,0.15875,1,0.004854
7197,5,0.0522959,0.0205442,0.011085,0.156617,0.0534582,0.0286031,2,0.0026563
7198,5,0.124943,0.0273824,0.0194114,0.513355,0.107149,0.0883007,2,0.0118533
7199,5,0.130151,0.0451065,0.0251837,0.513355,0.209507,0.132192,2,0.0141523
7200,4,0.0574715,0.0215685,0.0111642,0.270318,0.14084,0.0522615,3,0.00194767
7201,4,0.0326561,0.0114447,0.0059993,0.138424,0.0706219,0.0375648,0,0.00222174
7202,4,0.0326561,0.00850386,0.00500155,0.0799034,0.0259095,0.0207336,0,0.00219476
7203,4,0.0161503,0.00607582,0.00323984,0.033856,0.0122151,0.00605626,0,0.00137586
7204,4,0.0177998,0.00630112,0.00310876,0.0401058,0.0145757,0.00849225,0,0.00151523
7205,4,0.0184321,0.00643256,0.00361585,0.0401058,0.0120212,0.00819447,0,0.00171936
7206,4,0.0184321,0.0054452,0.00301638,0.0168926,0.00719813,0.0033341,0,0.00178592
7207,4,0.0128564,0.00508164,0.00228715,0.010594,0.00599132,0.00229566,0,0.00156297
7208,4,0.0101975,0.00444644,0.00189742,0.0134207,0.00567891,0.00240021,0,0.00136104
7209,4,0.0129892,0.00480246,0.0022221,0.0159018,0.0063231,0.00292946,0,0.0015319
7210,4,0.017993,0.00619779,0.00277024,0.0467715,0.0132194,0.00933825,0,0.00152249
7211,4,0.0207939,0.00817214,0.00382023,0.058109,0.023714,0.0128253,0,0.00150358
7212,4,0.143934,0.039278,0.034101,0.512462,0.284248,0.118028,1,0.00393843
7213,4,0.041602,0.0150287,0.00908812,0.2493,0.122551,0.0723745,0,0.00188744
7214,4,0.0196967,0.00878824,0.00391708,0.123259,0.0423272,0.0316438,0,0.00149242
7215,4,0.0148305,0.00708318,0.00287321,0.0425108,0.0238424,0.00832073,0,0.00134041
7216,4,0.0155103,0.0066815,0.00258008,0.0324038,0.022154,0.00560843,0,0.00126921
7217,4,0.0155103,0.00620276,0.00276472,0.0324038,0.0175004,0.00520888,0,0.00132256
7218,4,0.0241506,0.00653085,0.00414568,0.0369114,0.0153241,0.0051027,0,0.00221913
7219,4,0.0241506,0.00724654,0.00436255,0.0369114,0.0127061,0.00623922,0,0.00232075
7220,4,0.0261491,0.00993897,0.0053969,0.0568942,0.0191361,0.0135069,0,0.00170175
7221,4,0.0261491,0.0115175,0.0052326,0.0568942,0.0214956,0.0132493,0,0.00200419
7222,4,0.0469009,0.0160961,0.00958916,0.080121,0.0241824,0.0185735,0,0.00280597
7223,4,0.0469009,0.016167,0.00983982,0.080121,0.0283609,0.016826,0,0.00250634
7224,4,0.0423627,0.0125099,0.00729198,0.0860306,0.0234043,0.0126002,0,0.00300258
7225,4,0.0423627,0.0167234,0.00951486,0.0942081,0.034017,0.022723,0,0.00333817
7226,4,0.0417242,0.0127449,0.00993545,0.0942081,0.0307279,0.0229594,0,0.00225816
7227,4,0.0210804,0.00797799,0.00436128,0.0420951,0.0179954,0.00947488,0,0.00168494
7228,4,0.0210804,0.00775873,0.00418918,0.0420951,0.0138269,0.00857496,0,0.0015839
7229,4,0.0152782,0.00657457,0.00345234,0.0345961,0.0119788,0.00675818,0,0.00143556
7230,6,0.244626,0.0618205,0.0389914,0.562303,0.21146,0.130227,4,0.0190624
7231,6,0.244626,0.0258681,0.0321959,0.356997,0.0757459,0.0696639,1,0.0187754
7232,6,0.0186737,0.00823367,0.00381685,0.0510587,0.0294264,0.00786715,0,0.00133741
7233,6,0.0162584,0.00705124,0.00284607,0.050876,0.0274503,0.00777696,0,0.00132565
7234,6,0.0192152,0.00659713,0.00324635,0.0380387,0.0215068,0.00858003,0,0.00156428
7235,6,0.0192152,0.0060219,0.00357041,0.0298435,0.0123113,0.00658611,0,0.00170879
7236,6,0.0138034,0.00525478,0.00278843,0.0218936,0.00822459,0.00417037,0,0.00145084
7237,6,0.0120808,0.00472636,0.00250179,0.0218936,0.0065936,0.00404354,0,0.00135985
7238,6,0.0143616,0.00557942,0.00308217,0.0240579,0.00814311,0.00532861,0,0.00150209
7239,6,0.0143616,0.00678072,0.00273894,0.0475547,0.0120558,0.00903837,0,0.00151339
7240,6,0.0416747,0.00983629,0.00672762,0.130864,0.0191233,0.0199,0,0.00435572
7241,6,0.0416747,0.0118615,0.0062253,0.130864,0.0235073,0.0200795,0,0.00430096
7242,6,0.0971388,0.0165438,0.0141302,0.519791,0.0703162,0.106117,2,0.00709171
7243,6,0.0971388,0.0158239,0.0144594,0.519791,0.0671251,0.10751,2,0.00717712
7244,6,0.0552636,0.0104867,0.00741238,0.134827,0.0214394,0.0233213,0,0.00367669
7245,6,0.0552636,0.0139654,0.00920536,0.134827,0.0325685,0.0267106,0,0.00492628
7246,6,0.0383715,0.0118116,0.00770861,0.10452,0.0235002,0.021795,0,0.00419019
7247,6,0.248479,0.0880447,0.0480578,0.75532,0.285137,0.154102,2,0.0127675
7248,6,0.248479,0.0689897,0.0493454,0.539493,0.142133,0.129208,2,0.0119175
7249,6,0.0664997,0.0249665,0.0164735,0.178062,0.043469,0.0308803,1,0.002292
7250,6,0.0748294,0.0181787,0.0125316,0.22442,0.0508349,0.0408938,2,0.00523386
7251,6,0.0748294,0.0178461,0.0130072,0.22442,0.0493916,0.0421392,2,0.00519781
7252,6,0.0293509,0.0118027,0.00599897,0.0606178,0.0291452,0.0123677,0,0.00223148
7253,6,0.0563711,0.0162343,0.00957929,0.178286,0.048278,0.0354255,0,0.00415037
7254,6,0.0563711,0.0139451,0.010278,0.178286,0.0392425,0.0399513,0,0.00421514
7255,6,0.016524,0.00719794,0.00319116,0.0400971,0.0138982,0.00730873,0,0.00168008
7256,6,0.0172976,0.00709921,0.0036157,0.0368712,0.0148207,0.0070607,0,0.00195261
7257,6,0.0204799,0.00829207,0.00426976,0.0368712,0.013129,0.00699129,0,0.00170418
7258,6,0.0204799,0.00713533,0.00386797,0.0288364,0.0108008,0.00395369,0,0.00124658
7259,6,0.0167774,0.00529259,0.00218175,0.0202367,0.0103493,0.00319975,0,0.00124726
7260,6,0.0167774,0.0055679,0.00273567,0.0252212,0.0104753,0.00494401,0,0.00141068
7261,6,0.0160832,0.00618461,0.00315611,0.0252212,0.0102955,0.00454003,0,0.00149253
7262,1,0.782693,0.31226,0.148327,2.02819,1.00754,0.453511,4,0.054839
7263,1,0.782693,0.315062,0.143358,1.98893,1.01272,0.466987,5,0.0582724
7264,1,0.825287,0.296674,0.14453,2.02351,1.05766,0.466424,5,0.059834
7265,1,0.825287,0.283777,0.13763,2.02351,1.06432,0.425614,4,0.0537611
7266,1,0.611747,0.275903,0.110515,1.79257,1.01979,0.368542,6,0.0379598
7267,1,0.695841,0.284121,0.118307,1.98355,1.02174,0.37752,5,0.0425888
7268,1,0.695841,0.284556,0.125555,1.98355,0.984919,0.395999,4,0.0470882
7269,1,0.687572,0.279233,0.115835,1.79695,0.977113,0.389601,6,0.0464622
7270,1,0.568977,0.276774,0.108788,2.02186,0.987462,0.408996,6,0.0492503
7271,1,0.799183,0.274578,0.126186,2.02186,0.96749,0.416151,4,0.0530634
7272,1,0.799183,0.28311,0.132091,1.89133,0.999442,0.39159,4,0.0508638
7273,1,0.692408,0.290008,0.124603,1.85355,0.980682,0.385599,4,0.0441159
7274,1,0.761908,0.298304,0.127219,1.85355,1.01849,0.415842,3,0.0429957
7275,1,0.761908,0.290813,0.129269,1.82049,1.03584,0.429974,4,0.0525077
7276,1,0.721904,0.278959,0.11735,1.79068,1.00542,0.427798,4,0.0518939
7277,1,0.644724,0.283114,0.122802,2.02761,1.01987,0.424896,4,0.050515
7278,1,0.563463,0.249632,0.125039,1.95028,0.988104,0.390276,5,0.0390541
7279,1,0.612127,0.273366,0.125222,1.86747,1.00843,0.400494,6,0.0422601
7280,1,0.735612,0.304836,0.127261,2.06421,1.03587,0.427287,5,0.0508765
7281,1,0.73934,0.319414,0.140897,2.25534,1.03611,0.408453,5,0.0624821
7282,1,0.915798,0.326152,0.159069,2.25534,1.07235,0.392167,3,0.0721923
7283,1,0.915798,0.32597,0.151857,2.07882,1.07674,0.437188,4,0.0681232
7284,1,0.701799,0.313434,0.130215,2.07882,1.05429,0.47635,5,0.056352
7285,1,0.703438,0.318414,0.136018,2.27129,1.08808,0.491442,6,0.0619693
7286,1,0.842615,0.3095,0.139445,2.27129,1.02408,0.466344,5,0.0714255
7287,1,0.842615,0.296847,0.128035,2.04698,0.992216,0.42664,4,0.0643935
7288,1,0.705318,0.30494,0.125435,2.10026,1.07019,0.425923,4,0.05074
7289,1,0.705318,0.309907,0.119285,2.10026,1.11723,0.431203,5,0.0439825
7290,1,0.708296,0.307854,0.121754,2.01599,1.11759,0.446702,5,0.0461537
7291,1,0.708296,0.299311,0.127291,1.9394,1.0938,0.439475,6,0.0546349
7292,1,0.664197,0.300825,0.124841,2.2664,1.0489,0.427543,5,0.0550593
7293,1,0.664197,0.29194,0.126283,2.2664,0.970275,0.397204,4,0.048317
7294,3,0.873342,0.314576,0.152089,1.52856,0.686687,0.306801,3,0.0747116
7295,3,0.961988,0.344867,0.168212,1.52856,0.779373,0.280131,3,0.0733738
7296,3,1.20522,0.328103,0.197684,2.14897,0.935931,0.470664,3,0.0919262
7297,3,1.20522,0.325476,0.208532,2.14897,0.973712,0.495407,3,0.097431
7298,3,0.997958,0.336944,0.184557,1.63234,0.799327,0.33649,3,0.0771413
7299,3,0.843651,0.357284,0.168113,2.54145,0.983069,0.508379,4,0.0582021
7300,3,1.15232,0.34514,0.196006,2.54145,1.10782,0.502759,3,0.0697496
7301,3,1.15232,0.323771,0.208601,1.94205,0.91309,0.369525,3,0.0841739
7302,3,1.18779,0.333581,0.201709,1.79337,0.826544,0.311336,4,0.0911826
7303,3,1.44753,0.40347,0.22824,2.07597,0.94931,0.456209,4,0.102042
7304,3,1.44753,0.426873,0.231872,2.07597,0.912682,0.444238,3,0.10328
7305,3,1.1141,0.41435,0.201739,2.58986,1.01426,0.569432,5,0.0926198
7306,3,1.1141,0.377446,0.205455,2.58986,1.02631,0.58798,4,0.0891788
7307,3,1.00048,0.371919,0.19321,1.86294,0.804586,0.380348,3,0.0753352
7308,3,1.26877,0.405401,0.205776,2.49684,1.01957,0.511415,4,0.0912392
7309,3,1.26877,0.407029,0.224762,2.49684,1.1726,0.475729,2,0.0905855
7310,3,1.2353,0.370433,0.209888,1.75876,0.942523,0.346508,3,0.0853462
7311,3,1.09954,0.365711,0.212484,1.77519,0.85432,0.316588,4,0.0935919
7312,3,1.20998,0.459201,0.236879,2.3323,1.00143,0.453487,4,0.104105
7313,3,1.13169,0.449068,0.233286,2.05397,0.841792,0.3938,4,0.105009
7314,3,1.09249,0.409721,0.212173,3.36042,1.06096,0.757977,4,0.0951356
7315,3,1.10102,0.394066,0.207817,3.36042,1.04437,0.744007,4,0.0849221
7316,3,1.10102,0.367192,0.191982,1.83453,0.841681,0.321121,4,0.078149
7317,3,1.13698,0.354916,0.171252,2.26824,0.94081,0.362042,3,0.0910404
7318,3,1.14369,0.376778,0.196883,2.26824,1.03436,0.395211,3,0.0950196
7319,3,1.17619,0.384285,0.225278,1.86851,1.06899,0.361084,4,0.0903542
7320,3,1.17619,0.373795,0.222938,1.86851,0.99759,0.361851,4,0.0980116
7321,3,1.31642,0.392305,0.237376,2.05188,1.00583,0.389868,4,0.111837
7322,2,0.726422,0.330614,0.142786,2.07044,0.941416,0.415841,3,0.0433148
7323,2,0.756329,0.33202,0.154125,2.07044,0.881331,0.433254,4,0.0441094
7324,2,0.815035,0.333877,0.153645,2.61056,0.990133,0.633537,4,0.0484331
7325,2,0.815035,0.345091,0.145984,2.61056,1.01736,0.653996,4,0.0484976
7326,2,0.846121,0.339509,0.148021,2.28814,0.885517,0.474441,4,0.0534317
7327,2,0.846121,0.318131,0.147992,2.21322,0.876565,0.430147,3,0.0505678
7328,2,0.821336,0.305966,0.145445,2.06044,0.950488,0.457677,3,0.0451512
7329,2,0.821336,0.312999,0.147868,2.34676,1.00538,0.505081,3,0.0475221
7330,2,0.830393,0.313795,0.141637,2.34676,0.944102,0.484978,4,0.0542431
7331,2,0.882461,0.313189,0.138155,2.13125,0.821857,0.456036,3,0.0605856
7332,2,0.714593,0.307717,0.133141,2.33575,0.934289,0.475679,4,0.0358197
7333,2,0.721704,0.281104,0.130371,1.96878,0.783793,0.400133,3,0.0412465
7334,2,0.721704,0.310955,0.153994,1.77796,0.769741,0.386187,4,0.0453501
7335,2,0.866992,0.326766,0.14079,2.97152,1.05601,0.700326,3,0.0469076
7336,2,0.866992,0.323016,0.148582,2.97152,1.09204,0.68801,3,0.0507786
7337,2,0.815454,0.332504,0.156846,1.90755,0.854783,0.455864,4,0.0465125
7338,2,0.747444,0.334448,0.150718,1.90755,0.855224,0.437926,4,0.0480102
7339,2,0.728169,0.318085,0.145263,1.89634,0.783054,0.434361,3,0.0478419
7340,2,0.698325,0.299126,0.125852,2.21204,0.869141,0.470021,3,0.0404177
7341,2,0.698271,0.296367,0.123852,2.21204,0.901815,0.457792,3,0.0384881
7342,2,0.893437,0.325007,0.151679,2.51083,1.05082,0.449235,4,0.0553332
7343,2,0.867247,0.322878,0.144621,2.09961,0.865207,0.437965,4,0.0545194
7344,2,0.879635,0.335702,0.157383,2.1201,0.90013,0.500916,4,0.0587065
7345,2,0.879635,0.335944,0.141933,2.41196,1.114,0.629229,3,0.0491334
7346,2,0.907375,0.341647,0.149562,2.51759,1.16117,0.625762,3,0.0557712
7347,2,0.907375,0.33417,0.168714,2.51759,0.950279,0.474871,3,0.0653405
7348,2,0.844808,0.322742,0.158618,2.05098,0.943699,0.447425,3,0.0565031
7349,2,0.832523,0.343636,0.156748,2.58593,1.01144,0.510131,4,0.0503718
7350,2,0.8192,0.344144,0.151775,2.58593,0.997776,0.529093,4,0.0480493
7351,2,0.86068,0.32825,0.14378,2.46292,0.873067,0.484581,4,0.0581627
